keyword,title,price,rating,reviews,platform,delivery,thumbnail
Smart Phone,Vivo Y31 5G Mobile Phone,27999.0,4.6,89,Croma,Free Delivery,https://encrypted-tbn1.gstatic.com/shopping?q=tbn:ANd9GcQCWMPWTArLgMgPk7t4uz8h2WDLKB3cklSkYi54c0LfzC9E-xJTRw6naboMXjOMtqr48L5RNfH_uDZQNgdJxD1SLzmvgpJOGKXlHK28MDISnlhedNZeMjqNpw
Smart Phone,OnePlus N6 5G Smartphone,26999.0,4.7,144,Amazon,Free Delivery,https://encrypted-tbn0.gstatic.com/shopping?q=tbn:ANd9GcSdyMzMI4UbYynXWGVHTbJ-Uqp2wuSBtG6C1DVHHn5JHXaXpI-Vpn2hMvzKmwjc1hCebSw96gr4rKNmCdPMLRw2VwqhAhhYjIVHZuutSQmq5P9CIexv5_bT
Smart Phone,Apple iPhone 17 Pro,134900.0,4.6,11000,Apple,Free Delivery,https://encrypted-tbn1.gstatic.com/shopping?q=tbn:ANd9GcSs5Ln82tcK-xB1HdbuWillg3agWICaCWvS-yv10PAQ7COun6y2wLie1ClTfVwL0N2KZyie5_ySOhgFcBxD850jBp4RckudhKUl_ODJm5R9h1rNYca8YzV667aG
Smart Phone,Samsung Galaxy S25 Ultra 5G,129999.0,4.8,1,Samsung,Free Delivery by Sat,https://encrypted-tbn3.gstatic.com/shopping?q=tbn:ANd9GcSzD2AWv0dGo6sA3nuwBII6YMwtPTGh-lWKTZRA9XWuEHk9LyTOtFBj6qpaiGwdBNipUAk_xB0K4-PCxuShUiFC7JU79QJW
Smart Phone,Google Pixel 7a 5G Smartphone,28499.0,4.8,80,Amazon,Free Delivery,https://encrypted-tbn0.gstatic.com/shopping?q=tbn:ANd9GcTKl_NObFT9Ei76P-lbi89DLRFEx5JsC_1dgbwS3PFx44hGM3-dOUf32kh0lisF_fVYbTnaK9x71VPndJYuAmIml7wsabvnB3bigiKhV7VkI7n6zIoWjgR4CQ
Smart Phone,Redmi 14c 5g,10894.0,4.7,324,Tata Neu,Free Delivery by Sat,https://encrypted-tbn2.gstatic.com/shopping?q=tbn:ANd9GcTSKmpyDA1H7QU_riXZpHP2ByQ9F5gmLukBzRCVuubhBoXVUazJDOR-5zffJdSbYQif-3L2QXIfmns7V8lLPx2EKf_sBgD6-JJwJf-DsVUbIu1-t-46D5vN4Q
Smart Phone,Motorola G06 Power 4GB 64GB Tapestry Mobile Phone,12990.0,4.4,264,Amazon,Free Delivery,https://encrypted-tbn3.gstatic.com/shopping?q=tbn:ANd9GcSuF9AVWC2_1tGWp8k5L0TSr9Frm6dB9NER9wGlpl2pbNOFjaawxxqY95jJmMWgQyM2rGfSknVTUKQmE8-VC9FwSSE53Kaoo6teYTOEKaEv
Smart Phone,Google Pixel 10 5G,74999.0,5.0,3,Google Store,Free Delivery,https://encrypted-tbn1.gstatic.com/shopping?q=tbn:ANd9GcQLxyXnnu00jVXfNgjFQNK0xkZqT1Wx9LqvXJPskzSEWyk2c8ieaoD7S5hMvb-UrVlFNhr5lj0fhMyMcNEEdTOns_-FJwbA
Smart Phone,Nothing Phone,31999.0,4.8,234,Cainid.In,Free Delivery,https://encrypted-tbn2.gstatic.com/shopping?q=tbn:ANd9GcRxXus4Kp7oc7CrL07kQVIXETxwwbkk6oBb8C4Dgk5yxH46eKjq6KP1GV8oY-nIMVcJy-Ov90EUR-6CuyGxF9xOmbFLcIpSrOgdIPkthqAAfi824HhI5je5
Smart Phone,Tecno POP X 5G Fast Charger,15999.0,4.7,144,Amazon,Free Delivery,https://encrypted-tbn1.gstatic.com/shopping?q=tbn:ANd9GcSiEALz7ITFtD1VlzNboZDS2q4toQ0buvR3OLogSYSemUF1VfwwYv7fT1VzhPCcjGEdFD7os4auCvBkVlOyMqrB8vFK153x_zCzBYqjirhGcnMUlnw4RasyjMc
Smart Phone,Samsung Galaxy A17 5G Smartphone,18999.0,4.4,11000,Samsung,Free Delivery by Sat,https://encrypted-tbn0.gstatic.com/shopping?q=tbn:ANd9GcQMQ5I02ufqptz2sk80IQ0Ye7KbGsmwSOJPQF8yxGYcYKNY1A0XbeoeGvXZhzBYwYrh3Z0rloiwHh7bzuUJlsHBfXCiLgaT
Smart Phone,Realme 16 Pro 5G,42999.0,4.9,767,Croma,Free Delivery,https://encrypted-tbn1.gstatic.com/shopping?q=tbn:ANd9GcTPZiemUV6nTw4ujXwz0sSvGi6hOjgpO2xSy1ABfQQQ3PFDR5GuSN7s2hn6J1s9Q3jWftM6KfWMQOO184-bTYdThaNwD84aLewecoaQa9MgQ7jilTAQc9LM
Smart Phone,iQOO Z10 Lite 5G,16999.0,4.8,57,Amazon,Free Delivery,https://encrypted-tbn2.gstatic.com/shopping?q=tbn:ANd9GcRi306__3i9D89MXNENvNFbA_ixQ4SpFMWs0gqYzakeYYeNe8JTlTEwGDT0hgFzdtd2-z9R0k4qji7jc5-tYxOUQYna0C-zprsXVZM1OI1SG5-QRTCswP81_A
Smart Phone,Redmi 15 5G,18699.0,4.7,144,Zepto,Free next-day Delivery,https://encrypted-tbn2.gstatic.com/shopping?q=tbn:ANd9GcQXTg6Zq-ey8RAsg0G104nRcSbBQ8mqVwf5KF1DPEP8zgWFxeazcD1hcx1SeXvmOzl0S93NxE-oaebpscgiroChBWB_-yo-XTBnclI8wxu2Jn0dkZVoOHEONA
Smart Phone,Apple iPhone 17 256GB Black,82900.0,4.8,53,Apple,Free Delivery,https://encrypted-tbn0.gstatic.com/shopping?q=tbn:ANd9GcRJTBnagPOC2jVnvEpx5L2KkhGbFklu2DLNjqyvfs_m6VxGU-Z1uTS2GBF1x-_eJ4m5NG27fnhq5m4X0X6ZT13wiKaaE5pUy1HST_s7LkkkSkZsSS6TeLtDPzU
Smart Phone,LAVA Bold N2 Lite Android Mobile,8999.0,4.7,144,Amazon,Free Delivery,https://encrypted-tbn0.gstatic.com/shopping?q=tbn:ANd9GcSNId8_KKle9wafLWY3Q2rLzAg8glQnr65fcoujGrWzEF6obHo_9e6Q7Z0Wl2sDgV6oNdgt1J8AlTrLl_KRyphFTARwcPFe2aV-Y9ZINZpQX-ZUeVFv7yBQ
Smart Phone,Redmi Note 15 SE 5G Smartphone,23999.0,4.7,144,Mi.com,Free Delivery,https://encrypted-tbn2.gstatic.com/shopping?q=tbn:ANd9GcRe6J_Vwv6YlAAFTJK9tT5OCUHLpKYwnSoVNFC9D3rPRtt7ktAPWb15NnW7Gl7Q-_3MH5qmv3xTBe-82HBMWP0OPIt-tiX-Ns1dmTDN_Drssx2zpymkOf3HAw
Smart Phone,Nothing Phone Pro 5G,49999.0,4.8,128,Reliance,Free Delivery by Sat,https://encrypted-tbn1.gstatic.com/shopping?q=tbn:ANd9GcTb8FPcBIWsAHGtNglccWB7dUQkhMhUhHETWTw2HHlwKILNLsYpr3ZHxo8Lh7Sv1nokxqIcjcTz7lwLBzEdmt1CRlJ1Rf9ba3sZhVUpglcIb0nBbkmNk79srw
Smart Phone,Oppo Reno14 5G,39900.0,5.0,15,Amazon,Free Delivery,https://encrypted-tbn2.gstatic.com/shopping?q=tbn:ANd9GcSuzyVJ2fvnmQALmb03T8_-2nWrgB-UZUzHyRBCABEqExSp0wh54MCUj-2IttqbI4IAp043dIm9BkfWI2Go_NX0E36wbx7Klj5o6ayAIUZqi8w2lCVEJXPIQQ
Smart Phone,Samsung Galaxy A06 5G,15499.0,4.8,7400,Samsung,Free Delivery by Sat,https://encrypted-tbn1.gstatic.com/shopping?q=tbn:ANd9GcRZkyFI-qGjoSXlqAJ_p4oUMMljmDrvs7mbfzYo0nXwB3aBynEGG_Tush95VyhpMRrPsSofrc3tdo__x1WQS4GbGoP7Z6UpoA
Smart Phone,Apple iPhone 16,69900.0,4.5,12000,Apple,Free Delivery,https://encrypted-tbn3.gstatic.com/shopping?q=tbn:ANd9GcRHFrcv-tueBOzHlzuLm_lqZQT_TwI4vT9P65_9hnAe_wPaJ0hLyx9th7LNWL_9qf69EZTZ6QbPQ9Wh5gMomF8hPGPwNUazgdwY5DQXxWT3MwQpVTe3KXrO3uhk
Smart Phone,Realme Narzo 80 Lite Battery,12999.0,4.7,144,Amazon,Free Delivery,https://encrypted-tbn0.gstatic.com/shopping?q=tbn:ANd9GcTEn3Rr3lUKYPTyCoaGSIl2nR4PqnnVRail2C-WfbOcBGCmE6mdUVddU6-buby6Y7Yhx3_-nVcxM70M58OTNwUWmdDI8bJzyBk--AkDTEJrPgQS81WOKRZ5FQ
Smart Phone,Google Pixel 10a 5G,55999.0,4.6,1300,Google Store,Free Delivery,https://encrypted-tbn2.gstatic.com/shopping?q=tbn:ANd9GcSZtoR8RVCqemIrtGqS6a8MFGnaMoteIG1UF_3ZH6dktZX_zQm0JYzYxYTUg62SuocK-rIuCvphnL-oHJ4x2qjNo0H9epSzVd0Zzh2Mmva6FFz0OW9iPDTD
Smart Phone,Nothing Phone 4b 5G,34999.0,4.7,144,Vijay Sales,Free next-day Delivery,https://encrypted-tbn1.gstatic.com/shopping?q=tbn:ANd9GcSYOYIjHT-xVLFzKVj_GM1AEDdDcitJm_j8SY0I2mQJLUah_2ztM0AmmrZvVvhRRXTxbvmDdzKf9HJxaC-SnctnpTTpHEhLZ_PmmflrpGUsJH_MXez2zDaC3A
Smart Phone,Google Pixel 9a 5G Smartphone,48650.0,5.0,3,Amazon,Free Delivery,https://encrypted-tbn2.gstatic.com/shopping?q=tbn:ANd9GcRH9O9hEpaw_m5PpKCMS4KHtf0q3v6dxWAfZ8kNeUxHi0MM_0n_iEOfgP9GDzGXICWkLHnn1M6_5fGW23NxBf_21_MsXphiMmUODGpEErWyu5o_t0-LZmTYpw
Smart Phone,Vivo Y21 5G Mobile Phone,23999.0,4.9,161,Darling Retail,Free Delivery,https://encrypted-tbn0.gstatic.com/shopping?q=tbn:ANd9GcQG5QOlY9db5xTM1fZmlML_sP7sBsUlVLm2e9tbxWLnjhfkqUgMMqljj4BJRedqbBUailpNnzcc_p2RiQiRjOd14KDo70WX7JiyfqlzdI1e1y6q6L4aexu2
Smart Phone,Samsung Galaxy A27 5G Smartphone,31999.0,4.7,1100,Samsung,Free Delivery by Sat,https://encrypted-tbn2.gstatic.com/shopping?q=tbn:ANd9GcRbldJvkcMUW6KwZnz-gmtzaYQdW1FYYFI0hoFP40Oo4kwScfLXjQSp_kZvXu5oCozPsfxu5u-1C-hHC7yJCIjc0S0p5EoR
Smart Phone,Motorola G06 Power 64GB Pantone Laurel Oak,13749.0,5.0,2,Amazon,Free Delivery,https://encrypted-tbn0.gstatic.com/shopping?q=tbn:ANd9GcSTib0e8MafLoSOKgV44ppDavuk2yryjBE9czD0JSca-TouMjVvyO3aCPuH61uCjzk-0HtTnmrMIRdatlJXrER494hPVFeZe8L_uH00mdfW
Smart Phone,Samsung Galaxy M36 5G Smartphone,21999.0,3.6,45,Reliance,Free Delivery by Sat,https://encrypted-tbn0.gstatic.com/shopping?q=tbn:ANd9GcRue2d1a1Ou8f00hr3UuCdjga8MKJl8oKu4Gr3rhT_XdYCRMHsOIPg6tLHAk37Ij63rEeTIIxoPOwCZpTGfr_Xmo5tHQazgyyNkMQXiATmDK7qSW7ONNx8N
Smart Phone,Redmi A7 Sky Blue 3GB RAM 64GB Storage,12499.0,4.7,144,Amazon,Free Delivery,https://encrypted-tbn0.gstatic.com/shopping?q=tbn:ANd9GcTwcR9imgrw_1TDnldup8kEnc4sDDimAHaSryrLANO5vRZB1iFl43tKP5wPjtIZIXj-2VxaOjw3FxYgMviAC2Mm4K805UWRQf6xfG4ZE_85EijNDmArIIyn
Smart Phone,Realme 15x 5G,25999.0,4.0,1,Croma,Free Delivery,https://encrypted-tbn1.gstatic.com/shopping?q=tbn:ANd9GcQmisVr-hRPvo-shKEDeEYtH5ys5YEnfK92Xy2GE1iRBkTcAaRvCXsFF425OnEx4z_oAhMfXa4KFU2prpSrP-74G97iTmpCorLA0WQeZAfDYK_ugKxktjna
Smart Phone,Samsung Galaxy M17e 5G Smartphone,15499.0,4.2,15,Samsung,Free Delivery by Sat,https://encrypted-tbn3.gstatic.com/shopping?q=tbn:ANd9GcTJQlec-CgtzYztvSBGrPQIffOKlFOncFMJDTz4-UQk4bSgLvtPNuKbCsH-uQvjcBCf05SgTNhhTR3s0FKReSdPb0BU7cSsQw
Smart Phone,"PEACE NOVA 16 Pro 4G Smartphone with 6.56-inch Display, Android 14, 4GB RAM, 64GB Storage, 20MP Camera, 5000mAh Battery (Silver)",9999.0,4.7,144,Amazon,Free Delivery,https://encrypted-tbn2.gstatic.com/shopping?q=tbn:ANd9GcSQhehieE_gJKxm8ol_N-n-ZaJBL6cTC3RxfBqf0WjgT0Aoc0VP-Bi6J3ymu3aWHEefsX3FU7ZwDs8BXKT01jzq9Fyej2PRw7igN0ExQ1uB-u34CdkeZzQR
Smart Phone,Nothing Phone Lite 5G,27999.0,4.0,2,Vijay Sales,Free next-day Delivery,https://encrypted-tbn2.gstatic.com/shopping?q=tbn:ANd9GcSWMl3hua62ZMfCjEdnk-tjP3PMFrwlUbNYuz5uwtCgsvpn-y2gITDQNVveu4iNjXgbAKtENs_eJhG2ninOHkX78sgKCQlJvQkOWj4bTNnCaU7aE63VB3kx
Smart Phone,Motorola G57 Power 128GB Advanced Smartphone,20790.0,4.7,144,Amazon,Free Delivery,https://encrypted-tbn3.gstatic.com/shopping?q=tbn:ANd9GcRz1r13QcDtZj7XQED0mLoVpRVq6pQktPvEcCvPTdZcwaJOI6k54NCT5EJaxuT--6jjskkGBXFtbjWi0uAzGqWqJZoQw9tg8zRcs1r9WriHk6tNe_Q0rI0-GA
Smart Phone,Oppo Reno16 5G Mobile Phone,66999.0,4.7,144,Reliance,Free Delivery by Sat,https://encrypted-tbn2.gstatic.com/shopping?q=tbn:ANd9GcSBho_MPxOcByoCb7hFzY4sPE9bv5CzwXxreMjl52xuct6p4QaTNf-ob2GJNTL90u6eOC_rNI9FtzMu94tFZzB9-vEBZPG3rwOlVxGGFbix5tBk7hq8Ws8y
Smart Phone,Redmi 15C 5G Battery,20499.0,4.4,34,Mi.com,Free Delivery,https://encrypted-tbn0.gstatic.com/shopping?q=tbn:ANd9GcR2B4ICRZp5yN5NguSgIkCdj45Jnj6iGqDXSPpwPG16D9CnhYyCLs6Z9qplqGbNmGM1ACprC0FywdwoJRuKQHnPT_M2mZLrKG215JtAqOrrodJy6ycyHQtKEg
Smart Phone,Realme Narzo 80 Lite 4G Mobile Phone,12999.0,4.7,144,Amazon,Free Delivery,https://encrypted-tbn0.gstatic.com/shopping?q=tbn:ANd9GcRmhjI-sUe4wadKWy9Ay-NTnz191S-NluqJT1_qhSQKlXCRJ8_FhVASNbJzk5ZLL0MF6BdgLlxDBNSSgLaQDX9sZtL9UbiT4ZQE4sifXvlH_iHWb9CoJ8te
Smart Phone,Samsung Galaxy S25 5G,63000.0,4.7,58000,Digihaat,Free Delivery,https://encrypted-tbn2.gstatic.com/shopping?q=tbn:ANd9GcTGDJYQM9r4pgE1go48O7tdyDnGkWjvjaexZ5QK0GCGyqi2gK4dyFmtr95JX096NVvNUqHSPNjroWnv6hYWEaDKEstz1sFFuQXAmeCVF1egOTJfL_vruSo3Pw
Smart Phone,OnePlus 13s 5G,54499.0,4.5,42,Addmecart,Free Delivery,https://encrypted-tbn0.gstatic.com/shopping?q=tbn:ANd9GcS9_vYKgW_08plmJaDBea6TLVRe3U1gun461BPTZ1Ukw5-Z8ywIAtowTdAQp5Sggku55MmEp2-Gez9kbq1XS-H6RvYhlbyiMw
Smart Phone,Oppo Reno16 5G Mobile Phone,72999.0,4.7,144,Reliance,Free Delivery by Sat,https://encrypted-tbn3.gstatic.com/shopping?q=tbn:ANd9GcS-GRo_Kx8OvpHauBSnsqIeCazJ4UkiHQp7j_eSv6GsqbA1xT30Kly4q1qAC5HEufNv_5cXaS0abaGar1Qah1JZijEnk7cFNySbKUJt4swNeOoCVXF1MhdtMw
Smart Phone,Realme Narzo 100 Lite 5g,19999.0,4.5,2,Amazon,Free Delivery,https://encrypted-tbn0.gstatic.com/shopping?q=tbn:ANd9GcTMJe2xY99Y7NbR8QXN5AiQJR4CtvNZpPQwZpObqeA66Nv2DAR863BH70PkdAOJ0xXQCSTo39vf19ADcfXIMaZXi4reKD7xyd7Q3QJwfQoOcG2slhYnN_D3
Smart Phone,Realme 16 Pro 5G,39999.0,4.9,767,Croma,Free Delivery,https://encrypted-tbn1.gstatic.com/shopping?q=tbn:ANd9GcTPZiemUV6nTw4ujXwz0sSvGi6hOjgpO2xSy1ABfQQQ3PFDR5GuSN7s2hn6J1s9Q3jWftM6KfWMQOO184-bTYdThaNwD84aLewecoaQa9MgQ7jilTAQc9LM
Smart Phone,Samsung Galaxy A37 5G Smartphone,41949.0,4.8,3500,Mahajan Electronics,Free Delivery,https://encrypted-tbn1.gstatic.com/shopping?q=tbn:ANd9GcTAqsWbBavU3W5qsXZu1p0Sf-L8Cz8C1SM5cY6XJAm2w0lDb9FIqK9pEdGtFyIezua79k0FId8Up8XhxfKY7SeHaTxgL5UxVArckDv7VgU9PJ8NuP2qVnu9
Smart Phone,Acerpure Acerone Liquid Smartphone,8795.0,4.7,144,Amazon,Free Delivery,https://encrypted-tbn3.gstatic.com/shopping?q=tbn:ANd9GcTA5DDiDhLKP5Irf_FH2iiRjbYZjAheY_p8VZFRspyfUZQwjNNnNzfKbDBvbevAKalw-Kd6FpY9dUSA4SAa7ds57TnY7Wb1_w
Smart Phone,Itel Zeno 200 4g,9999.0,4.7,144,Amazon,Free Delivery,https://encrypted-tbn2.gstatic.com/shopping?q=tbn:ANd9GcRiZl3Qira2KvOc_qfcbz5lTbHRRmWnSff4rVo9pUPf93zPB6_GevKgq1yf_L9LIr0bbqds1d_EFZ6dxrjvoDkkvX1yB9wZW__cEfoxO9Rcnp9Ago6hFZle
Smart Phone,Samsung Galaxy M47 5G Smartphone,33499.0,4.7,144,Samsung,Free Delivery by Sat,https://encrypted-tbn1.gstatic.com/shopping?q=tbn:ANd9GcShWbvMqOqsaqgRr4SnZDoMTfb7Sr6flTcWu9dzsWBVo14J07VKaI1q3eJ7HXi5AQ5xkZ1m5h88tANFZJVYrg0aiJV1ik85
Smart Phone,Oppo Reno15 5G,45999.0,4.8,7,Cainid.In,Free Delivery,https://encrypted-tbn2.gstatic.com/shopping?q=tbn:ANd9GcQQ12FD7j2lMPA3FtFCRhGu5U2Yj-U0G9wQ91xoBq4Rda8GxuTCYkiGR06pWnDPN1xWUKaUWhu5lVjUaF4NoeVTzAbY5a2U86OaMa2E6kdRnAa7u5EJrX29
Smart Phone,Redmi 15C 5G Mobile Phone,20499.0,4.7,144,Mi.com,Free Delivery,https://encrypted-tbn1.gstatic.com/shopping?q=tbn:ANd9GcTvOsgcSk3K48IcwwIiOclU1wJSebOvxfzIxiZUqxcT1Hs-1VI4hALycRH1bHeePiRwEGGKo3lt856glAsDdSwhD31q9pgTg7Iru67HRxH-GnTGfkK96itlhw
Smart Phone,OnePlus Nord 6 5G,46990.0,4.5,19,Nuevo Gadgets,Free Delivery by Wed,https://encrypted-tbn1.gstatic.com/shopping?q=tbn:ANd9GcQIgM-WuNrZyVDVxSVr0UQJyz128jGN6zzDCaEZw6J5eZhvuOVK0MPyv0ohzAaqMAqwh71nuOcZ629HflApEPJJotQqsvWM
Smart Phone,Samsung Galaxy S25 5G,65799.0,4.7,58000,Amazon,Free Delivery,https://encrypted-tbn3.gstatic.com/shopping?q=tbn:ANd9GcRdt4j8l7shYixFHWrdFBm9CS9lAjnaukymUA6Q0t3W58HBURMSEOyU_K4Opdm7pte9Ugdvl81hnYdRbTIjMIBWlQgzdbc-jKnoxSx7fD8X0qguthObHLLI
Smart Phone,Nothing Phone Lite 5G,27999.0,4.0,2,Reliance,Free Delivery by Sat,https://encrypted-tbn0.gstatic.com/shopping?q=tbn:ANd9GcRf8uWJ1IoiG0q3wm_5V3TvshhAW7ucs27nkPMBiBgtzd8vs2h_MyorquiLtS8ZlaiCWZlLHgjb5RN2GcyB32AwY7Nm_848Cif69H0FzntpEKXJ-2LuzZew-A
Smart Phone,Samsung Galaxy A54 5G Smartphone,38999.0,5.0,9,Ss Mobile,Free Delivery,https://encrypted-tbn2.gstatic.com/shopping?q=tbn:ANd9GcSjX2PmfUyLcRWEqdN3duYbf4ZyZZtd72kqh-4CTMR-4gOsa9_fSDJNMqi2_1K92OZpAY7fpDgdlcu3pMmYZzctPs1eAUcmfA
Smart Phone,Nothing Phone 3 5G Smarter,49999.0,3.0,1,Amazon,Free Delivery,https://encrypted-tbn2.gstatic.com/shopping?q=tbn:ANd9GcTAK3lm55LCDbn_fS43TNjDmTkfA-Fd9BT4M9HRyDYBIC-oSO-aQZFUYKCABwhTwaGAM4PXYxf2
Smart Phone,Motorola Edge 50 Ultra 5G,34999.0,4.8,368,Motorola India,Free Delivery by Mon,https://encrypted-tbn1.gstatic.com/shopping?q=tbn:ANd9GcTogtvPWGdmtqNDLVwiiUUM9l2WKIYIr2vr5R6-pZWbJ5Wp5vY5yYMePO_vOKjfOoQwfR3pC8Nf
Smart Phone,Realme 15 5G,29999.0,5.0,2,Reliance,Free Delivery by Sat,https://encrypted-tbn0.gstatic.com/shopping?q=tbn:ANd9GcSYe3ewZY3Tbfxfwm2QqbvJgLoOsnestC3O3ZkIoU6MK8orutO2wo97d8q_1AL8dUlBCirP_yh1
Smart Phone,Oppo Reno 16c 5G,45988.0,4.7,144,Amazon,Free Delivery,https://encrypted-tbn1.gstatic.com/shopping?q=tbn:ANd9GcS88uQtPB8nygWcL4kDEkAl-Pccas0dLgOU-igMqGbPt1NM0Pee-JHEZKJCiiEa70eE0UFLt7_t
Smart Phone,Apple iPhone 17,82900.0,4.5,8000,Apple,Free Delivery,https://encrypted-tbn3.gstatic.com/shopping?q=tbn:ANd9GcRwoZpx33DSVxMF6gdf2jqM41DEDea7VwXySVG8hVnUldgzV9xlqYSE5_wkhbuLIxxB_SvFmuuDRIk
Smart Phone,OnePlus 15R,66999.0,4.6,322,Amazon,Free Delivery,https://encrypted-tbn2.gstatic.com/shopping?q=tbn:ANd9GcTpSEGKfkfzVvkQfvPRJealU4YrEti6SOkhBN8E5YjvPgx-4RwQ0BFtnALVPMoWF5RvRIjWLAZB
Smart Phone,iQOO Z11x 5G,27499.0,4.9,75,Fliptwirls,Free Delivery,https://encrypted-tbn1.gstatic.com/shopping?q=tbn:ANd9GcSfVPjP5VFMaR8PjWKQnVJu9XXaoj8kJYtgZ4-REM0C6dQVkNPm_p1FkWGI6VPLqfZfVIOXrGl6
Smart Phone,Realme P3x 5g,13999.0,4.7,144,Reliance,Free Delivery by Sat,https://encrypted-tbn0.gstatic.com/shopping?q=tbn:ANd9GcRqDfFD7DtOhuVJicx4cHdUIDCID3licdn_uvJuM_mbpoWM0b9i13Q8iKtRyvUmlD9BE0dUGCzx
Smart Phone,Redmi 15C 5G Battery,14999.0,4.4,34,Bigbasket.Com,Free 10 min Delivery,https://encrypted-tbn0.gstatic.com/shopping?q=tbn:ANd9GcQ4S-XhlDXWbBAjKgSc8bN82T6KpZf_TH1m7Wrxefdl6hk898Kl
Smart Phone,Realme Narzo Power 5G,28199.0,4.7,144,Zepto,Free next-day Delivery,https://encrypted-tbn3.gstatic.com/shopping?q=tbn:ANd9GcRzM_zNU107UdGfXQfsyYD2e_kmMVqMUH7JOKmDl548vLteBnaI
Smart Phone,OnePlus Nord 6 5G,46999.0,4.5,19,Reliance,Free Delivery by Sat,https://encrypted-tbn0.gstatic.com/shopping?q=tbn:ANd9GcR9-UjqtpU5kNIuD-9N5dBv7RvueGLHsvVxdEM-yipqmC7bvIfIghFd4Sf2owqHCop4pgKGmOuH
Smart Phone,Nothing Phone 4a 5G,35467.0,4.3,1000,Amazon,Free Delivery,https://encrypted-tbn0.gstatic.com/shopping?q=tbn:ANd9GcRum-i1Q6jrE1rGz1VrwJ4XMb4HzTXEoAm7qd5oEHBxOyke09Czs1F4_LJSFw
Smart Phone,Samsung Galaxy Z Fold8 5G,199999.0,4.9,13000,Samsung,Free Delivery,https://encrypted-tbn0.gstatic.com/shopping?q=tbn:ANd9GcQJYoBnOVrl0z16Gk-H3Oj9L4cyPnSW7BsulOMo-tX6bGyQAMNzaejMKgtBOG77wGlXA9EUa9E
Smart Phone,Google Pixel 8,37699.0,4.4,2500,Amazon,Free Delivery,https://encrypted-tbn0.gstatic.com/shopping?q=tbn:ANd9GcSnTRtM0bT3tfBC-P0zGeafn-mz8lE6xpLy8-uAYY9ENsJ4aVGK
Smart Phone,Nothing Phone Pro 5G,49999.0,4.8,128,Vijay Sales,Free next-day Delivery,https://encrypted-tbn2.gstatic.com/shopping?q=tbn:ANd9GcSWYy5FxgFF11nTUSkPHyP08cFLkHYuQY1YfbTvz9_zP62KDrKrrHlfE1fQviPxuAxTdpHI8FW8
Smart Phone,Apple iPhone 17 Pro Max,149900.0,4.5,25000,Reliance,Free Delivery by Sat,https://encrypted-tbn3.gstatic.com/shopping?q=tbn:ANd9GcTg4_GAlpmqn1Llq0ECwrcBQ9W5vEwqAGp_qAhX4WfdatAufRolLyRoP13P-OKpdU27A7h0tLA
Smart Phone,Motorola Edge 60 Pro 256GB Pantone Shadow,33799.0,4.4,85,Amazon,Free Delivery,https://encrypted-tbn2.gstatic.com/shopping?q=tbn:ANd9GcSRJPu_XKi9It01xznAVgQlcghCDbcb13DfnbdRV7KpZAs-3y87ZMNgpdpIvfE
Smart Phone,Samsung Galaxy Z Fold7 5G,186999.0,4.7,26000,Samsung,Free Delivery by Sat,https://encrypted-tbn1.gstatic.com/shopping?q=tbn:ANd9GcQ_pPwKeWZfaBfbQj4tq3C0MAGI8rSjdC1f0pnY-phh6Nk0hy0rxTqnj2C0c5M2Hw57gM5R74o
Smart Phone,Oppo A6x 5G,16499.0,4.7,144,Cayroshop.Com,Free Delivery by Sat,https://encrypted-tbn0.gstatic.com/shopping?q=tbn:ANd9GcSH9Biqpbw9VuWQPimHy8HVZiG-XJOoXfKMmhigcNq-D7sDnx2_qZfX49y2CQjYqtOL2iu3bj4
Smart Phone,Samsung Galaxy A36 5G,31390.0,4.7,18000,Amazon,Free Delivery,https://encrypted-tbn1.gstatic.com/shopping?q=tbn:ANd9GcQOIkpEBgynzhdUh9MxRdFtRYksjTFFrPC2DEpvfdjHpXJM9ME9LnijkUnHDe4ICPyX4Com95t9
Smart Phone,Infinix Note 60 Pro,39999.0,4.9,639,Digihaat,Free Delivery,https://encrypted-tbn3.gstatic.com/shopping?q=tbn:ANd9GcRz1Rn_dJ8xrEd5C-nVT03jvehbZOU1tNnRtEgCAfoLir8LjB_Af8-VPQ7853EQuyYtIhg-NcYU
Smart Phone,Samsung Galaxy S24 Ultra 5g Mobile Phone,119999.0,4.7,82000,Reliance,Free Delivery by Sat,https://encrypted-tbn3.gstatic.com/shopping?q=tbn:ANd9GcQ_pQkrqwlqa_i_q-dGYpQ6pfmnAAjNTDQmYpgN96Obs9TZS-BmCIDlzh_m2ya0MbvNPP_Jl-Jx
Smart Phone,Google Pixel 10 5G,66200.0,5.0,3,Amazon,Free Delivery,https://encrypted-tbn2.gstatic.com/shopping?q=tbn:ANd9GcRd_A9CKcjSB1YYvSnJ7w3Yk6mK5GTSYbUDCwyvq9SarFhV4nmnzun92vjoBQxUHEwCny5eLXQh
Smart Phone,Apple iPhone 16 Plus,89900.0,4.6,5100,Apple,Free Delivery,https://encrypted-tbn3.gstatic.com/shopping?q=tbn:ANd9GcRcEaaYobdaIfGZyxNrViO-l10_OjuMv-EciKSAQH5sPLDs7OHfkoh4qsrWETLmwk8s_az5QVjidg
Smart Phone,AI+ Nova 5G,12499.0,5.0,1,Addmecart,Free Delivery,https://encrypted-tbn3.gstatic.com/shopping?q=tbn:ANd9GcR6m4nnDVS7cq4U4u4LlqZ8DdevGkI9kWLSZ_eeQnOBQhjOQbojDLhexTc1Xrriuk6tqZPasR7H
Smart Phone,Samsung Galaxy S26 Ultra 5G,124999.0,4.8,55000,Amazon,Free Delivery,https://encrypted-tbn3.gstatic.com/shopping?q=tbn:ANd9GcSSmHL2q9Hkz3c6WbZcgFY2YyzVTrT_v6T_0tk9bgtj6kdIyek6FInCllTWpJ9KSwCir6Y6aKxD
Smart Phone,OnePlus Nord 6 256GB Quick Silver,46999.0,4.7,144,Reliance,Free Delivery by Sat,https://encrypted-tbn1.gstatic.com/shopping?q=tbn:ANd9GcRaUGqEM_5M581DpoCBn6DSH13rx9kQXCSPE3xFUqliGy-4IiMlGl1kFKm-9zRmRT6A0CwR3KFQ
Tv,LG Ultra HD 4K Led Smart Webos TV 2026 Edition Nano Detail Enhancer,33990.0,4.3,17,Lg Electronics India,Free Delivery,https://encrypted-tbn0.gstatic.com/shopping?q=tbn:ANd9GcR3Ts_Zve0_-H_FW9U_OUXVmt9IWgSArxjNevs6nrY2u26CPSh1j_NLtfjQxXAr98zgWdNtuJTOlZ7NcphM9msltPYLhP6dVw
Tv,TCL V4C Series 32 inches HD Smart QLED Google TV,16490.0,4.9,619,Reliance,Free Delivery by Sat,https://encrypted-tbn1.gstatic.com/shopping?q=tbn:ANd9GcQJTBfZm2LXOSopaZCx9QSmBmD_jaKFqsBmtobQo4jPoQZt68FOnypyiwLMOeFj2eXiWf5iu8Yb19In80gHHUL9EKMtMPQxJ2hYaRoIQ24--HIosAjhOtOj7Q
Tv,Xiaomi 108 cm A Full HD Smart Google LED TV L43MB-AFIN,21999.0,5.0,1,Mi.com,Free Delivery,https://encrypted-tbn0.gstatic.com/shopping?q=tbn:ANd9GcSUkHnSwrN_JYJNYiX2_J6iVfFc_qsEclw6J0RbidFz5aTYtwmQ4IBxWNRl8EH8aa06LkcDjw08Nwjshm6gspKv4y4bYUSe8GQbzYE325OJPEUQphz8EsZBYA
Tv,Philips 6100 Series 80 cm HD Smart LED Google TV,15999.0,3.9,23,Amazon,Free Delivery,https://encrypted-tbn2.gstatic.com/shopping?q=tbn:ANd9GcQGjnwZ_f5QCtPdHE9LSceAe6i2Gsel36EsMW0YIt6SRFdMir9IOM1vHtfR_O6Er37NvBbYrfnW1ZSxAtTL3tN1cNY1oNE_fxPKPue6HQBHtLcMI-yT8XrI
Tv,Samsung Vision AI Smart TV,104990.0,4.7,17,Flipkart,Free Delivery by Wed,https://encrypted-tbn3.gstatic.com/shopping?q=tbn:ANd9GcRP6Pz5ukyT2i-tz91BpF7jtGvVG2XXnGx3zLtuXEE_Ttodo87nPZ_FKaQhP9iGlkiin3_XMLGpZL4wY34ys2wQisOMn_NsIQlxI4p6sCKw
Tv,Sony BRAVIA 5 4K Ultra HD Smart Mini LED Google TV,109737.0,4.7,17,Indiamart,Free Delivery,https://encrypted-tbn2.gstatic.com/shopping?q=tbn:ANd9GcRbBq9m3ChGRMe_JsfBRcwyNmNf6_2Olfu8yJacTFsSmhlnX4tXxCMnAwU0yw4eYTNNnp24Hz1eb-TNFwHvkugfQei3yqc_L47ezYZv1q3_lBpWfoSczDsK
Tv,VW Spectra Series 101 cm Smart QLED Android TV,14590.0,4.7,17,Emi Snapmint,Free Delivery,https://encrypted-tbn2.gstatic.com/shopping?q=tbn:ANd9GcRgl6eN2o88NIjS3tldD2PLsEJSmDVtwb54-urN0s2YVfeVU8IZq2aoIjh2C16ehY8mQFvvj3-bpciS8_wPvTqLkzemCl9uqKCb2MFQf4DAGBYDesry2RT7
Tv,Onida 108 cm 4K Smart LED Fire TV,24199.0,4.7,17,Amazon,Free Delivery,https://encrypted-tbn2.gstatic.com/shopping?q=tbn:ANd9GcRBRUg1hsAalGesddhgB1U49e4J2VEsdvcv3HhrmN2FG8SGn4SNcmsFovPI431eih4CglfmVNDBrIIdZapv5kt2Xxnnt6k5pOQeX9jCvBTQy6h4GYejnjVo
Tv,VW OptimaX Series Full HD Smart QLED Android TV,13699.0,4.7,17,Reliance,Free Delivery by Sat,https://encrypted-tbn1.gstatic.com/shopping?q=tbn:ANd9GcSqXaFA4M8aTVHWxXt40qpBY0mxe7wxVRT2NNuR6fnlJyiVgcJeG9MQ4kC18Gfv9lX-plTy61g9sWX6JZXWUovjUVKH3tqFl3C6_WeU7EuJpwY33j9L-uSk
Tv,Xiaomi FX Pro QLED 4K Smart Fire TV,28999.0,4.7,17,Mi.com,Free Delivery,https://encrypted-tbn0.gstatic.com/shopping?q=tbn:ANd9GcTpWhRQkU_4hZJ_bTvbc5gLBycW8eJmvkhIwkV-zHV2xd6zxhuKXDWFWNB1A14QrqYvTensO59jj0PKOpxOZ7FjTrwzgGv3j6drLtNogdbcUNeD5USiTEQI
Tv,Acerpure Nitro 189.2 cm 75 Inch Qled Ultra Hd 4k Smart Google TV,53999.0,4.7,17,Flipkart,Free Delivery by Tue,https://encrypted-tbn2.gstatic.com/shopping?q=tbn:ANd9GcQdkysRMkPKg6nWmsUncvoMLYrBdOjwA0F26j4cHILgd1GZ8TZkE0r_7rEfJABBo9QDovhWDYan5JGH0evEdb23kK8m9uZ0Suu3EWbz7Z5Zo1pnuik-otdg
Tv,Hisense 55 Inches 4K Ultra HD Smart QLED TV,54990.0,4.7,17,Amazon,Free Delivery,https://encrypted-tbn1.gstatic.com/shopping?q=tbn:ANd9GcRmvj8YDAmXGrymYAVj3WVdcJJHsLGBpScHl6cuhEqb3q5SxKClskkaiv0W7DfGUm5jscaN0z6ZHKbP93UUQ-LoyxX_chSuacAbABhZsVlpkBaDkFM5CG9m6g
Tv,Foxsky 80 Cm 32 Inch HD Ready LED TV,7999.0,4.7,17,Foxskyindia.Com,Free Delivery,https://encrypted-tbn1.gstatic.com/shopping?q=tbn:ANd9GcTJ7l_TPuMEc7ilNteoCfEHI7Y2wplciI6R3sLx8syiCvt7oMBFIkmym6b4FLZdp6n92y4Ur719opWFblhH_1UyeGphArTcaOpSnRC9b5tDEz-In6DWJV9e1A
Tv,Samsung 65 Inches Crystal UHD 4K Smart TV,47990.0,5.0,1,Samsung,Free Delivery by Sat,https://encrypted-tbn0.gstatic.com/shopping?q=tbn:ANd9GcQIco5GLQfYXY-D0xqp8l0xJK8pnkTeq7rLpyFGaPmFLWBQuuLu237hlFTD_pG_6Zx6C2Bc1ibL9SuF8d194JEu54UZ6NGuFBh849YNENLmlLuVzJ_pxU45OA
Tv,"LG 32"" HD Smart LED TV",19790.0,3.0,3,Reliance,Free Delivery by Sat,https://encrypted-tbn0.gstatic.com/shopping?q=tbn:ANd9GcTMI12cAQMB0Q3qCe3GqgAvrfKXuwG5wJbsl2bpYzgMOyYseNrbZCdUPu3wvqEc1C7qT09-ie1OGjw1pghY38u41GPKwkBEtiXNpKy8Eg_RufK8UafV1YUgZw
Tv,AKAI 43 Inch HD Ready Smart Google TV,34790.0,4.7,17,Akai India,Free Delivery,https://encrypted-tbn2.gstatic.com/shopping?q=tbn:ANd9GcRd0KsbBHZtd3OSWUiaVUbnS5nx2FayaxBgO4HsE9URDrA9zXVTSVJ4AB633elQ6d74KNGxgK8iYmmlkbIryp95OU6T9mIukFYYt7th1f6C3QiPKdu-MGUU
Tv,Lumio Vision 7 2026 4k Ultra HD Smart QLED Google TV,32999.0,4.7,17,Amazon,Free Delivery,https://encrypted-tbn0.gstatic.com/shopping?q=tbn:ANd9GcSg1WKL_wKaUkgPXpLU9G1nFTfk-D_sPACP2svprIVGzb8vuVFRLvTYDONeIvWGjzDrSHy1rEDm0qv_-mtwTdfm8dTqLr-Ls6gQpqO7IKHb8wcjTe4jGgF2
Tv,Compaq 109 cm 43 Inch Ultra Hd 4k Led Smart Android TV (2022),11999.0,4.7,17,Flipkart,Free Delivery by Tue,https://encrypted-tbn2.gstatic.com/shopping?q=tbn:ANd9GcTYQN6K7BcVT9KPu6BnXTnfp0fiS2R9yYk4I2mJ9iLNt8XyI7L86jEz8i6z-WCOlJZAMf4Ow2vKTMFmsFEOP5MJA9YCYI2Jx0ID_pfpGTxk4yl-xdolvfjA
Tv,32 Inch Smart Led TV,6600.0,4.7,17,Cppluscctvonline.Com,Free Delivery,https://encrypted-tbn0.gstatic.com/shopping?q=tbn:ANd9GcSYQ3NfDOquGN0bshehRJ_kZgVlI9cQ_JrxA7IUojOyh80old-NdzYJqwsyi0Mhox8A9X_n-KYM4R8RnuS5qx2CHMdTnCTkSmwP83Z0yQqd
Tv,TCL 4k Ultra Hd Smart QD-Mini Led Google Tv,55990.0,4.8,3000,Reliance,Free Delivery by Sat,https://encrypted-tbn1.gstatic.com/shopping?q=tbn:ANd9GcQCNkHFhkTtnmJW_cqbOZuK2JJoFtLhiBvy89-ufQb7sLfCyG7ShyncyXUzbuVhB-yvFLzf2oaW4jdsjB3Aj4IIPvV-_VBQsvQ4fRrk3HQgY0xAFIzaHOGkwes
Tv,LG Q82 AI Series 4K Ultra Hd Smart Webos Mini Led TV,71999.0,4.5,10,Lg Electronics India,Free Delivery,https://encrypted-tbn3.gstatic.com/shopping?q=tbn:ANd9GcT_kV23xBB2Ete5F1kv9WlKQCWQWliA52oSNIyjit2WqK8hw9eAJhmz1Cnwd8YiK_8r5hdnucm2HeMK8JKQWNLW4vt8yG8VNg
Tv,Haier H5E Series 4K Ultra HD Smart LED Google TV,30490.0,4.7,17,Amazon,Free Delivery,https://encrypted-tbn3.gstatic.com/shopping?q=tbn:ANd9GcTZnWn-uR1hlJZl6g7ZobEY8WCS98jjWM7dRD9aVGRr17klfzWDfrYcboz4BW1NJFMq2HPp5EWyXeuBL_o1EZriMrCOhK5k6u1-KWGfSFd43sJwjP3s0Q92
Tv,Haves 40 Inch FHD Smart Frameless LED TV,12409.0,4.7,17,Haves Technology,Free Delivery,https://encrypted-tbn0.gstatic.com/shopping?q=tbn:ANd9GcStaNLINUV3WYU_8W4NlWb_0AoirWIad-joPWTCEWEkaD5z0yUoDsilUWdi6uhoJF0RqG5Y_c9U2pSD8BVbLFcX2Zy4oHi4JOw3QGRahI1RnXRA0tI-mXIq
Tv,Samsung Micro RGB R95H 4K Smart TV,229990.0,4.8,915,Samsung,Free Delivery by Sat,https://encrypted-tbn2.gstatic.com/shopping?q=tbn:ANd9GcQBGQqwuhPTyPSfgmOSXn4ajN_uC0F0vV6KI_DrQXcrSHD8-G73ZqmFvW422tDdZ0yHdcsR4Qa9vo4OnTktfxTmY5nmSqGyuj9Jx68rKtnF9u41KEL74NhHVyI
Tv,Coocaa S4U Pro HD Smart Coolita TV,8399.0,4.7,17,Reliance,Free Delivery by Sat,https://encrypted-tbn3.gstatic.com/shopping?q=tbn:ANd9GcQwVybht4HCnT_d3bivm4gqIw6l58qikZpGEXcyPVvPZFX5p1PxTYsSH__6Lay__NMd593I_xul7Ba_ADbIAB2ASRPYmP0pERfmAiV520kLET90S4N5wz7Ihg
Tv,Thomson Alpha Qled Smart Linux TV,9299.0,4.7,17,Flipkart,Free Delivery by Tue,https://encrypted-tbn2.gstatic.com/shopping?q=tbn:ANd9GcSY1LN9AF3NkC8Xt9Id_5xJSDHOWFB7nddH1TBi7kzEcAMgv3AAHNviVempxeZfuYIfBDzefUrSR3GBuH0M4BuO_nPS1LfcML1V4ZnMlXc
Tv,Toshiba 98 Inches 4K Ultra HD Smart QLED TV,249999.0,4.7,17,Amazon,Free Delivery,https://encrypted-tbn0.gstatic.com/shopping?q=tbn:ANd9GcS4ob2OF5oTRWwBtdfS3mwk7e0huMkE3PFHUJiC7_hXNoBd6F2_GJTeaxgRIGO8MaU4LqUp-GdlCeIhz3OjOjyl5u6KsUVy58cscXGA_1aaAQ4b9_7UunQoSw
Tv,Xiaomi X Series 55 inch 4K Ultra HD Smart TV,37999.0,4.7,17,Mi.com,Free Delivery,https://encrypted-tbn1.gstatic.com/shopping?q=tbn:ANd9GcR-eOg0wqS2538nM4ZSb9NwY_1vy7_8xOYVl2SV2MGnSQVFNS4-ZLDrCebgu-2P-gUACUfkVkOlO_s8XABkaqpW4E8XLfKIUY17W0WUxC8u1N3NuzWzNaPO
Tv,"Samsung Series 5 43"" Full HD Smart TV",12249.0,4.7,17,Tradeindia.Com,Free Delivery,https://encrypted-tbn3.gstatic.com/shopping?q=tbn:ANd9GcRUD2Cc4Mb6OFPcLwNWw9uZw2NUhev0uAPF_tOEkIhqG8guOX1hiIo3Rx1ZhhxoJYQ8Ow6ceUmYguQ5m1M2i7W_6sG7wSnmKg
Tv,LG Ur7500 Ultra Hd 4k Led Smart Webos Tv Alpha5 Ai Processor 4k Gen6,29990.0,4.7,798,Reliance,Free Delivery by Sat,https://encrypted-tbn0.gstatic.com/shopping?q=tbn:ANd9GcQbwhi2mxbpY4z5b0Oa75LHugjFtwY_9csAFXVnM3F-k7huLD_lWXJOV5M_zq-mt0jun8u4RzpfJxJ-CCjfGlgo2_CB53hxQ5JlSrMknikNTVMNzBOjLp80
Tv,Sony 32-Inch HD Smart TV,28990.0,4.7,17,Amazon,Free Delivery,https://encrypted-tbn3.gstatic.com/shopping?q=tbn:ANd9GcSbiYCD6cic165ruPGYl42OkZXu5zc30ZPjlZitYwr_jz2S2Gzcfx5kKMZ8IqngD7AS8S-RTzjqRirr_2iGi0FBOzLMfnQSDqUt1g0HXesNbEDfRoh4taeAkA
Tv,Infinix 80 cm 32 Inch HD Ready Led Smart Linux TV,9999.0,4.7,17,Flipkart,Free Delivery by Tue,https://encrypted-tbn2.gstatic.com/shopping?q=tbn:ANd9GcQ1Mwuf1Y-V6bUwOOQXZBFgrb77r5wS_EpbEwWV5LZJE5h9aLJH7ERV1ejvMy6bJpDJdvgzguC9fvEtqOzQ9pBtrkpzOVI1Lt16-S1qRLY
Tv,Samsung Crystal UHD 4k Samsung Vision Ai Smart TV,47990.0,4.7,17,Samsung,Free Delivery by Sat,https://encrypted-tbn2.gstatic.com/shopping?q=tbn:ANd9GcQ1-051_RnrINq8DxdziSETy0tRFNJ_Cwtsji_IIuvh5r3SjNAA0h7XbGnDT1XIQW7MhBqkf3COk7oHEZlFX80IQ6qALGy-QDYuIcwcHEZUXF-3HSWvvYy1eg
Tv,LG Ai Qned65 Ultra Hd 4k Mini Led Smart Webos Tv 2026 Edition Dynamic Qned,58499.0,4.0,4,Lg Electronics India,Free Delivery,https://encrypted-tbn0.gstatic.com/shopping?q=tbn:ANd9GcTEMRCtm7hlPm-SA_ibyf-k00jsYW6buEzXeaW8IWyvXPFRB1kaTBWUdiC2P70FxnPZoBpMIuiVSyYFLxMg_7Yh_zpfhquW
Tv,Hisense Vidaa 55E75Q 4K Ultra HD Smart QLED TV,53990.0,4.7,17,Amazon,Free Delivery,https://encrypted-tbn2.gstatic.com/shopping?q=tbn:ANd9GcQ5Bx5SYMxTTZhZF3MwYOe9AwoZvNJlRqsWvNkGNtFohLQF4ga7bU2iY2YbPA9XIfq2DfUj-j1kBynp1pkkzYWQAC3jGhv3nT8gspa9-y5npuYq_hZFHQT_Nw
Tv,Philips 4K Ultra HD QLED Smart QD-Mini LED Google TV,85990.0,4.7,17,Jiomart Electronics,Free Delivery by Wed,https://encrypted-tbn1.gstatic.com/shopping?q=tbn:ANd9GcTenglIW7qfCuO1ViwMut7to61M3E_zRKazckhYKSpnEj6HpFguN5vW6JgrNaGk697BL2BMnrAe7TTYd2tINWQ15mzm68NkzkIwHD3eYDn7ZO8svCKLpgwg
Tv,TCL 4K Ultra HD Smart LED Google TV,49990.0,4.7,295,Flipkart,Free Delivery by Tue,https://encrypted-tbn1.gstatic.com/shopping?q=tbn:ANd9GcTfkfwQlCS3rNaZAW3_ovQVA-LdYMV3ZpeK-rjZaHqhhNiqT4hA_6MNQLyssBhXoZU8pXHnEu4BM5Rt1TJuxW9ldMof9jLXOLz9yWM27IR7jlehoknQectE9A
Tv,Xiaomi TV Fx Mini LED,32999.0,4.7,17,Mi.com,Free Delivery,https://encrypted-tbn2.gstatic.com/shopping?q=tbn:ANd9GcQ0L6xoZNSA2i1OYCdc7iAopj8DFrBPjnsF-Ezd_O0dSckZk1bD-yT4CabdsY1eOPfb-QL8R1dYxF15mPea9y9sZ6yxVkgW36FR2YQoDolhM6NSSQ7a8iUp
Tv,iffalcon 164 cm 4K UHD Smart LED Google TV,39999.0,4.7,17,Amazon,Free Delivery,https://encrypted-tbn1.gstatic.com/shopping?q=tbn:ANd9GcSxIs5JquFeyohJXt_FVjNcdNR-Dq5GqvlZc5BR8AwhM-d-98wmxITaiHU0tJg0E4_DTucRvmyS1bUD6HqtRLhELoz2ft_coY6afFRopAJ8RQk5leYTbp4Hkw
Tv,VW 80 cm HD Ready LED TV,8299.0,4.7,17,Reliance,Free Delivery by Sat,https://encrypted-tbn2.gstatic.com/shopping?q=tbn:ANd9GcQB8QFU1Zo4BHLnfKJjxOuCSAZmMPMHJ3b8QZUuAkmMYAXvVsawvWHi-S8oH13kKALdMPMqZKsLjZYNLz6Gd4S9iDUv7T5aCUm1AohqBwZZMGZZRQkVbo8L
Tv,Compaq Smart Coolita TV,9999.0,4.7,17,Flipkart,Free Delivery,https://encrypted-tbn3.gstatic.com/shopping?q=tbn:ANd9GcRAzIG7DImGg_cqnbMMhEmAd_8DFErbG2uTv2IT7zz05V8NznyKsFpLK2uV0bsM-gBjLF6Yf7TtYdJ60WYlfqmDMYMMVFOq-r5z-U5UTpM
Tv,Foxsky 24 Inch HD Ready LED TV,5990.0,4.7,17,Reliance,Free Delivery by Sat,https://encrypted-tbn2.gstatic.com/shopping?q=tbn:ANd9GcRpMU__vz2bW289C4lO8bvzAz-sakk-Ps6lDa1M2gal51XCU-y3IooOD8rXdWOyioKxDJnjm6OzdN4_eyNCDwQdclCV3PpaiWYuTl-8jdmK2aY38YXz9TNL
Tv,VW Frameless Series HD Ready QLED TV,11299.0,4.7,17,Amazon,Free Delivery,https://encrypted-tbn0.gstatic.com/shopping?q=tbn:ANd9GcSDsRHmr2q5CRHv3Y5pCalSU0Akrg_LnfLw_z2xb3ogI7heE0Tykc89LJ_lyw5dE34IBjL2ArVKChMTHxoZ_L52s1mqQt2iQ1xgYTl3GnEaxK-05yZ6UIJY
Tv,Samsung Micro RGB R95H 4K Smart TV,499990.0,4.8,915,Samsung,Free Delivery by Sat,https://encrypted-tbn0.gstatic.com/shopping?q=tbn:ANd9GcTGGCbZpAant-agT-pPfDRTDI74oG60eaR2T7tbiCesBnDaOKeqV_GSzbfOQ3KZkrxMWAOqMEReiZ9B6t30GEgEp64rzFr10OoAG9zLnFKmnv2ybhxP4DCtKxY
Tv,Sony BRAVIA 2 II 4K Ultra HD Smart LED Google TV,52240.0,4.4,9,Amazon,Free Delivery,https://encrypted-tbn1.gstatic.com/shopping?q=tbn:ANd9GcS7risAhg6qy5z5Mp6FEq53Avlu31v-l_zaLL5PGwbsdFIDAzGEYw7og-nih7CbZTA5K1uwS-dlPELA5-ZPG8qPFvsrdKP4G15cSCrcw9iCsS-C40TnQ1pWJg
Tv,Xiaomi X Pro QLED Series 43 Inch 4K Ultra HD Smart TV,31999.0,5.0,3,Mi.com,Free Delivery,https://encrypted-tbn0.gstatic.com/shopping?q=tbn:ANd9GcTshMTM6nz5uYzSeGCLCjF00JKWHv4JL7gqe-Xee6Uw7W-WJFvMifgLEsuIIvx4lZNao9eKRZ-sXpg-gx-80_mk6fWxCjX2wopO1LsLKlHpo__B8LrGqzilWQ
Tv,LG 4K UHD Smart TV,50990.0,5.0,9,Poorvika,Free Delivery by Wed,https://encrypted-tbn1.gstatic.com/shopping?q=tbn:ANd9GcRX6CEVlRFo6jkddANDnySFhZrKyHGyZVAIh8VKQrhYxKVjpo5CkleKTVwaoduV5YU0UfH_bJcB1-EOxGcwiGyoRMvJvq4N6jTXZ3jXYTAbPrI7AKwXpag-iA
Tv,Philips 8100 Series 4K Ultra HD Smart QLED Google TV,34999.0,4.0,20,Amazon,Free Delivery,https://encrypted-tbn3.gstatic.com/shopping?q=tbn:ANd9GcQOw9S6sJjWAeTU_0Eo4IQ9yAJ1EPL5KNf8FCosEE3lUb94IcZBLLV-yIDjq8kOOwK-wcA_iL_16Nwo_YBCFi4lbvuP6ideHMZSwcAshZL-Yw6SSHZ5mLyH
Tv,"UNICRON TE 24” INCH HD Ready Android Smart LED TV, WiFi Enabled, 30W Sound Speaker, Built-in Apps Compatible (YouTube, Netflix, Prime Video), Mobile",7399.0,4.7,17,Amazon,Free Delivery,https://encrypted-tbn2.gstatic.com/shopping?q=tbn:ANd9GcTKOxWakriBs5oUETnH3Zt4aqZ1LKTmUVeE3RqPYu1H-f9boeunApZ5oNF16GR87YifFbjgjAbYAh8oaD5m8_Zzp9NVtLg6aVLayjUufdD6wme_Qwv3bc5QAw
Tv,LG Ultra HD 4K Led Smart Webos TV 2026 Edition Nano Detail Enhancer,45991.0,4.3,17,Lg Electronics India,Free Delivery,https://encrypted-tbn1.gstatic.com/shopping?q=tbn:ANd9GcSnhqMoXfITu_udjISRMPV8DvonHa616RH6TUJE4We7qVYU3jerR9_MmBau1b28iMIbU-T3d6z_UXpbkknRfmbVBvOxBkeQ2A
Tv,Tcl 291 Cm 115 Inch Ultra Hd 4k Mini Led Smart Google Tv Largest Screen Ever | 20000+ Local Dimming Zones | T-screen Ultra Onkyo 6.2.2 Hi-fi System,2699990.0,4.7,17,Flipkart,Free Delivery by Tue,https://encrypted-tbn0.gstatic.com/shopping?q=tbn:ANd9GcTuTWlbCjCVdl6Z-fd2K3sd1ERK8GRP9iKnqa9gxmes8tHM2UGU5Zim85I796FMYw5k1a0q4BWirkzk7wDMY69TSkHMMelYS4DQW6BvRP0
Tv,Croma 32 inch HD Ready LED TV,5719.0,4.7,17,Addmecart,Free Delivery,https://encrypted-tbn0.gstatic.com/shopping?q=tbn:ANd9GcRUexMNUV-XHKtyKOB1JIGZFzqy9TRhgjMiKg5zsyJK1wNDhKagtmPrXF8wyphMs-3li0u6TT0-u4HrdsFMeBiuAK2HhB5j
Tv,Samsung 32 Inch HD Smart LED TV,16784.0,4.7,17,Flipkart,Free Delivery by Tue,https://encrypted-tbn1.gstatic.com/shopping?q=tbn:ANd9GcT2zsxIu467o7RBdaxA_AJgoEMT4dlPJjKe6sPpWeTO1iKIByS-WzD7VT4U-nBSwObR1fEK_9WAqYiD1DxlWtuJjYZgReTpvxtyzrcMGhE
Tv,"LED TV - Plastic, 32 Inch, Matte Black | High Performance, Energy Efficient, Vivid Color Reproduction, Exceptional Contrast",1500.0,4.7,17,Tradeindia.Com,Free Delivery,https://encrypted-tbn0.gstatic.com/shopping?q=tbn:ANd9GcTcgsjHUjz2y9hm1VBw6Nw-L267ek3RqCf7FTlUSGfEjLM229wxryw4bOHZHN5C9uMpC4OPFPRLYenl1FZAiL_l2PK2DgFFNw
Tv,Philips 6100 Series 80 cm HD Smart LED Google TV,15999.0,3.9,23,Flipkart,Free Delivery by Tue,https://encrypted-tbn1.gstatic.com/shopping?q=tbn:ANd9GcSMV8oHUHWakj2e5IjmxoKNgAWkgTbuXSrJKqD-zJ02A0gT0jUjc1b_knVohI8yxM7xmts5yvYqywPZ6kQTEHaUwrI46efZra1AHewRJJ8
Tv,Sony BRAVIA 2 II 4K Ultra HD Smart Google TV,63990.0,4.7,17,Amazon,Free Delivery,https://encrypted-tbn3.gstatic.com/shopping?q=tbn:ANd9GcQ68zbIcrgL8zIU5oOnb9btd6qTSEDb0zWETwmmL_6uTY5xjWafielR3c4eUN4pM7Ipbgbr-hhhjOK9IgNV6Sn5HfDNVkhM8vcSppY0qb3Szyq4ym0CFXF5Wg
Tv,LG LB65 32 inch HD Smart TV,17999.0,4.2,5,Lg Electronics India,Free Delivery,https://encrypted-tbn0.gstatic.com/shopping?q=tbn:ANd9GcRnp6QY13LTGAjmsTWx2k8G4SOzwKS7lc2ITc69mlLXyKbhd3E4uxbgh1CbL7VrByw6pLjk2t-E_b7cfqZ0xHMA1vau8qs-Yg
Tv,LG 80cm HD Smart TV,11499.0,4.8,13,Addmecart,Free Delivery,https://encrypted-tbn0.gstatic.com/shopping?q=tbn:ANd9GcQ_Ob2L6lfKg5UJ5dS4oYM9WWtvIEGFVj9nuF6TptWLRL6YLtNIRMFHmG_nZUJaVpCbJdQGbod35Ip64TWepB93g3YAk0CFMap6h3s-u_gydIuOiFQ9y6PN
Tv,"Xiaomi FX Series 43"" 4K Ultra HD Smart LED Fire TV",22800.0,4.7,17,Flipkart,Free Delivery,https://encrypted-tbn3.gstatic.com/shopping?q=tbn:ANd9GcTfKHFD9_GVSau-804rQr4E1-oCVA_1VNKJXiVEkeyuPsYQpW9O6SXodBVUvM6iCyWZHp3s3xEqjsmm3R_AGYh8xYptGdo-AnKGQymSPWYKhgPKUZkAFx54
Tv,Smart 43 Inch Led TV,10900.0,4.7,17,Cppluscctvonline.Com,Free Delivery,https://encrypted-tbn0.gstatic.com/shopping?q=tbn:ANd9GcQ89ZmOZluVPG0lADGi46qcLdidk9XtK5Rcm9Lcoo_fXTpYTLtphevlsLZAMoJDr3b9HlDHrz4ppFAHqhhLVvqksaQzX20DXHVE8PZyQxA
Tv,Samsung Crystal 4K Ultra HD Smart LED TV,30490.0,4.7,17,Flipkart,Free Delivery by Tue,https://encrypted-tbn2.gstatic.com/shopping?q=tbn:ANd9GcQd9Jdccr2zVURxLYV1_hR3RmQvSmQsNDJvjdiZGAPnDc2D43u0rv_tJZbt5xPUQUz12NDqTQCuRKzcLIxkm0Uo_43zv3EZFOjD6uyFCLLl
Tv,Samsung 32-Inch HD Smart TV,16990.0,3.4,5,Samsung,Free Delivery by Sat,https://encrypted-tbn3.gstatic.com/shopping?q=tbn:ANd9GcRaCqjV4_AszWWmPeki0hmmQ7phoifUY6PgY0TAIcEhJSApE65yLWohIx41N4BI8EbN8cuXLqGZh1ZSNv0pcdRw-Z1cjm5F
Tv,Sony BRAVIA 5 98 Inch 4K Ultra HD Smart Mini LED Google TV,509990.0,4.7,17,Amazon,Free Delivery,https://encrypted-tbn1.gstatic.com/shopping?q=tbn:ANd9GcQq5zDQOHoW4-qQ_wJRPX3bkMD_sG2-V1ybwPIUp1t5ap9Tn5cmLepdv9MX_z97dOB7rguxDIxZ1NuKeINmEuAw236V4XBVpB07Mr5mV_3N3F1xcQHfSDzf
Tv,Google TV,66660.0,4.7,17,Flipkart,Free Delivery by Tue,https://encrypted-tbn3.gstatic.com/shopping?q=tbn:ANd9GcT2MsC2NtnfAwjrxVPjzyxBWn6dI1LL5aGCJ2_ZQ75ute3SqqmHjb4se4z_FBQZ6vgWMzw6KThVjJ0S2OIqYuZOEDzVJlJQF9wy_3YsyUBz4HDqHA-y9PPrVg
Tv,OnePlus Y Series 32 inch HD Smart Android TV,7080.0,4.2,29,Tradeindia.Com,Free Delivery,https://encrypted-tbn3.gstatic.com/shopping?q=tbn:ANd9GcSnLWTyC81QS8gTsNnsZKsgtBYbmDo4znTDdv6oqWRdcITVGshXKjlZ0IkznSyjyLHWsM_zdD7yGj4nOxWbzkvyyTYt5psS
Tv,Xiaomi X Pro QLED Series 65 Inch 4K Smart TV,43999.0,4.0,2,Mi.com,Free Delivery,https://encrypted-tbn0.gstatic.com/shopping?q=tbn:ANd9GcQcR0Mbe8UISbGyVyvs3qLne0V6xw5CX8vfEIrfCPk1CYAvf1ePhnj0D2rorUAYQuDqXv_xtNcD-ssLHwL3fseV2Xa5wBUl1CEbgAW1j8CCnHi-kyZE8UkzgQ
Tv,Samsung Micro RGB R95H 4K Smart TV,223956.0,4.8,915,Flipkart,Free Delivery,https://encrypted-tbn1.gstatic.com/shopping?q=tbn:ANd9GcSmHul_FDInBTgicNh1EpyJHgA5ySOIaWk_U5abgf2wppHQc1P7mwBnEhFtEJYlX11F8Ozz_IX4JfHQp-wSMASaRO25mQHSeeeAtoTuH3nI0bjEvNX3SkObMw
Tv,Acer Ultra I Series HD Smart LED Google TV,11499.0,4.7,17,Reliance,Free Delivery by Sat,https://encrypted-tbn2.gstatic.com/shopping?q=tbn:ANd9GcQuu-wy2wXbr75-JoJHopLYYJJIRkYwa7Br4GqbbZEuzBA_ALo94PrrYShnuhKZ6NTArRc-_aWydTwxTZxSNB5mX9BgRRjT5yirRYheJEbD8pRWZBspxZdE
Tv,Hisense 32-Inch HD Ready Smart LED TV,11199.0,4.7,17,Tradeindia.Com,Free Delivery,https://encrypted-tbn1.gstatic.com/shopping?q=tbn:ANd9GcQWtlOy39aey3Pr62D2SAmz3ygi9uGDWA3QM0tX0exRtgqdkh7V8rs7rvj_2dTKY4ESO8a66OA6R7xwbD9hhvBkw54zngDC3Q
Tv,Samsung Vision AI 4K Smart TV,35990.0,4.6,2400,Amazon,Free Delivery,https://encrypted-tbn0.gstatic.com/shopping?q=tbn:ANd9GcS124Uah47a3iw4TxycTc3uVBrxTIZVrGjINIFlMh7vtgvJoRPpr59oZoQ2Zj4ex1WTQTDKshW0772DdIS8c1oyxG7HopRZpPVHSdaNPsPu0h5eKKAKStD3
Tv,Xiaomi A Pro Series 32 inch QLED Smart TV,15499.0,4.9,55,Mi.com,Free Delivery,https://encrypted-tbn2.gstatic.com/shopping?q=tbn:ANd9GcRb216HlCkDwAWqnW_fFA4iAIuhH3JDZ49FpPohp3KZuLqs-tK9SKkTRQCc8jIcpXouD6p8IlVbAOx_oHsBmyJNTof7f5Ypo7oJtVEXh4FrRD-Cjy7aNkk4sg
Ac,Voltas 1.5 Ton 3 Star Inverter Split Air Conditioner,35990.0,5.0,3,Reliance,Free Delivery by Sat,https://encrypted-tbn2.gstatic.com/shopping?q=tbn:ANd9GcRIBBFwI8HPx1CgCW4uNzql02S0JSLPGhDQ_Kq_U5EuzS8Xq4UpZHAfyYNVwDoxCwoh_ZnmmoVPboy_o_kaND1oyOKveNCihHbq3hn8582XQ6B6VjFUpqk0
Ac,Carrier 3 Star Inverter Split Air Conditioner cai,33290.0,5.0,3,Flipkart,Free Delivery,https://encrypted-tbn3.gstatic.com/shopping?q=tbn:ANd9GcRmRNkXMerBCvyhDNNvVa3iDwzE6rg_50O8mmU8xPbUsAX3oTk9UJ6fTVs4O6KpFSJYk6s3cmxzcH4B_y5gucxmXtobzQ5pQB8vsghiy5gKVKcijF8ZM7yw6g
Ac,Hitachi 1.5 Ton 3 Star New Star rated Inverter Split AC Smart View Display 4 Way Swing,36500.0,5.0,3,Amazon,Free Delivery,https://encrypted-tbn1.gstatic.com/shopping?q=tbn:ANd9GcR63O83c4zpHns40erF0qnVX2v9-KzTkVPfaNc-t9y5SxQBE_07KNO5hjntScJ6KTsmIlTrrk2yGSMremDOlsXA05rpQjBaiAousrYXiCjP6WZj4m7doyJt8A
Ac,LG 3 Star Inverter Split AC AS-Q18TNXE1,35500.0,5.0,1,Emi Snapmint,Free Delivery,https://encrypted-tbn3.gstatic.com/shopping?q=tbn:ANd9GcQVlGWmu3jnOF7jtFvanR6r22Ap5zBTcO9jv5T6QNt1cY7W17qQBt5uzAJpHqYoRX_aHUPZOcFYZyN_pHjBPzXjG9iiMNZNIAPqEeHjNIeO8dcUs9dmsaI5
Ac,TCL 1 Ton 3 Star 5 in 1 Convertible Invertor Split AC,24990.0,5.0,3,Reliance,Free Delivery by Sat,https://encrypted-tbn2.gstatic.com/shopping?q=tbn:ANd9GcRoXwNdEykh7GeQPdyfnCVINR8Mli5oaSMKtacPjcw2p8LFwJ8EDr8FYC6WOTbeXc9a8T6ZnfxTZFvwbei4n6cneoyDcx9IA1DKgBJS53zkBy1zWe4qMd7t
Ac,Lloyd 1 Ton 3 Star 6 in 1 Convertible Inverter Split AC GLS12I3ASAHC,31990.0,5.0,3,Havells,Free Delivery,https://encrypted-tbn2.gstatic.com/shopping?q=tbn:ANd9GcSVcoH7A5zQnLuN_MmIoDHiK-xLieBtBNTBqHPTHzDX8JH4baAGP5T-YqysqCBpchrT2N6D8701BdOVByTTfbIcNKcidNnT
Ac,IFB 1.5 Ton 3 Star Inverter Split AC,33099.0,5.0,3,Flipkart,Free Delivery,https://encrypted-tbn1.gstatic.com/shopping?q=tbn:ANd9GcQmyoBqrXWALG4LuIrZP8jQJRt8OoBJqjwc7ZtHfW35q7mE7zb5J4Ks4j1VtRSYEmJMyHRPLgHYCNJp7z6zoArlo0N21kttG4MDGMqu1qzTKIzRP9ffyU_s
Ac,Daikin 2026 1.5 Ton 3 Star Split Inverter AC,37490.0,5.0,3,Amazon,Free Delivery,https://encrypted-tbn3.gstatic.com/shopping?q=tbn:ANd9GcRlupJpe3N3Ou-0kftw4vmXn8XVpqFFpXbM6qsHhZQyAKSKihk6V1rtDDz2tGu7yEaMKqXwFmhUtPGzwZxFHRqz8G15nDzxWRvcmURHwlISaqx1_PFPiaUe
Ac,Godrej 1.5 Ton 3 Star Inverter Split AC,28990.0,5.0,3,Reliance,Free Delivery by Sat,https://encrypted-tbn2.gstatic.com/shopping?q=tbn:ANd9GcTpJHKzjfhRYD9za_EfyLmQ3nBnVgCnDdT02axaTH0oy096qZudhS1w1mm9uDkderQWh5WwY25JJbjOl3bX2R483fEr3kyPYP19YQdVkjEb
Ac,O General 5 Star Window Air Conditioner 2023 Model,22000.0,3.5,6,Tradeindia.Com,Free Delivery,https://encrypted-tbn1.gstatic.com/shopping?q=tbn:ANd9GcTL7sUd1420L8GFWQltJ5v2HRmyPBBAZHn5kFuV8K61KKiTFF4DNhxwkVo9195Of3-dHNJyH7mgSOAfQxOIapu2nceYucHS
Ac,Blue Star 1.5 Ton 3 Star,32709.0,5.0,3,Moglix,Free Delivery,https://encrypted-tbn0.gstatic.com/shopping?q=tbn:ANd9GcRZpbTUfuKkS3RiYEoWyOPZceyPcMKgdGCqC0RlDNhS5wHDGH0k7SAhDTaRy-0M4hbRkpg7JyiEU4IOlA6TRTNeZBDJrVbABA
Ac,GENERAL 1.5Ton BEE 2026 Inverter Split AC,49990.0,5.0,3,Amazon,Free Delivery,https://encrypted-tbn3.gstatic.com/shopping?q=tbn:ANd9GcQX26eiAmCUpkYV5RSkcZ6MW5POlrXZskKH8mhzvfKhRpHlUWTb0LNqTgb01aqA-IWrjACiLrdcqw6k0UFk7SZE_OLp9-METp13pxmcKiyirbbGBXkSb7SN
Ac,Samsung 1.5 Ton 5 Star Split Inverter,37990.0,5.0,3,Reliance,Free Delivery by Sat,https://encrypted-tbn2.gstatic.com/shopping?q=tbn:ANd9GcSBWUKeB9XYPr20j2fHyPDcLN3_i3KymlM1lNUP55DIE5SPnJtsqqNBUhYrOfiHN8JeTGgPlaNe7PykZ_fbchAuVi0yYFbQjIhaYspGm3YoWwRgWmM9p_On
Ac,Croma 7 in 1 Convertible 3 Star Inverter Split AC with 4 Way Auto Swing,34490.0,4.5,28,Croma,Free Delivery,https://encrypted-tbn0.gstatic.com/shopping?q=tbn:ANd9GcSLdjE-eNVHiQ_cC0fql2Tcuad_GCAWxd5U3yyMezF0NENDp0_P1Zq5ryEBQBZdaian_0HPwmqEGphqBzM9y6QYEo3zVUp-T4NkxWdNsygGagzvgfD9m_Kx
Ac,Voltas Vertis AI Zest Gold 1.5 Ton 3 Star Inverter Split Air Conditioner,34999.0,5.0,1,Flipkart,Free Delivery,https://encrypted-tbn3.gstatic.com/shopping?q=tbn:ANd9GcTztvwUTVcdmlk8b6_O6ITQW_oRy3n_GiTjXVDWfgw9OB5WMAHcpeAl2dgAdls1seQmaLHKMiAXTerYQT1QaRekkYe7uOHxwL2ZCzQJ5UKL
Ac,Panasonic CS White 1.5 Tons Star Inverter Split AC,47950.0,5.0,3,Amazon,Free Delivery,https://encrypted-tbn2.gstatic.com/shopping?q=tbn:ANd9GcTAuQDO0fan5LQpxEuDsU9Y5Tw5qWuP0EmFH81UDzGfjyUa8zpak-ml00kFrzftndyky1YHcGlW8YCynbmWCLYilsepCHQJTDG0xsNBN0FW4P165AzpfFielg
Ac,"LG 3 Star ~1.5"" Split AC",41555.0,5.0,3,Lg Electronics India,Free Delivery,https://encrypted-tbn3.gstatic.com/shopping?q=tbn:ANd9GcRYpnp3Npy7p-g2cQkG8msWgVvIdswIAWPzlTLFXkKg1GLIRrMfFM_6krhKuO6qu4BHZvnm9LwDWyHarNBqIRDTVQQilm0dmg
Ac,O' General 1.5 Ton 5 Star Inverter Split AC 2026,60990.0,5.0,3,Reliance,Free Delivery by Sat,https://encrypted-tbn0.gstatic.com/shopping?q=tbn:ANd9GcRhObJIHjfdqn8rZs0kqHFrDBo7gj_uaWUOpWW-FoNF92X_-ZJxXxO0fkxBLS5vJmmDaYYEVYKZToKm8Jz2N3LWBQSifhWGOEJ8ANFyyWtwqVEPsXwXZZI8Ow
Ac,Voltas 1.5 Ton 5 Star Inverter Split Air Conditioner,28000.0,5.0,3,Tradeindia.Com,Free Delivery,https://encrypted-tbn3.gstatic.com/shopping?q=tbn:ANd9GcTwRQR0Rl3kn8TZm0fnsZz_76G3rBUd1K170NWfk6632U7sTkn2DqPuBlafv2mE-M0R5ub5_Wm2ZHWC99t2LgLp9RH_aBTKJQ
Ac,"LG 5 Star Split AC AI Convertible 6-in-1 Viraat Mode,Diet Mode+",37999.0,5.0,3,Moglix,Free Delivery,https://encrypted-tbn3.gstatic.com/shopping?q=tbn:ANd9GcTXluB5t_ZduMayayoljFh0CnMrnBO3VoAjyi0FbT4maTrTvnwvLitaeEuLF5WmI0nxOUwh3x7_QtfMcSeEjoCNH_SS8l5L
Ac,Voltas Vertis 1.5 Ton 5 Star Inverter Split AC,45290.0,5.0,3,Amazon,Free Delivery,https://encrypted-tbn0.gstatic.com/shopping?q=tbn:ANd9GcSlr0urG3D_AdZew4783yaXuHzdDKjnd2_w85UCtTLf22QmREnWS-a7nyfzRl1wzXUXAGAH19Kls8ckenk6gb6zXkJ1t909r97gy5uBMu0__u1dE91Czusk
Ac,Godrej 2026 Model 1.5 Ton Star Split Inverter With 5-in-1 Convertible,32990.0,5.0,3,Flipkart,Free Delivery,https://encrypted-tbn3.gstatic.com/shopping?q=tbn:ANd9GcRa7sOymGoSX4TSDARLFY3V69Y6cxaMMFBUqM55NBXVbzD8s8GKJcQcOZPeDBQpcSxoZB7r3hy_kDSObOlMAXT8jdKLCM2tGoAw7KWaElQ
Ac,Haier Clean Cool Plus Convertible 1 Ton 3 Star Inverter Split AC with 4 Way Swing,36990.0,5.0,2,Croma,Free Delivery,https://encrypted-tbn0.gstatic.com/shopping?q=tbn:ANd9GcR-vA2iuHM6loMViTAe6n5355b9-eYGbvS29EsaoJFHic7fiZd6ZUwMIb-h48heGBWOWSMjIMofbas2gIAoTDBFpvoi0pNvQx_uYw8eBCm-wQMIaWQ6MaAo
Ac,Bluestar 1 Ton 5 Star Inverter Split AC,39690.0,5.0,3,Reliance,Free Delivery by Sat,https://encrypted-tbn3.gstatic.com/shopping?q=tbn:ANd9GcS4Rv-tkwf4kZ-MJ0oS0kRCV3h-q7AC5ulE0eSVAcXKcIfp85zuCPZuvcRhC3WPVcDDtByK5gSMfrrQS-uM3k0y0ubIFB4MNZS9M6egqiJa_bX5WbwrkGfPiw
Ac,Hitachi 1.5 Ton 5 Star New Star rated Inverter Split AC,45500.0,5.0,3,Amazon,Free Delivery,https://encrypted-tbn1.gstatic.com/shopping?q=tbn:ANd9GcQk_ZAfyscCapFxdVjw9W0WBRaG2YUcbOrhgW01tuAJW57cmgks4NuK1w-tsmtvd8JMXd9InBvtXUUfSWgg0BYcy6-84mRGyOA5s3ZosJV6JzB5v0tz6RSJSQ
Ac,Hisense 1.5 Ton 3 Star Inverter Split AC,34490.0,5.0,3,Emi Snapmint,Free Delivery,https://encrypted-tbn3.gstatic.com/shopping?q=tbn:ANd9GcRm6gtaqLFDT1CyhluLrjRyu16rMMDS2Ke6KoOQR8bb78hGQG6Y42dWUWSFMrctiwc07qgQSTMFzLFDMnkhTWtl7kbc7-i1nymTo9L5wImmc-J9CMGxQmuN
Ac,Daikin MTKL50XV16 1.5 Ton 3 Star Inverter Split AC,37490.0,5.0,3,Flipkart,Free Delivery,https://encrypted-tbn0.gstatic.com/shopping?q=tbn:ANd9GcTCeTSR6dLhCN0dRJQFMts1p-O3EocNPxhgue-_30f4aY5WrMrMjib1LEIqZURfS-SnjSU66yQbBINf2fmQLweXOnOSxCSFlkKe4GmEyptnUeRH83uNysXy
Ac,Panasonic Star Inverter Split AC,42990.0,5.0,3,Reliance,Free Delivery by Sat,https://encrypted-tbn2.gstatic.com/shopping?q=tbn:ANd9GcRqM_Y2YuSwRjwPo2ALKpdYfoM8a_Zm5ETcZu8OBQ2cojHAzMXsM2Z56CxXy_b1jIu9SkO9mRq03dfh9KCYNLbsqka9xHcZ1pBJ2n9dwUwiQ7ujOY1jnwHNoA
Ac,Daikin Streamer Discharge Series 1.5 Ton 5 Star Inverter Split AC JTKJ50U,45000.0,5.0,5,Tradeindia.Com,Free Delivery,https://encrypted-tbn3.gstatic.com/shopping?q=tbn:ANd9GcROKDRMLbzOPDdxKO0uT_5vjIh1D67gJfPh27lt61uUw05qb60uIpqPPYxIQN1-e4MT7PwOlSrpVkQQYjGHi-P4l00iP9rU1Q
Ac,Carrier 1.5 Ton 3 Star New Star rated Wi-Fi Smart Flexicool Inverter Split AC,46990.0,5.0,3,Amazon,Free Delivery,https://encrypted-tbn1.gstatic.com/shopping?q=tbn:ANd9GcTjgYApp-FggTHmgPbDu3par-83OP5afR7U9H6l5dDHtjP_5T4hgdQK_hQAJ5veFdI1558odhcKJ6Cdi2WrNHdydiYaorZwPbOf1OM5YuQqeImev6MKY65v
Ac,LG 5 Star Dual Inverter Split Smart AC 2026,54555.0,5.0,2,Lg Electronics India,Free Delivery,https://encrypted-tbn0.gstatic.com/shopping?q=tbn:ANd9GcSu8vLzFjD-0hXD4Q_gna9mWQUuxvko5a6slCqnwyFEsROXwZnVaYOwAtgPmW2uBo5Hj5vPrVosDh6G7kXw0tFmTh88lmG6
Ac,Whirlpool Magicool Inverter Split AC,32240.0,5.0,3,Flipkart,Free Delivery,https://encrypted-tbn0.gstatic.com/shopping?q=tbn:ANd9GcQu01lxSt22l83FcxKWCHJso3_fq2UeD3NcueUnXYS7SRuyDBA2ebP7ScYgSAfSuRkOn01ox1hN8SNHFYk67qilCRiNjLMm88tifjU3WOo
Ac,Lloyd Stylus 1.5 Ton 5 Star Wi-Fi Inverter Split AC,27049.0,5.0,3,Reliance,Free Delivery by Sat,https://encrypted-tbn0.gstatic.com/shopping?q=tbn:ANd9GcTi8YogNfoJ2scUNnj1ppuce35pMu3vHCtyeRXDs0SkLVXpbh7J1Qq1rtJL15Au3TN5TZ0FVMu65k49CIvbh-Fx08IROMinpgTCXqXnQ31vBIBPFhh9TES7nA
Ac,Midea 1 Ton 3 Star Split Inverter Convertible 6--1,29490.0,5.0,3,Amazon,Free Delivery,https://encrypted-tbn0.gstatic.com/shopping?q=tbn:ANd9GcRKGmy_JPqskB-1b7MVEJCW8pngXoJ7yekft6cl4NBo-NG060SwmZwFOpslYZfU_UCHsPU40Gg3RLlIy-FWR-PEdc-eCbaRmxms10tAqL6FAE5q1JYrMDiZbA
Ac,7 in 1 Convertible 1.5 Ton 3 Star Inverter Split AC with Anti Viral Dust Filter (2026 Model),32990.0,5.0,1,Croma,Free Delivery,https://encrypted-tbn1.gstatic.com/shopping?q=tbn:ANd9GcSFeREqRniyyXFTBVXSB0YfYFsbhNztcCxV1umNEEd3WzgHDipx-fRx3vwOGpRdjZJxukWppHLgMcFLMebGtK6A46PkSws_Vkh9CFvf2oTKud9ig2P4mNpIVA
Ac,Akai 1.5 Ton 3 Star Inverter Split Air Conditioner | AC for Bedroom | AKSI-183PQE,36190.0,5.0,3,Akai India,Free Delivery,https://encrypted-tbn3.gstatic.com/shopping?q=tbn:ANd9GcSGwOtVUqisWeXdLMXRABhB1Wt1Rmvkaj6iWhoYcWn2wns33lfCEVoP4id-FBHxtKedlIxs2FZ7SX1cTLfmfgeH7gsr4RC2ceaK9LeKJkI
Ac,Voltas 1.5 Ton 3 Star 5 in 1 Adjustable Inverter Split AC,34943.0,5.0,3,Flipkart,Free Delivery,https://encrypted-tbn1.gstatic.com/shopping?q=tbn:ANd9GcQxMW2eGxvh4Mb-Hu5vlzrcmaM1wMzgcYPPiFOoF4fnU3wQuvHi80yN3BAlugWy2U9LydkxYUS1FYueai4EJcjlYr25SCr5ve1j2mPhTaY010RAh0Ms_90kFA
Ac,"Panasonic 1.5 Ton 5 Star Premium Wi-Fi Inverter Smart Split AC (Matter-MirAIe, AI, nanoe+AQI, DustBuster, Copper Condenser, 8in1 Convertible, 4-Way,",54990.0,5.0,3,Reliance,Free Delivery by Sat,https://encrypted-tbn0.gstatic.com/shopping?q=tbn:ANd9GcSO89jLfPNHB9hXsNIxFPu94llhAe-fJvVtfoX9WhSr6fQFTE3nNXk8lj3ReL6gUC-G2O7R0vifM9CwjeczolL2m07DDG9jf8XUwdWOvpXBm7l5ZmVKQYP-Vw
Ac,Cruise 2 Ton 5 Star Heavy Duty Inverter Split AC,48990.0,5.0,3,Amazon,Free Delivery,https://encrypted-tbn0.gstatic.com/shopping?q=tbn:ANd9GcRMuUHXRaSA0XtmaEXklzJZuDgxpoVbs1fG03c9NbbY_r5pi95BTWMm0gxy924Sacf2-KmlnE1X_3J9gfFWa7lGKg5dubtwUxk9j9O9ShSnhycIZ930EefNZQ
Ac,BPL 1.5 Ton 5 Star Inverter Split AC,32490.0,5.0,3,Neverowned India,Free Delivery,https://encrypted-tbn3.gstatic.com/shopping?q=tbn:ANd9GcR4-YbsC7tWtF-WZEfgd8Nbj7CSi7WNEzWeUo1saYDchF5u8yxKGbvlSVNK2GAS-boJkzurFUSUUF6dnE7j18J-4eergi90DztOO0IZS90zE8mnjEutuSZseg
Ac,Lloyd Stellar 1.5 Ton 5 Star Inverter Split AC,26703.0,5.0,3,Addmecart,Free Delivery,https://encrypted-tbn2.gstatic.com/shopping?q=tbn:ANd9GcTnlc8qOYO_xw3mq2qRZrfqLNQ0SvXH_jrHedOIUYZsrnQBEFHjhk33z1j-9hZNMLd9G0Ln7vHgmyc2gySVKWp2D1630DUt
Ac,Whirlpool 1.5 Ton Split AC only Indoor Unit Copper Coil with Remote for Fixed Speed Split AC,11950.0,5.0,3,Aldahome Appliances,Free Delivery,https://encrypted-tbn3.gstatic.com/shopping?q=tbn:ANd9GcQxU_UrZV1k9UH-PZjYlYMbU79OCwmaARqWDpnmd5hDEHF_j2siey0PsqdbNP6V4hLRkjUY-JNlc4CbqJrhgR_RvEfzjXpvKO0QmCZa4T7RGjtl5qI960Lrmg
Ac,ECOMISTIQ Portable Ac for Home Ductless Mini Split Air Conditioner with Remote | Mini Ac for Room Cooling Compatible | Mini Ac Replacement Accessory,3911.0,5.0,3,Amazon,Free Delivery,https://encrypted-tbn3.gstatic.com/shopping?q=tbn:ANd9GcSYl2OXvvCpnfNt1DHGlpdrh7wyZjV3_u__ZRyJNsVnCjYzcpsHWCcSzSp25wh4mdihgort4_PoZme1TpYeIUgO6Huh-BaAu3IgCy19Vo7b2-Yh00tKY898
Ac,Voltas Adjustable Inverter Split AC,26390.0,5.0,3,Flipkart,Free Delivery,https://encrypted-tbn2.gstatic.com/shopping?q=tbn:ANd9GcQsV694ayrfm3nRHyjciKtKjj1o3Ly6qo_0UwpTh0DOPyH0MUffuNZ7Sej6KV7JAq51m2DsNjb8jY4WPwFa9raMOqGga0sc9ECpw6RvR4DYYMS3fKDPCC4I
Ac,1 Ton 4 Star Window AC with Dust Filter,29494.0,1.0,1,Croma,Free Delivery,https://encrypted-tbn2.gstatic.com/shopping?q=tbn:ANd9GcRjuOrj1iqaMjWziblG5mv4mrWVspEutdxF8LF47wiXPe5IMNCjATgbxYUJwfZGvAN9bOrvi9OX9pFNyOSl9yvV6l14G3nAZfMRHMc0r674OqzkA2yZACFf
Ac,White Godrej Air Conditioner For Home Use With Low Power Consumption,10000.0,5.0,3,Tradeindia.Com,Free Delivery,https://encrypted-tbn1.gstatic.com/shopping?q=tbn:ANd9GcT7s1dsF0SA-S2EFGLq1oUmMenPnyndBjQDjQSgr2HPOeFijAxlE_uQL9SFXu8ZrBF8a1qblZAghvJFdaOa_ZU28Je4nxDS
Ac,Lloyd Stellar Classic 1.5 Ton 5 Star Inverter Split Air Conditioner,63490.0,5.0,3,Reliance,Free Delivery by Sat,https://encrypted-tbn0.gstatic.com/shopping?q=tbn:ANd9GcRKf4Sg5sKbB9-jOGgLt8ZjXetfDqu9t9pyjuM88q7kdaFQI59NQbkawMhIW8zKQuwtGuoC9R5w_MJxtNkQTUKwtFvIwIVeI9HtPTP2TJI4Gr_rpK4AatSvqg
Ac,Blue Star 1.5 Ton 5 Star WiFi Inverter Split AC,40490.0,4.0,5,Flipkart,Free Delivery,https://encrypted-tbn0.gstatic.com/shopping?q=tbn:ANd9GcTbEQTPlnB8XKwOelSUX1y40ya6psZf61XQsCiDLEu6v1jG0TxT703nKIE4LqnvYdt1MdbLiSTLcM2uVul1DbzCBi-BQ0Te_s4lC1Meum98fV_huhi178LlQg
Ac,Helium Air Smart Inverter Split AC,22490.0,5.0,3,Amazon,Free Delivery,https://encrypted-tbn3.gstatic.com/shopping?q=tbn:ANd9GcS4wbBWF1A1ceXAJIBd4E0UYkggY2J0Kd_k7kEd__AFKZ1xp8_J41lCwULhOZG6e4_tmfYaaBjXktht0b5x2HPd5EsOJSr92dAxoY02dURJ1730dMB79HdOMQ
Ac,Voltas Split Air Conditioner,26399.0,5.0,5,Fliptwirls,Free Delivery,https://encrypted-tbn1.gstatic.com/shopping?q=tbn:ANd9GcQelPx9dmQMAdcftHjfUdViRoOp_c5wPbcNunvofkQXzjGk5_2ynE0dv3FJaeycWz7PRBVydBsZSpmmYlc8pAQNkc_KEYw7FzuPzDgOO4ehNV8e-sHNlREK
Ac,Club Bollywood Air Conditioner Remote or Touch Control Portable AC for Room Bedroom Kitchen|Home & Garden|Home & Garden|1 Portable Air Conditioner(UK,19171.0,5.0,3,Amazon,Free Delivery,https://encrypted-tbn0.gstatic.com/shopping?q=tbn:ANd9GcSZOyI4EZovONCXNHzPYIKJpb1bH2PbEZezm6ksUuOgtvTbXKjVy0uXul4Or2prNH04U9aRaw0hUPnfXXFgyiCLvflx3mGe7eKrIeMJdwzn9nra0HFC10f3qw
Ac,Daikin 0.8 Ton 2 Star Split AC,26490.0,5.0,3,Croma,Free Delivery,https://encrypted-tbn3.gstatic.com/shopping?q=tbn:ANd9GcT_KNFBTk5iD4_zRE3aCa_9WLXTsNxG7Xkuc11Jc29r9hWZrgvA1_e71nzbhhgY557-TxZN8Mi_NtvB0jfEPD67qwYhdhKsGFkwT6efvru85kTUevngm4lBUA
Ac,Lloyd Stunnair 1.5 Ton 5 Star Inverter Split Air Conditioner,68990.0,5.0,3,Reliance,Free Delivery by Sat,https://encrypted-tbn0.gstatic.com/shopping?q=tbn:ANd9GcS0T5Y4lKzHv9MjT_jwxlX-YiN8LMzTkqA4WIQEepLsW81fmsiHuJBHTTrOi_8H-c4cXhMU7zzENw2gSYOADZPR2wP6BtJinQvxN-DI2A2SGch8D5Z8wl7irw
Ac,ATORSE Portable Air Conditioners Fan Personal Air Conditioner for Bedroom Room Home,2412.0,5.0,3,Amazon,Free Delivery,https://encrypted-tbn1.gstatic.com/shopping?q=tbn:ANd9GcTSkdYP74Z8oCIRxwEL-z5t9hLVrtjbV1dPFG1dc3ZRh-W_grCqEEBbf0W2jXG6fd9AD89PGuwktdbJNaSSXa8ROZZVDA0YnJW90LmOWt_hE6dsUuCUbPMY
Ac,Hitachi RAW318HIDO 1.5 Ton 3 Star Window AC,31490.0,5.0,7,Flipkart,Free Delivery,https://encrypted-tbn0.gstatic.com/shopping?q=tbn:ANd9GcRGLDml4wKlLEs9lcT_afvqIRVHoTQD7cVbREv43tJ87BRzKcJMV7_pSbH74KEzagSpAnTxWkW3xBlMqx_fy4m9UB7E4GO5vYfDecC6pTc
Ac,BLUESTAR 5 Star IC518DBTX Inverter Split AC,25000.0,5.0,3,Tradeindia.Com,Free Delivery,https://encrypted-tbn1.gstatic.com/shopping?q=tbn:ANd9GcSSHEeVXyN0QKcdZT6z5kpFYhe-btw2MAYvltiDo4DIQ4N3Wgg1j-S1jUL3rqNUtji6r_Z_nMEckRDdCWCDClsUeSoeewZ7
Ac,O General Advanced Hyper Tropical 2 Ton 4 Star Inverter Split AC,74490.0,5.0,3,Amazon,Free Delivery,https://encrypted-tbn3.gstatic.com/shopping?q=tbn:ANd9GcS9_p1bLuwxnK1H9HtiZSheglFKagTXUQ1cy8KB3pa2shej2QYnWfJndrxw2ftUgbtp__YUygoq04V3WAeVvwAt3wd5I_ZUR7LLL6If8zQhxFJ4RMl--T4NTw
Ac,"Wybor Portable AC 0.8 Ton | 100% Copper, Silent, Smart Cooling",25900.0,5.0,3,Neverowned India,Free Delivery,https://encrypted-tbn0.gstatic.com/shopping?q=tbn:ANd9GcSokVBv3oGMRILPj2T5gLTTvbOpHifMr5skx_BKQB-N0S6yxr-fS506Kketqs-jR0uo4I0ObFUzL_TgtarsTZbs9M1E2FEK
Ac,Godrej 2026 Model 1.5 Ton 5 Star Split Inverter AC,38159.0,5.0,3,Flipkart,Free Delivery,https://encrypted-tbn3.gstatic.com/shopping?q=tbn:ANd9GcR2PnWLTPldycySEZjuxi5Pd89J26fxOPR67em4mtmVaCkaJh0T84AgirZYl7-gg-cCrJt1zcy-WmFOEKHHYRtZ9lUoi0UEOUoo0xMzrPRQ4DZJs8Ax220pCg
Ac,Sharp 2026 Model 0.95 Ton 3 Star Split Inverter,28940.0,5.0,3,Amazon,Free Delivery,https://encrypted-tbn0.gstatic.com/shopping?q=tbn:ANd9GcScfGRZ01z88Q5w5LflbuWsbaKGxnKBS1P2N1JRS8tn6YcMJpqVS0_zIU901yiPdeg0CNbRWDj6nmykoBWrynJm25kvZeXoG3yUubAbNFe3fXoNY2p9VzYcbQ
Ac,Godrej 1.5 Ton 5 Star Inverter Split AC,39000.0,5.0,3,Tradeindia.Com,Free Delivery,https://encrypted-tbn1.gstatic.com/shopping?q=tbn:ANd9GcSed18Jikmk84QU5GEMJvQ09rXU_Bo5KTSbQ4atpRqJMiuy2FoR-pSH-BPbKCd7oKzFxqkm9XD87Nb9vKv085VwoiyaCRZo
Ac,Godrej 2025 Model 3 Star Split Inverter 5-in-1-convertible Cooling Heavy Duty Cooling At Extreme Temperature Ac,27999.0,5.0,3,Addmecart,Free Delivery,https://encrypted-tbn3.gstatic.com/shopping?q=tbn:ANd9GcSkyzUxAVff-gAOYJmFuQ5D-EZ24_4DhR1B9sKojvc95nMMvzJcIRW6kTwPaskSRkhRbn9jofNd2zpweiw5BZUdQZdbTZEi
Ac,Thomson 2023 Model 1 Ton 2 Star Split Fixed Speed,36998.0,5.0,3,Flipkart,Free Delivery,https://encrypted-tbn3.gstatic.com/shopping?q=tbn:ANd9GcTr81lQqBIMcNlr7XcxRG1g6Fnahpwp_AxGebGfRx53wwo47DnxIVDOh7n6s-d8CnXp0vmPepF8X-alY059JoaSXN160shhPA65L-1i5IA
Ac,LG 5 Star 1.5 Ton Dual Inverter Split AC,25000.0,5.0,3,Tradeindia.Com,Free Delivery,https://encrypted-tbn1.gstatic.com/shopping?q=tbn:ANd9GcS_uVDf4t0Rha9ThQCO6MuWbPCe76CKFvcee8ivMRlscRUwgLH-ENN-o-bMzLBu2CRJpSVgy7yWrNLaHVCnNlHEx17-dMbNTw
Ac,Hisense IntelliCool 1 Ton 3 Star Inverter Split AC,26990.0,5.0,3,Reliance,Free Delivery by Sat,https://encrypted-tbn3.gstatic.com/shopping?q=tbn:ANd9GcQu-_VwNPXbpphRfZ_q2QWnrLciLKVT-aQIfKFTUd1Tf-kMc1e6rbdbLYpeyXIp-wsFTnODXMI-iy2Z5Mh15L2-tq9vid9mGN18j7PtqlI9Hrv2aK2Q8CHB
Ac,Cruise 2 Ton 3 Star Inverter Split AC,39990.0,5.0,3,Amazon,Free Delivery,https://encrypted-tbn2.gstatic.com/shopping?q=tbn:ANd9GcTB4cOAkspMDbT6Gf2YKESj6WLXV3XF_LhdZHF__rbN6aXKyN6Q6F6wZHHtpTX9yuv-8AMnfW7u-rHhRs_EuIYh0EjE1MsA2CyZxtb4xTqLj_Wd0E6LBZqoyA
Ac,Voltas 1.5 Ton 3 Star Split AC,24600.0,5.0,3,Tradeindia.Com,Free Delivery,https://encrypted-tbn0.gstatic.com/shopping?q=tbn:ANd9GcQ27mOreb2iRhF-x-taAHsHcnowNmSUkAN46TyWmdWLhg_TgzIW-ukhC2jj8R_Ea7qTm6KKOKzaJUdt3uPTYzTTUU_IcQM4iw
Ac,Godrej 1.5 Ton 3 Star 5 Years Comprehensive Warranty AI powered,24768.0,5.0,3,Addmecart,Free Delivery,https://encrypted-tbn0.gstatic.com/shopping?q=tbn:ANd9GcT3RvhUDFJPAh_Qyguh4DgYAP1NrkDvlBQwMjJX8BnjTVDQ4SomtTEUNWZwWl_e71-BO0N8qBbB1jGZP2aW1VDG96vVJoJc
Ac,Godrej 2026 Model 1 Ton 3 Star Split Inverter AC,31085.0,5.0,3,Flipkart,Free Delivery,https://encrypted-tbn0.gstatic.com/shopping?q=tbn:ANd9GcRJ4nxc5pC-NQhD3JRzyKDRb-RDfA1xhz_RwnglqKH1ZFrhb7I_oLg-2CZXQVJynVBRNaXISUXXMUVBxlxsZQiNGvwqRYaYUw3gHJRddrA3igt1wtDmmN_dIA
Ac,O General Advance Hyper Tropical 2 Ton 3 Star Inverter Split AC 2026,62990.0,5.0,3,Amazon,Free Delivery,https://encrypted-tbn1.gstatic.com/shopping?q=tbn:ANd9GcTkiJ-mzgz4OXYN9BSFBGvQUQAsVIvP75Bwfqi3tKuJXvd-lxUEcdr33VK4_LaDV_8yhREiOxWLYENIsric_PbCMHAN01Ar1UFnxK94drKEbLaMdXuXNCMVPw
Ac,Godrej 2024 Model 1.5 Ton 5 Star Split Inverter 5-in-1 Convertible With Heavy Duty Cooling At Extreme Temperature Ac,28890.0,5.0,3,Flipkart,Free Delivery,https://encrypted-tbn0.gstatic.com/shopping?q=tbn:ANd9GcRlmrzuLaxjv_BE9YM9c73IvZcJDqrHD-6U6gpgQCbBAb2UC80UuC3D7hgbE26eCSng62UdHWBitX3N8c_48P_n8wvlstoeR5wogIIxiJ-syg6voMQvPeal
Ac,MarQ by Flipkart 2025 0.75 ton 3 Star Split Inverter 4-in-1 ConvertibleAC - White (073IPG24WQV2),15867.0,5.0,3,Addmecart,Free Delivery,https://encrypted-tbn2.gstatic.com/shopping?q=tbn:ANd9GcQcp-Y-d_3OCZJFEpynuqfwLRVSMiJ2OeclB1BItMrhZ4U2jY9LI0TnyeY5S6VljP3roXR4wBo-jFekAHqx1E3Xt8pCS8xbPA
Ac,Hitachi 1.5 Ton 3 Star Split AC,17400.0,5.0,3,Tradeindia.Com,Free Delivery,https://encrypted-tbn0.gstatic.com/shopping?q=tbn:ANd9GcRis9WADZHi7GmVrH_YpSDaTD4wbvlIetLONpA0QES14aLvNXLfT42QdMTu-rIa4MmV8WSgMdBW7ERVbeCh2c_7-1sbYhMTcA
Ac,Voltas Adjustable Inverter Split AC,31490.0,5.0,3,Amazon,Free Delivery,https://encrypted-tbn1.gstatic.com/shopping?q=tbn:ANd9GcR67IrI7KQTdloAkg53ShbeCjKAzS7waruTfk_sSQVxNLMru6EcyUqJj0OaDo22iG5cQ2RUVz_PlNX6ZGOe8xkifOO9l63TIkMGMFOYVrRAy0K0R9xxjKw
Ac,Blue Star 2023 1 Ton 4 Star Split Inverter AC,28625.0,5.0,3,Flipkart,Free Delivery,https://encrypted-tbn1.gstatic.com/shopping?q=tbn:ANd9GcT3dP_odZOYo6MEktUoVNZNsI-uJH99QDZ0L2-x7guyUW8t44V3S9JW2-M2-T-EtBaDK0J35oBSlk1YWnUkd4vjEBXVkIBL_M4UrfOZ4Ws
Ac,Blue Star 1 Ton Portable AC,33000.0,4.0,2,Aajjo.Com,Free Delivery,https://encrypted-tbn2.gstatic.com/shopping?q=tbn:ANd9GcRmh8zxlLPWihNKMTnFDkn3qJrWWwGs9b7dXikom8DyC_8RknKyYcxbmWWbu1SukXUfjUsyIjS6NwlrE7ibMI8pc7nGK3_wbQ
Ac,Godrej 2025 Model 1.5 Ton 5 Star Split Inverter AC,35000.0,5.0,3,Flipkart,Free Delivery,https://encrypted-tbn0.gstatic.com/shopping?q=tbn:ANd9GcQ2s40fZdwIlJOrydfOY5B-rxLLuriu1GVkgQxjxlPpSCcRKRCTLGcPpbAqshOcVpDW3AWfNQGyt3YCRLioHXhNa1FW5guhRyvrAJLYXR0
Ac,Carrier 1.5 Ton 3 Star Split Inverter AC,32990.0,5.0,3,Flipkart,Free Delivery,https://encrypted-tbn2.gstatic.com/shopping?q=tbn:ANd9GcTmSb-bP1-BaOvxeVCljdZR7WaRx5IUqaTUvA3ofCYzUUZvUqmH5F8J5Y6v9l0kyXSJuE8ll431TgG6JPdSFV-mV-IGoZxHRYSbyeslVKpHS7wo5Sv4zU79
Ac,STYLEHEAVEN Air Conditioner Remote or Touch Control Portable AC for Room Bedroom Kitchen,16840.0,5.0,3,Amazon,Free Delivery,https://encrypted-tbn0.gstatic.com/shopping?q=tbn:ANd9GcSZOyI4EZovONCXNHzPYIKJpb1bH2PbEZezm6ksUuOgtvTbXKjVy0uXul4Or2prNH04U9aRaw0hUPnfXXFgyiCLvflx3mGe7eKrIeMJdwzn9nra0HFC10f3qw
Ac,Haier 1.6 Ton 5 Star Split Inverter AC,43990.0,5.0,3,Flipkart,Free Delivery,https://encrypted-tbn2.gstatic.com/shopping?q=tbn:ANd9GcQHWPIEjMVPIfmz7fz8257-X_9P1RVO2TpJdM1jhf7CNRhxp2wK8ee1DFtGz04zFhh1OiXUerv8VaNkNhrZPIIlVsuTFEhFfFaUzHfD9tg
Ac,Sansui 1.5 Ton 5 star 4 in 1 Convertible inverter split AC jse185si2301,30490.0,5.0,3,Reliance,Free Delivery by Sat,https://encrypted-tbn1.gstatic.com/shopping?q=tbn:ANd9GcTi94Yuumyug09xGLqUov_ZGvpyJSa8pNJDm8zgD5YUra7ucs358M84FPPGnve-cfXbh6l-IId2yMtXcmO2jukaFY8UQJP9MgKFEfLSf3Kv2iBSq1zZskhjFw
Ac,Godrej 2026 Model 1.5 Ton 5 Star Split Inverter AC,37690.0,5.0,3,Flipkart,Free Delivery,https://encrypted-tbn1.gstatic.com/shopping?q=tbn:ANd9GcTZuTGUG4QGpPPhHiaTlGbNKG9bmU9GS893dd4HEkvudy43ufowm5jUO3pFLj7kOBhO5SPELzdnGMJS7v-eGfxCHlxZe6lvLPrhGA8Fzks
Ac,Acer 1.5 Ton 3 Star Smart Split AC,25490.0,5.0,3,Reliance,Free Delivery by Sat,https://encrypted-tbn3.gstatic.com/shopping?q=tbn:ANd9GcQmMOC0os9NvfvdWFO30goZHGtYJla3_hWIPDUAeSSOCR9RBZnCunxMZ_kzdwsJijng2dqI1ynaQjUnzlcRAk7xu2vBP7uIab1uPC4RIIJ_tbkkLCjKvcO-fg
Camera,Fujifilm X-M5 Mirrorless Camera,88000.0,4.9,74,Amazon,Free Delivery,https://encrypted-tbn3.gstatic.com/shopping?q=tbn:ANd9GcT_nmfSWYhs3jUvzJzLI9afwjpVy21sFG-XFHzPvUyCBhVNwpbOZITknvHvMhKp2AvOGUkNpTF9
Camera,DJI Osmo 360 Standard Combo,44990.0,4.6,445,Flipkart,Free Delivery,https://encrypted-tbn1.gstatic.com/shopping?q=tbn:ANd9GcTl_74EV1boZkghGoaUeiRXjQVG_ooPXP_2pMH5OdGQzbqsEIl8iABx0SoNqEA
Camera,Sony Alpha 6700M Mirrorless Camera,150990.0,4.75,307,Shopatsc,Free Delivery,https://encrypted-tbn0.gstatic.com/shopping?q=tbn:ANd9GcQbYvJ3dBsDxjWe1QHFDvoXbmpiQKayjeR6JC_RViVvVInKb212xe0f3mxo9bdbfYOk5c1wHVw
Camera,Kodak PIXPRO Astro Zoom AZ405 Digital Bridge Camera 40X Zoom,28499.0,4.1,156,Amazon,Free Delivery,https://encrypted-tbn3.gstatic.com/shopping?q=tbn:ANd9GcStb1w78LLGRDQlRoGrRcGdb8Qr7WeDdprvxf_W7HJj5xeNXlNqHZv-KKz_NA
Camera,Canon EOS R6 Mark III Mirrorless Camera,225990.0,4.8,187,Camera Club India,Free Delivery,https://encrypted-tbn3.gstatic.com/shopping?q=tbn:ANd9GcReMfITi-fOWKj-wo0rh6qT4PCkjMVyrxoDi-apltS3K9zbz_NjviXYLfCFtEpSoXmjMaDoq98
Camera,DJI Osmo Nano Standard Combo,34990.0,4.9,486,Dji India,Free Delivery,https://encrypted-tbn2.gstatic.com/shopping?q=tbn:ANd9GcThnaFZFLwku1gza9lQB6PywrkStYVfM2AN2HkKJpNPBjN4qs_kDJkRu9TJSTCK-FKBKvKC40PTUA
Camera,Sony Cybershot DSC-RX100 Digital Camera,30790.0,4.5,736,Sony,Free Delivery,https://encrypted-tbn3.gstatic.com/shopping?q=tbn:ANd9GcQMVa4GcGLMoghgT9kN9mZgk9vRxoe5N2L23C4pXk2kx0gMWEo
Camera,SNAPPSY 1080P HD Recording Retro Sensor Camera Anti-Stabilization Compact Digital Camera Built-in Flash Photography Equipment 50 Megapixels for,3324.0,4.75,307,Amazon,Free Delivery,https://encrypted-tbn1.gstatic.com/shopping?q=tbn:ANd9GcRTfew1iJj3T5WblX1C6N3SyqHQeyEr7sRrtj6fEcWjOvMw1m8YoWyTrktnV_LRns_36RQuOQgv0dk
Camera,Nikon Z30 Mirrorless Camera with 16-50mm and 50-250mm Lenses,76310.0,4.6,5,Croma,Free Delivery,https://encrypted-tbn1.gstatic.com/shopping?q=tbn:ANd9GcReQjfZ9py0VIccSNfW1UbfSJ0p-Sdu7g5zDWnLIFICRV3sG1T0Wr3z95H04m7BmP3FIJeto_sW
Camera,4K Digital Camera,10426.0,4.9,284,Kentfaith Us,Free Delivery,https://encrypted-tbn3.gstatic.com/shopping?q=tbn:ANd9GcQcrAJIzuQ29um_0MVZ1JUFoY8WICM2bFBntPtjeltmyP26rbmzsQRf69P3tZgEV8dHygpVGpjX
Camera,Sony Alpha ILCE-6100K Mirrorless Digital SLR Camera,62990.0,4.3,54,Shopatsc,Free Delivery,https://encrypted-tbn0.gstatic.com/shopping?q=tbn:ANd9GcRqO9OH0zLJyUJ6Srh7RI9MniI5TuJxHIQYZnqysn30olr2wkvxkXgZqcwbwpepjO-RFBumHc4
Camera,Kodak PIXPRO FZ45 Digital Camera,14999.0,4.0,1500,Amazon,Free Delivery,https://encrypted-tbn3.gstatic.com/shopping?q=tbn:ANd9GcSfaufaU6VE9OfAccey6Z9kFLT83ReOWLXwOEPQGUH7VlHNd-Y-e8pTCtlenAxHZf6jJFFdylE
Camera,DJI Osmo Pocket 3 Creator Combo,49990.0,4.8,8300,Flipkart,Free Delivery,https://encrypted-tbn0.gstatic.com/shopping?q=tbn:ANd9GcShhzJucRD88Lxi2TgcdSX8hcuWfOQsxN9G1C1WBOlAGYzpzXNR1bUf7ayp4aP8Txk8y7YP3Bbf
Camera,Fujifilm Instax Mini LiPlay+ Instant Camera,17999.0,4.9,926,Instax,Free Delivery,https://encrypted-tbn3.gstatic.com/shopping?q=tbn:ANd9GcTEw6_bVrNfkePxUngA4WAU-XOzg1xR517C3oeiYbt9X99TzG7rxJsMHi6R5MPgrd4LqZZ-cwQh
Camera,Leica Q3 Digital Camera,820000.0,4.8,222,Leica Store,Free Delivery,https://encrypted-tbn3.gstatic.com/shopping?q=tbn:ANd9GcSuTI9Jn2o0uEZJpWnQ8wCQqSPGH0dMQDVBDI_lkJKrJPpzxx4
Camera,Izi One+ 5k Ultra Hd 48mp Touch & Wifi Sports And Action Camera,8999.0,4.2,65,Amazon,Free Delivery,https://encrypted-tbn0.gstatic.com/shopping?q=tbn:ANd9GcQmW1QlWIHapvcHz9wWz8Q3Ic_Dgz4QSc4ib79tl-KtISoYYntGMNu0hAq6p9-wd_RgZB-bmJI
Camera,Canon PowerShot SX740 HS Digital Camera,59500.0,4.5,3500,J J Mehta And Sons,Free Delivery by Tue,https://encrypted-tbn2.gstatic.com/shopping?q=tbn:ANd9GcSAE-wnW8z2ktc_QrSOAHuY7o-vqYyOFOToyyviS8pUMpbspUtSIAAHvr3GhxNS1MPM0OjhbvI
Camera,Sony Alpha ZV-E10M2K Mirrorless Vlog Camera,88990.0,4.7,10,Shopatsc,Free Delivery,https://encrypted-tbn0.gstatic.com/shopping?q=tbn:ANd9GcQG30DgweDw5JLZCRwJ41W1COw524k1rrvsnAUf38COK4fHR9qcyfWJn22TE1QF5YirEZu47A
Camera,Kodak PIXPRO C1 Compact Digital Camera Compacts,13541.0,4.5,388,Amazon,Free Delivery,https://encrypted-tbn3.gstatic.com/shopping?q=tbn:ANd9GcQ98wsEfgTSB2A_E8WmOltyQH5amlgZvQS4yat3RkhyRjIku7QbPU8buGsBm9ENOgApk3l77iLv
Camera,Sony Alpha Zv-e10k with Upgraded SELP1650 Power Zoom Lens,63990.0,5.0,1,Flipkart,Free Delivery,https://encrypted-tbn1.gstatic.com/shopping?q=tbn:ANd9GcSy7eIRn5icnbeV3-pyN5kap62idLIjRnGyxel1HyCAnfCxNUt9gD77U3uJnCg-NMgKZVZaJWc
Camera,Nikon Z6III + 24-70mm f4 Kit,244995.0,4.9,61,Vijay Sales,Free next-day Delivery,https://encrypted-tbn3.gstatic.com/shopping?q=tbn:ANd9GcSdMddSOeJeUHnmQyGrxMepvv2bo9V7oEmsdoEjQCVrbG7oSS6sbxWxrR08o7WrIZvQXh3X4jM
Camera,Insta360 X5 Action Camera,58990.0,4.7,546,Kamal Imaging,Free Delivery,https://encrypted-tbn3.gstatic.com/shopping?q=tbn:ANd9GcRwe3pLv5FQePVdNB8NNCVTTQShj30YWPBQJVe6Vi__o22vcU0
Camera,Sony Alpha ILCE-7M3M Mirrorless Camera,136490.0,4.7,350,Amazon,Free Delivery,https://encrypted-tbn0.gstatic.com/shopping?q=tbn:ANd9GcRyPF9mIpiFgAyteMDHppac8aOcfNxbTdvHBwiEFNrDRfbhRateYY8VdY4S1UUXaX6CKxP5au-Fyg
Camera,Fujifilm Instax Mini LiPlay Hybrid Instant Camera,15999.0,4.8,1900,Imastudent.Com,Free Delivery by Mon,https://encrypted-tbn3.gstatic.com/shopping?q=tbn:ANd9GcSpQNI28jyIwW_yDdc0m5XsrEc-60SjYjYgXZr5mTc6Q1md2TUt
Camera,Canon EOS R50 Mirrorless Camera,66490.0,4.7,2600,Imaginext,Free next-day Delivery,https://encrypted-tbn1.gstatic.com/shopping?q=tbn:ANd9GcQmfiTcfsivrKA3LkQEu_nTOsS0WHVTI5ZzWnBuhdMJ-5xn5on_cZXh7wbUdPS-HMKC_jhmQuw
Camera,GoPro Hero 12 Black,27999.0,4.8,56,Amazon,Free Delivery,https://encrypted-tbn3.gstatic.com/shopping?q=tbn:ANd9GcTx179Osy8p988QlgdF5r2IxthQ3R5IbbYumbww_WI-nGH5OAzayIO-j3yrQ5tsmED-lOm43xjljA
Camera,Sony ZV-E1L Mirrorless Camera,206990.0,4.75,307,Flipkart,Free Delivery,https://encrypted-tbn0.gstatic.com/shopping?q=tbn:ANd9GcSLc6_CU3wnY-VKH-akLy6oorp8jE1felPPFsGqzzXGb4EnqsH2rmSu3Hib_Vn4jCHqJhMIIVnJ
Camera,Sony ZV-E1 Full-Frame Interchangeable-Lens Mirrorless vlog Camera,179990.0,5.0,1,Shopatsc,Free Delivery,https://encrypted-tbn3.gstatic.com/shopping?q=tbn:ANd9GcQMrJLeLK2VdC7ydE4cNToZL7qAlg0a0My8K62Wl7Ms06VfDMgdGwKld9o7qWPxJ8VhLpP9FJU
Camera,Fujifilm Instax Mini 13 Instant Camera,8499.0,4.9,1000,Reliance,Free Delivery by Sat,https://encrypted-tbn1.gstatic.com/shopping?q=tbn:ANd9GcQ9hDJWBPct_vLd6hFM5ip5Obtr0zgyFWva-bP4t3WZKjKlP1s3cHAM-_EVsPYjxEwEw55_dOzJ
Camera,Sony ZV-1F Vlog Camera,39990.0,4.6,2000,Amazon,Free Delivery,https://encrypted-tbn0.gstatic.com/shopping?q=tbn:ANd9GcTxR6z9S-hRqTlCYvvNvYB8EK-OLPURwWHxtq84uq1DEP0cxOvaHQq6OSVz16dcRP5-5BFd_us
Camera,Digital Camera,10952.0,4.9,307,Kentfaith Us,Free Delivery,https://encrypted-tbn2.gstatic.com/shopping?q=tbn:ANd9GcT8fnLI_hPQyNsq94uLgVvojfKz99K7y09NG-q20LeYCKPpJmKUj7yUWm3RaT6MdeXXbhWjrlyD
Camera,Kodak PIXPRO 16MP Digital Camera 5X Optical Zoom,16788.0,4.6,4200,Ubuy.Co.In,Free Delivery,https://encrypted-tbn2.gstatic.com/shopping?q=tbn:ANd9GcSb_Oq_hRofY6zMRSOhGujSMniGT9uxZw7_LtSMXSKgtHEcFY18hic_q3-dnQ
Camera,Sony Fx Ilme-fx3a/Q In5 Mirrorless Camera,355990.0,4.75,307,Amazon,Free Delivery,https://encrypted-tbn0.gstatic.com/shopping?q=tbn:ANd9GcROMESk3Rl_2fLkD1CEd2QPbd1mnHauWIhPGf9t7A2uIdj4-LA8IhO-qonpWViDAnbt5Q--89g
Camera,Sony Alpha 6700 Mirrorless Camera,117990.0,4.6,323,Flipkart,Free Delivery,https://encrypted-tbn2.gstatic.com/shopping?q=tbn:ANd9GcQaOpSu6EyltvEGqxtU9FofQuCMXo2rNld0fnPelxXjlLcXMKVBvHpUjoOMcyY
Camera,Sony Alpha ILCE-7CM2L Full-Frame Interchangeable Lens Mirrorless vlog Camera,206990.0,4.75,307,Shopatsc,Free Delivery,https://encrypted-tbn2.gstatic.com/shopping?q=tbn:ANd9GcQtbMPx3qPKQdcjx27WBjahSSEvuzee65teJBRDVsMG5dunsv0pyYphSfTLUk0H4iivuaVDbW8v
Camera,5K Digital Camera,7999.0,5.0,1,Amazon,Free Delivery,https://encrypted-tbn1.gstatic.com/shopping?q=tbn:ANd9GcQcA4Ztxr9MEDhbSxYxxAgqAqmyXOaCO_jpoXQKtwFDQfFUBEGB26IrYgd7PMMo_7NN08RPXOI
Camera,Canon EOS 1500D Camera,33879.0,4.8,140,Tradeindia.Com,Free Delivery,https://encrypted-tbn1.gstatic.com/shopping?q=tbn:ANd9GcR06mDRolv2XUlw1wXZJRmKhUl_TYTtzVZIylk1bANOtRW71KA
Camera,Leica M6 Rangefinder Camera,720000.0,4.3,12,Leica Store,Free Delivery,https://encrypted-tbn1.gstatic.com/shopping?q=tbn:ANd9GcQm2sdxFCvoBkZTeJJuUrRLDa0hQYAlL4ToLkSenigqzcMryb1uNeeRrP9zxOr6S6kZHXeiyiOK
Camera,DJI Osmo Pocket 4 Creator Combo,69990.0,4.8,659,Flipkart,Free Delivery,https://encrypted-tbn0.gstatic.com/shopping?q=tbn:ANd9GcRKJCQsf2IsPKkFJcZgVf3jPixR_Bp7yCfKd__jQSPwAQawg4NruqefvwSc3PM
Camera,ZEB-AHDPDSL24 Surveillance Dome Camera,1299.0,4.75,307,Amazon,Free Delivery,https://encrypted-tbn1.gstatic.com/shopping?q=tbn:ANd9GcSA5W3weQT3a1BcP9_VlibXgjKpHHtxVw35ahMo8GDxEhVeKmv2
Camera,Sony Alpha 6400 Mirrorless Camera with 18-135mm Lens,87490.0,4.5,474,Flipkart,Free Delivery,https://encrypted-tbn3.gstatic.com/shopping?q=tbn:ANd9GcQ_wLnps9RrWgP6AUuexJqM6wcs7H3xB9pMzJttK_JSmGQu-M6rhkspMardZAx2CdcGAw7cDYHiz744a2Qs4AWUZ8hSx1qjGg_uC2hGHS4
Camera,Sony Alpha ILCE-7M3M Mirrorless Camera,136490.0,4.7,350,Flipkart,Free Delivery,https://encrypted-tbn2.gstatic.com/shopping?q=tbn:ANd9GcTpOBVk3U8SWUNGSjxUJcfQmCADd63iVC88X9inj6mNTXZfF903i2Q1zVssPIppk0Oav0vxl_853BQu7wo67_R_hdoyh35N782pt-b89dSLGYcuOFxg7-gnig
Camera,DJI Osmo Pocket 3 Creator Combo,49990.0,4.8,8300,Amazon,Free Delivery,https://encrypted-tbn2.gstatic.com/shopping?q=tbn:ANd9GcT8xSpq4mVGMycEB-bclou5i0tZ03EhCCZFCDdeqXsVzAm89Y793BFqyerg7LX7MKtJ72onY3ID95W0i6hnenOfVN01mRzXZUDVnCNGNsQJ
Camera,Kodak PIXPRO FZ45 Digital Camera,14573.0,4.0,1500,Ubuy.Co.In,Free Delivery,https://encrypted-tbn3.gstatic.com/shopping?q=tbn:ANd9GcSwSFdsOMU4uWj4Un1fxhVIi4ePZatBjinTokPw-wXBIcrnYDQOf_qkFrtpGuowGQ_1L9mmZ8sYv8-ErbzSUw-AVZRaVlQh18wgN8P6OvV7iv4IgSYp_zGg
Camera,Sony Alpha ZV-E10 Mirrorless Camera,54489.0,4.4,92,Flipkart,Free Delivery,https://encrypted-tbn2.gstatic.com/shopping?q=tbn:ANd9GcSNPIxSiL0JcAW94O1f5S2OKRhZ3jfhF7u96K6GqJ--GjK7fspXQyXrhixCZflVObqdTH7GhzJdn_EraGlBM8QIosdqtM7wJABabGHRjaaF
Camera,Nikon D7500 DSLR Camera,77000.0,4.8,3500,The Camera Shop,Free Delivery,https://encrypted-tbn2.gstatic.com/shopping?q=tbn:ANd9GcQLprxi_nE5Er-LkcL1Lb6Ai2uGvz1WeOymH2n1y8IdNFHzgKzS_kkiJlgV2aHmhRDfRiVqD7hysvcCuTRuguBx_arPf5coPuR07_uS4YT8DIJh7cB8aIqskw
Camera,DJI Osmo Action 6 Standard Combo,54489.0,4.9,2300,Addmecart,Free Delivery,https://encrypted-tbn3.gstatic.com/shopping?q=tbn:ANd9GcSdceI2bRQ2-s4usek3S8VAgW4kdm5MYrTv3LOazsDG6Lth7cQo0w8wZk_KJsyFUpsD9e_YYsqBMw5VbSJAE8vB_ksWPKyfug
Camera,Insta360 X4 Air Standard Action Camera,45990.0,4.8,64,Amazon,Free Delivery,https://encrypted-tbn2.gstatic.com/shopping?q=tbn:ANd9GcTPCuhpbChEX9Nz3xFHqkLLT5m96vTz-JDFNpSTOqU2wRAsMLTxsdlYVbntn6dWN0DlDJEfx3gMhmzwVDOnd3w6v_hpV1v1Jn5SimDa95X8ZYImzIrjMoLh
Camera,Canon EOS R100 Mirrorless Camera with RF-S18-45mm Lens,48190.0,4.7,39,Imaginext,Free next-day Delivery,https://encrypted-tbn3.gstatic.com/shopping?q=tbn:ANd9GcRxKL5pq24thpIsqtUH3HD1T_sAJ4NuQXCATHhidS3hiRbeP_Z6ZbljAOpCrSpODi8krI0YYy-djMgEa8R828A-iR-HTi5nug
Camera,Fujifilm Instax Mini Evo Premium Edition Instant Camera,21999.0,5.0,3,Myntra,Free Delivery by Tue,https://encrypted-tbn3.gstatic.com/shopping?q=tbn:ANd9GcQM_FNiIYeDZea4aQxy7zViDjKxAEPdjirtW330V0mAv01dTJ6jCnayaIiBzvGB7P4cx3A_nwDavkyvQrsPotOWobuUQqCfRakuDeVAqwTRlL6oLeDbGg-a3Q
Camera,Fujifilm Instax Mini 12 Instant Camera,6999.0,4.8,11000,Flipkart,Free Delivery,https://encrypted-tbn2.gstatic.com/shopping?q=tbn:ANd9GcSGa9phniOcaftS-OEsZXlKowAzFriVO2asfvBDr2zaUL0Rd4Ho_nRA5Mdme8GdRfqVLf8aBJwzZjZqJea2ap0R70fKT9xaYc2Ak6l1xLjO1peL6kYoTuDjwA
Camera,Sony Cyber-shot DSC-W810 Compact Camera,7790.0,4.2,1000,Sony,Free Delivery,https://encrypted-tbn2.gstatic.com/shopping?q=tbn:ANd9GcQtEgmHlho6Uw3zJ5kBfM6g_pdy-FjT_poHGFMrwRtoPqFUs2c03-AimIrMKg0Xti7RubogileMP_useWHcRB7cqZ_e6GoEe0Swg3VMtCcVkuw5fKFceYX4kA
Camera,Camkory Digital Camera,599.0,4.75,307,Amazon,Free Delivery,https://encrypted-tbn0.gstatic.com/shopping?q=tbn:ANd9GcRPmUTZrlTwCqL7mCek5xa2v9keFR0h9Qf-lfSVDLqZfWLsqizFfvYf-D2GdEhWPz1tW3hQpicSrcmVVT6sciLL4YETUmd8Vdf_foudex-at2GAYdA_ihZRTA
Camera,Fujifilm Instax Mini 13 Instant Camera,8499.0,4.9,1000,Amazon,Free Delivery,https://encrypted-tbn1.gstatic.com/shopping?q=tbn:ANd9GcQ0YQkUreWxnNjJZxLtNIgAEHnjTOIxfeg9IsVYNcSZPU6MTyjGofE5tXNEtLTe-utDxKuVLgEIVRL8KUukNIF9J2Ro79hPlAFW8pJ_bHakk5Rjym7oTWnF0K0u
Camera,Canon PowerShot G7 X Mark III Digital Camera,69995.0,4.4,1400,Reliance,Free Delivery by Sat,https://encrypted-tbn1.gstatic.com/shopping?q=tbn:ANd9GcREq-l-RSIVPVkkr8ecBZxMFLA9N0hZvnCpmrmU3Ikj1FHQFjj9SjtfoOgRjwpBUna_U2DcW3wy5ZvI9fV8u-dcawr6YOc6xGx7SWDpyQTlErb0fEZfJAP-Zg
Camera,"AiTechny 4K Cameras for Photography, Digital Point and Shoot Camera with 56Mp Autofocus 20X Zoom Anti Shake Video Camera with 32GB SD Card for Adults,",5999.0,4.75,307,Amazon,Free Delivery,https://encrypted-tbn0.gstatic.com/shopping?q=tbn:ANd9GcSAFLS8RGkeCkRLke-ET0dXZvfMTYN22Vi36QNMk-UQfrza6oGAjOCkdH5t4cBBYbNFwXd00H-vVtTF6chpZiWBZglscxRORiafNIYba8uot8_3nRU8ni3i4A
Camera,Insta360 X3 Action Camera,29990.0,4.6,621,Flipkart,Free Delivery,https://encrypted-tbn3.gstatic.com/shopping?q=tbn:ANd9GcRW3InFxYUNLrcfwh5Sjnchvnxk4Emt6ZJzr7or_9r6IkuAh3CEwlEvFFjkJSp0r8rkUOz8yjyss2fuEnJeByTh415MXXsNi3ZzWv9OYg1iUnPj-meU5ymT
Camera,Sony Alpha ILCE-6100X Mirrorless Digital SLR Camera,72999.0,4.3,54,Design Info,Free Delivery by Sat,https://encrypted-tbn3.gstatic.com/shopping?q=tbn:ANd9GcS_86yTUb0rDtMIhX5JscQBDHFHu3DMJ8oIBC7_nypAtiGUn7O3bLEW6iged6czLfhMYsX5yEYKaaKZMD1kJhLKeg9ypuZTYdLEyOhkTeO4
Camera,Sony Alpha ILCE-7M3M Mirrorless Camera,136490.0,4.7,350,Shopatsc,Free Delivery,https://encrypted-tbn0.gstatic.com/shopping?q=tbn:ANd9GcSwXEAbE-Z6wnfdE_am7D6Il3ySZ02anfPniuBdO5ZpLJ5a3DUCy_cBJkxAfHW43OITk7PULCVAn75yzkEBZqQucYQjO_aKPg8GDmGVgF019LvtDbm4K7a7AQ
Camera,Nikon Z30 Mirrorless Camera,65999.0,4.7,498,Reliance,Free Delivery by Sat,https://encrypted-tbn3.gstatic.com/shopping?q=tbn:ANd9GcTSTw_v6lb3awovFRL2cVazaRyZqQd77poz4au8ZgycIbmu2g2SaUj9qr6gYebRppda5fH6EnIkfB5yZpnvC5Qd11dDiZTjciCqQuoxU5kEgwpahBRAs3pihA
Camera,Leica Q3 43 Digital Camera,760000.0,4.8,109,Leica Store,Free Delivery,https://encrypted-tbn0.gstatic.com/shopping?q=tbn:ANd9GcQul5deV7N4eI9CNtIDAKUh9BFSVaJR4bJGJsLbWXQ4BRfKRYnKsFYD_esvAguYqAo2yPVWV6HaEcG4MWP0GhpJDBsDt1mHcA
Camera,Sony A7 III Mirrorless Digital Camera,1600.0,4.8,194,Royale Camera,Free Delivery,https://encrypted-tbn0.gstatic.com/shopping?q=tbn:ANd9GcTIzywYg64Ff9gbcaiAXTnilWpihCjc96UU50XO3VBvZx6YayACf23558X6AH-goYRJbQqwJfYShI8fE5tfnjkVtjNrraQG8Q
Camera,Sony W800/S 20.1 MP Digital Camera,22490.0,4.3,1100,Sony,Free Delivery,https://encrypted-tbn0.gstatic.com/shopping?q=tbn:ANd9GcQqu4P7DVJgPzrwrYgfxQz4tbQjSaHlKsX_1VtWqgIdEytu-jSJjRd1QUGQyRLKqNS5v8Md4icjThooC5T5QWKoSieq0rgM
Camera,Sony Fx Ilme-fx3a/Q In5 Mirrorless Camera,355990.0,4.75,307,Flipkart,Free Delivery,https://encrypted-tbn3.gstatic.com/shopping?q=tbn:ANd9GcTj_wWuBPbe7f7EgRUqnesLpY7lNnJcLkrty4jUZBJGA8iSEODvP0zgBn-dhTvl7R7IL-xdXDajLKqEWC2duqJglfuCdR4Evr0FvXeHuXOdcPUFD67uV1EEWg
Camera,Canon EOS R50 Mirrorless Camera,66999.0,4.9,358,Reliance,Free Delivery by Sat,https://encrypted-tbn2.gstatic.com/shopping?q=tbn:ANd9GcTSqaj4khGSTwPHHcwT7XTSJsACQvTpU2ieeah9P7ZDwatPJuucP-k6cC2PK09ZKhlSs8YXxsnTDQzcfsQMFtpRN37aoaatmzKyNh0e1MO4rskhZIPr8hMg
Camera,DJI Osmo 360 Standard Combo,44990.0,4.6,445,Reisemoto,Free Delivery,https://encrypted-tbn1.gstatic.com/shopping?q=tbn:ANd9GcRMdkzuooQWtVmlTb8y-4p50bmoEiS3mQi7tGAJhtG_VAROhM2fbOxGwSEHxuAWu4J-u6Gn8sIsVLqY9bSgHsRksVXT9AJWyi4BqXfmVZKjIXVvD4VMPpE9
Camera,Panasonic LUMIX S1 II Mirrorless Camera,269990.0,4.6,29,Kamal Imaging,Free Delivery,https://encrypted-tbn3.gstatic.com/shopping?q=tbn:ANd9GcRxEuYbtqCepf1M3PcQplXpbGEH-OmsX3fyPJIYRX6_onUwdf0egWM3lApM67aL5-5El9YmjGe38C3UewhAjp_qs96pFXrP
Camera,Nikon Z5 Mirrorless Camera,126990.0,4.7,687,Reliance,Free Delivery by Sat,https://encrypted-tbn3.gstatic.com/shopping?q=tbn:ANd9GcQafnuPXGL-Laq4rV76F3vuddJV16bAmYSG-9mQN6IkmP2O1AauIPHo5lnz5l7aNqKQHMQfs8WKMYFX_l4PUJoeMjzJDUPnSt_Q5mSky7G43wacz2MaF3FKxg
Camera,Digitek DAC 201 8K Ultra HD Waterproof Action Camera,14999.0,5.0,2,Flipkart,Free Delivery,https://encrypted-tbn1.gstatic.com/shopping?q=tbn:ANd9GcQRbIJUAiyGg7pNPdK3vxakVfQQHZgO1JsUMSTilT_w0CegSbv_Gsgk2ke7fo18E_mEECc0bzt0Lhkw2QL6MZaP536WB8mpWv9wPXRYcLIgrg-6NLEEUuhyvg
Camera,"Mini Digital Camera with Filter Modes, 1080p FHD Video, Flashlight & Keychain | Portable Cute Vlogging Camera for Travel, Gifts & Fun, Viral Camera (",2846.0,4.75,307,Amazon,Free Delivery,https://encrypted-tbn1.gstatic.com/shopping?q=tbn:ANd9GcQWEL4Y5tkwTvxZlFaSYe3lvNztE2mYlJCUxEmG-JUDioZ33330tQWmPyT57cibFOdmuxLgVhXikxtevE_VemIZhk4bE_yA0kANTPwHzlniaOI7NA6zLRRc3g
Camera,Canon EOS R50 V Mirrorless Camera,67489.0,4.6,191,Addmecart,Free Delivery,https://encrypted-tbn3.gstatic.com/shopping?q=tbn:ANd9GcSaz4iNbdbgXuMp10jBY3_9l4XuJnaONuDLhDlWu-71htJNfNf4MzxPngm8ghV4AIw2v1Os2--AcwcMuAVFPchFjTLihPW9apXzovKHCZQRAa-9w5m342sFKw
Camera,Leica M11-P Rangefinder Camera,1000000.0,4.6,33,Leica Store,Free Delivery,https://encrypted-tbn1.gstatic.com/shopping?q=tbn:ANd9GcTKdpn8LJzoBHgXokWFmMV2N2TEfwv20zvCYw8mS9EZJHcGYHBqeHH81qVKK-dZX2qvXc9VXa2Ux37Lyufeq4p3vNGUPMkkywsLqAE9LJkROWguiqpWeQJNtA
Camera,GoPro HERO13 Black Action Camera,27279.12,4.7,70,Vlebazaar.In,Free Delivery by Wed,https://encrypted-tbn3.gstatic.com/shopping?q=tbn:ANd9GcRXiPyRi_UruNWVK5J5EqbyqOHCIXansUyX3dvpsfzaR4eZpB_BAxu3P9TMcx8PfNRMhyEKYc_MN7jlnGzviWTeoRmBVRfXXuTDLh4dP5gld_e6UhMse5d3fIo
Camera,Sony Alpha ZV-E10M2K Mirrorless Vlog Camera,88990.0,4.2,19,Amazon,Free Delivery,https://encrypted-tbn1.gstatic.com/shopping?q=tbn:ANd9GcRsCmrH_AEcREjhWK2ZyUHV8ydOVLR43RQ6psskVEsqq9t-kH9CVZxlAMP4FcrVIktkzF1VHDJuJVViexliUQs5hUJiiz4YKM-yqwoEskpeAHvWJUVVlePqDw
Camera,FUJIFILM Instax Mini 13 Instant Film Camera,10990.0,4.9,1000,Flipkart,Free Delivery,https://encrypted-tbn1.gstatic.com/shopping?q=tbn:ANd9GcTCurvSbDc2DppTnEUd88WYAfqk-Jdysmyk15z_mqoPYE1qqY2MveDzxp7ABDuYySZ6r-YT8RONE5lEf5I8Ovk7MeStq310bp-G-CFuTRRV
Camera,Canon EOS 1500D Camera,43490.0,4.8,140,Imaginext,Free next-day Delivery,https://encrypted-tbn2.gstatic.com/shopping?q=tbn:ANd9GcQAWU3Gu9MtFlbyzBFev_rzSW3hkwekCmOEwzsb-GZa-WqXcoaM8qqHgTewUXn0RlkNMXg0qDf0b7lHWQ0ByoblwOEe_sryTqeQIQidg18RSKLULLbLcxVj_w
Washing Machine,Samsung 7 KG Fully Automatic Front Load Washing Machine WW70R22EK0X/TL,29990.0,4.3,5,Flipkart,Free Delivery,https://encrypted-tbn1.gstatic.com/shopping?q=tbn:ANd9GcTFBrnufHM2dnxs5O24AhX0H4HU3FQ0XBduDoBTGjOc2gZyYy005ICOQUT75yyuQ6sM07g8SyR49Kz-dmM6OzExh7zYnuPNBgb8WkiyDrU
Washing Machine,LG 7 KG 5 Star Fully-Automatic Front Load Washing Machine FHB1207Z2M,30490.0,4.6,7,Amazon,Free Delivery,https://encrypted-tbn2.gstatic.com/shopping?q=tbn:ANd9GcRUAvDtVFiLMLW0Hy6AXJ04Tq6w65ejI5QPyBfQl1LbICty9E6ZINXzu7rfEH97UxEUFa7aPvdbfUenSN_-eLaeTH3eQJkjpOqPg0jB-DULLQDCetleJpUu0A
Washing Machine,Bosch Washing Machine 6 Series,8390.0,3.2,10,Bigbasket.Com,Free 10 min Delivery,https://encrypted-tbn3.gstatic.com/shopping?q=tbn:ANd9GcRMOGlTmNWnPAofuAT6F8WPiFVDPbu3Xa0iQNi_KRuSE_xSbryEqMlmpRj8FXcS_atQqGCpL8pRH1hK73OoZiYEBDSiflK4ag
Washing Machine,Voltas Beko WST75BBRT 7.5 KG Semi Automatic Top Load Washer,5740.0,4.3,5,Flipkart,Free Delivery by Tue,https://encrypted-tbn2.gstatic.com/shopping?q=tbn:ANd9GcQGvlEQrD7qE0Z7_IFv7nf2Dj9IhyAiQhpvAzOXODmfIfGJpe1uXTH6sxry2-xMQ5SCwFVkuHwFwwGVvYVTe0bE0CexLfQaAqF2q6aDztKmeZ6vHnyy45yS0w
Washing Machine,Onida 6.5 KG Washer WS65WLPT1LR,5299.0,4.3,5,Addmecart,Free Delivery,https://encrypted-tbn2.gstatic.com/shopping?q=tbn:ANd9GcQcEx2x2si3bQE-0H-vemVUbh0F6YSQ9XOnfMWJbPQbGVQ20UMkjMIR8vx_O_C0_dW7RyezB7rYo5ULB5c076MGzW8-zVgRYfaSdIsO6QU5lKffD6BniSV1AA
Washing Machine,Haier HWM60-AE 6 kg Fully Automatic Top Load Washing Machine,13890.0,4.3,5,Amazon,Free Delivery,https://encrypted-tbn0.gstatic.com/shopping?q=tbn:ANd9GcTdnjRdiGqATfzVKkSc9CY_ZmoHnPFddjd5Ff0nokBDiUS8zD9S_NXn61UqYget4tmNqrZ8qWWAwpiboWeHxIflUvo6yWwnzdSVgxTz2Yy0Wp_TMNuMAqIDbg
Washing Machine,Croma 8 kg 5 Star Semi Automatic Washing Machine with Magic Filter,9990.0,4.3,22,Croma,Free Delivery,https://encrypted-tbn2.gstatic.com/shopping?q=tbn:ANd9GcSSL24gKWmcJozVZRc6u1D9dyKBKw19zKyIRBYfHRu2JI1PQbHb2SbdW226mBc5l4UrNLszuH2HDDAFC_XV9iiWoRJq8ROwmByYr8w6kH0XcxKOqxENL6-0Dg
Washing Machine,LG 8.5 KG 5 Star Semi Automatic Top Load Washing Machine P8535SLMZ,15299.0,4.5,4,Flipkart,Free Delivery,https://encrypted-tbn0.gstatic.com/shopping?q=tbn:ANd9GcSS_kT_W8sm-966OMaEsvTDPQ6SIj3FtCU7GlsQjHR5Pk9cWYWrsKqkYHdDC_rvysUJ8HltSRjGPzA0FXvwXi7AjaZLdR3QvhGb5B-rjIE7cplunKXp1zLsZA
Washing Machine,Portable Washing Machine,1676.0,4.3,5,Amazon,Free Delivery,https://encrypted-tbn3.gstatic.com/shopping?q=tbn:ANd9GcS06tvEcr0seDOwILp0PrZpqZDoO8z19a2OZS9hwwhFQcnuerwswMowmhcyUY8L7VZ15yMuAdbSfwZ0AiIDghKU8xAfXjsnaoqrjDm0D_Y
Washing Machine,Samsung Fully Automatic Top Loading Washing Machin,5000.0,4.7,21,Tradeindia.Com,Free Delivery,https://encrypted-tbn1.gstatic.com/shopping?q=tbn:ANd9GcRuBmiMY1A3lA970sGO_dVgS1iK-hXLRPE4jrD60eFsAy4Zxe4f1-Wc2QVg0gwEKPw5vPB1mUg9Zetw3-7F5irYG9C3NSZ0
Washing Machine,IFB 9kg Front Load Washing Machine OXN 9014K,38490.0,5.0,2,Flipkart,Free Delivery by Tue,https://encrypted-tbn1.gstatic.com/shopping?q=tbn:ANd9GcQtm8McHa_XPZRyDBsqEba00Ep-nOwQP-aVJD8V6oAte_YMRCKDjSl-yi2_9jowUbfKU4d1JOV38WXBxPK9hYtGjMd5EknLwDOYSkn68ihZd1rL-1Vi9NED
Washing Machine,Marq By Flipkart 5 Star Rating Innowash Range Semi Automatic Top Load Washing Machine White,6499.0,4.3,5,Addmecart,Free Delivery,https://encrypted-tbn0.gstatic.com/shopping?q=tbn:ANd9GcTlQuU_KDdqWrOdDHAWq2J_PcoqWkVQYEiQiyuA0pQOZZF9tv44hOlrBmvFLcJ1f5NmMSiG0VigTAAdGdmsmWgtU_nxzbpHBm7zZwlnFMMHxKE1nbj9ACWpxkY
Washing Machine,"Portable Washing Machine, 16L Mini Washing Machine With Spin Basket, Small Portable Washer Machine Suitable for Underwear Small Clothes Dryer Deep",1499.0,4.3,5,Amazon,Free Delivery,https://encrypted-tbn0.gstatic.com/shopping?q=tbn:ANd9GcQ4Mg7-Cybd6u-6E2rt7gmC-Dn8_0vSxc3v2mbrSxJw4t7jqjK1GVIpQynqo9wkpnPn_NpcuKXdc7nx__x-NeG834NzVJG8IaCGL9tnlcXMVpJd7FPO9eW75Q
Washing Machine,Voltas Beko WST75UC/BRSSWH2PTD 2024 Model 7.5 kg Semi automatic,5815.0,4.3,5,Flipkart,Free Delivery by Tue,https://encrypted-tbn0.gstatic.com/shopping?q=tbn:ANd9GcTOXkyyIPQW3rsOg37cSdlHclnQrytfboOI-6kQAY1Otdm2NVmtd6L0fhTnb2HfiiXIPzIOOwEEU2Ks7nrcqtfUoSisqc2cpLX8iJ9Ks7eF
Washing Machine,Croma 6.5kg Semi-Automatic Washing Machine,8290.0,3.7,11,Croma,Free Delivery,https://encrypted-tbn2.gstatic.com/shopping?q=tbn:ANd9GcRV3jMrGyMW6q6b3g6Jf0bB4HwtMU7C1DR0btE09wnP9kOuJB_94zl0Ae5EHdfLX8hZzFkSHsBGl4y_1ked1KJxPEnZlWeR6zYE88LipW8K5UzyKMxeY4D7
Washing Machine,LG 8 KG Fully Automatic Top Load Washing Machine T80VBMB1Z,20490.0,4.3,3,Reliance,Free Delivery by Sat,https://encrypted-tbn2.gstatic.com/shopping?q=tbn:ANd9GcTE3YY3EHcMlbwXqIJpdbKzeOP7T4Civbp5xErQb7sznhNCDpTanIrgS6YcfiXqPRoFfSwateLatTNgPkUoreS4rmYvTy9echD_0KVMBEcRdyLP3bFf_rQ7
Washing Machine,Samsung 8 KG 5 Star Fully Automatic Top Load Washing Machine WA80F08B3BTL,26990.0,5.0,3,Amazon,Free Delivery,https://encrypted-tbn3.gstatic.com/shopping?q=tbn:ANd9GcRb6FRuzOuegAJ9p09-KTnCgRvUyKMdC2hWGfdbLl8U7oybd0oH0sYH7ZJT4yAPdcWSYQRDiONT8fK5cCA9X0dgIRPPrf7sYEHZlvZoaw9ljgIz3lhE2PvbhA
Washing Machine,Whirlpool 7 KG 5 Star Semi Automatic Washing Machine,10800.0,4.3,7,Flipkart,Free Delivery,https://encrypted-tbn1.gstatic.com/shopping?q=tbn:ANd9GcRFmkdm1ry17wBGZ32Lw6tdMSU-kVZG9mCNoVZDtg8YRL3shfPA3fLxV3J_e-j2dbtgFJKl1IPYOsOzCmEkx_NayjDv7bZ_1-v53W56bVQFAsWHRLRgHocS3A
Washing Machine,Thomson 7 kg Washer Only,4789.0,4.3,5,Addmecart,Free Delivery,https://encrypted-tbn1.gstatic.com/shopping?q=tbn:ANd9GcQ_LfnsulRSuQ9cVspT1br48iNoEMXRQkwUJLYb5VvlX_SOmeqNwbzchhWUaSpEAfrKWAYU3nrU_9Sl9_AVVKF0jeFQrXLbNsFeMbnPO4tYEU3E9mlteASuow
Washing Machine,Samsung 7 KG 5 Star Semi Automatic Top Load Washing Machine WT70M3000UU/TL,9000.0,1.0,1,Tradeindia.Com,Free Delivery,https://encrypted-tbn3.gstatic.com/shopping?q=tbn:ANd9GcSniQIvWorSjkTyFPkfeFVQ5kXQkfhZZbsJLC1BoCq2huAs6BB_kYEBPBXI-bzFYbQcN9P9eJcts88F4ZOdHW4_5I-WDAJe
Washing Machine,Godrej Smart Choice 7 kg 5 Star 5 Years Comprehensive Warranty AI Tech,14800.0,4.3,5,Flipkart,Free Delivery by Tue,https://encrypted-tbn3.gstatic.com/shopping?q=tbn:ANd9GcQ_wjUiP-Rqam81xDLKhbsp7-JSytI0y9OJMaRncmTO5P0YZwIRN27t9H80kKe8GvXcL_dkvOIbmQJ3cjULAsaZ-jyOVWdwfGrETh_ON-Y
Washing Machine,Ifb 7 KG 5 Star Deep Clean Technology AI Powered Fully Automatic Top Load Washing Machine TL701MG1,17990.0,4.3,5,Amazon,Free Delivery,https://encrypted-tbn0.gstatic.com/shopping?q=tbn:ANd9GcQyonBsK-jCxTtc96O1ZFu2zS0vfyINz-gbmXQkDW-BTAYIITCcXFVTisDz8Wo3AtSybImfRucJBPZMTA1PezWDVlPf1oE32Er8pEV8lSdsSIQQ-AaqVgwhwg
Washing Machine,Samsung 6.5 KG 5 Star Semi-Automatic Top Load Washing Machine WT65R2200LL/TL,9990.0,4.0,1,Samsung,Free Delivery by Sat,https://encrypted-tbn0.gstatic.com/shopping?q=tbn:ANd9GcTCKO6rQCGKgYh0Lw2Iqa5LXPdLALoBJn9UO47TWmeEyi8TSCWmQX2bGxxTkNZqIcOTIPBI56rPndRQ1ex2C5J47gpx1GpG2bNc7IhkjkgD4U-MWYswBsta3w
Washing Machine,Samsung 8 KG 5 Star Fully-Automatic Top Load Washing Machine,18848.0,4.0,3,Flipkart,Free Delivery by Tue,https://encrypted-tbn1.gstatic.com/shopping?q=tbn:ANd9GcRAQKqQeF8wkhP7W3T-fb64Eu3NCUT1qUVASrXootDUT6eDKsdXS5KhSca8mo9L2jm-V7iwLlOvpMTXtkUr5MnwjjLC6hRPJbeauzaJ6nDzjHaaqmIoMGke5g
Washing Machine,LG 8.5 kg 5 Star Semi-Automatic Top Load Washing Machine,15490.0,4.6,5,Amazon,Free Delivery,https://encrypted-tbn2.gstatic.com/shopping?q=tbn:ANd9GcQsl02ugxLq6qk_6g0mGYwpcr5QUhLcKMOxux0d4Xmiyy4hqCs2VuTLzXLqiKOZII9bquPTisz6MsBqxsdXl0D4T_KoqqzVY4xaljh5ZqpaEdawSP5sIz3yIw
Washing Machine,Lloyd 7.5 KG 5 Star Semi-Automatic Top Load Washing Machine GLWMS75AVGEL,13099.0,5.0,1,Lotus Electronics,Free Delivery,https://encrypted-tbn2.gstatic.com/shopping?q=tbn:ANd9GcSCwOIxHB2XcTpYwvya5x4z4hnw_KFwK_KRcfZFgMNqLyK5v4ShRsedHLuhhLPuJUQ4UlLtRr7b4F3xM95dIbJsHPWZbJFcrg
Washing Machine,Bosch Series 4 Front Load Washing Machine WGA1320TIN,34659.0,4.4,10,Flipkart,Free Delivery by Tue,https://encrypted-tbn0.gstatic.com/shopping?q=tbn:ANd9GcQB53jARVfCUfxEhZ4RBMxMN3-PQlv7AgxnniPEZ-6weR3gAIRbQFpZWUjLBRlzNGPPwo85NmsbAw1X7RdK78bCmuBPT6nq0ASEEsZ2HEVA
Washing Machine,VW 7.5 KG 5 Star Aqua Spin Semi Automatic Top Load Washing Machine,7490.0,4.3,5,Amazon,Free Delivery,https://encrypted-tbn1.gstatic.com/shopping?q=tbn:ANd9GcT5MiOk_SWpy78VNbjFugWxAER5YUq4vDU2XS2V6lMwsAJeRAIfOH74OlnzmN8Elnr7wDmwc09PBECMWkGcu-sqro0fGCILdI36pogGmWuVXeVj_H_naZwv
Washing Machine,Voltas Beko 6.5 kg 5 Star Fully Automatic Top Load Washing Machine,13440.0,4.3,5,Voltas,Free Delivery,https://encrypted-tbn0.gstatic.com/shopping?q=tbn:ANd9GcRx8MbBg7OLh1-MJrgs3Dn9Kz5Yeiz8R-Rd9294olK5j2C8U6m63vlSnY1-EkQbcKMfa2t4gLyXMtKdafTKuN0ms9EvH1Ohh4aUACKPEnrmC4DJjGsDGUDH
Washing Machine,Midea 7.5 KG Fully Automatic Top Load Washing Machine,12790.0,4.3,5,Flipkart,Free Delivery by Tue,https://encrypted-tbn2.gstatic.com/shopping?q=tbn:ANd9GcS9QP9DcseGcRR4bGILEySH8Kl1xyaQeduVYWdm4qkk1W5d8dq9PhZ-unNW4U8n-E6G5s-8X-BKFiImPayoqwK3SSqQ5RK55xKSWDlkSkPh
Washing Machine,Samsung 7 KG 5 Star Semi Automatic Top Load Washing Machine WT70C3200LL/TL,10490.0,4.3,5,Tradeindia.Com,Free Delivery,https://encrypted-tbn0.gstatic.com/shopping?q=tbn:ANd9GcR5lQjcaTSiZ143maz9CKgSL8YoyWLl1F65XMM9jPee_qh13KDhU_jtwCV4eeCicNDrmxEXUsdugd-XLg7AyLjNY4rQifm8
Washing Machine,LG 8 KG 5 Star Smart Inverter Technology Fully Automatic Top Load Washing Machine T80VBMB4Z,21990.0,4.3,24,Amazon,Free Delivery,https://encrypted-tbn2.gstatic.com/shopping?q=tbn:ANd9GcQ5R2d6_-tv0yDgsYAU0LS1vsJS9_SIeZ4HjNR9VOdoB7qrNeOmBlIwocdgkznL3aaRQU-l9G9n17y3KBhB8njK8_WkIgXO_VS2J3M-8wRUjWSpHmomozK_fA
Washing Machine,Intex Fully Automatic Washing Machine FA65BGPT,10990.0,4.3,5,Flipkart,Free Delivery by Tue,https://encrypted-tbn0.gstatic.com/shopping?q=tbn:ANd9GcSsUFprmTiTE_m2pXaadmEhNet831iCW-fAc_TxN982ZtJr4awO4d_1PPQtjcccmk9nFTd3AITd3igzA-EXJVya-JLl15s5WO7pLYAgn8_iEW3tJSTsVUfw
Washing Machine,LG FHP1410Z3M 10kg Front Load Washing Machine,43690.5,4.4,5,Reliance,Free Delivery by Sat,https://encrypted-tbn2.gstatic.com/shopping?q=tbn:ANd9GcRvVjuQfiwLJsJuGO0JCGOxBWubPXoWDfutowAHHHQFo6uY4rrViFMoN25Od_9hwunJPQonJ9bUnuAQdJiaRxfM-8AbvNQqingpO1sPKJbv7mz2P2UBnNH75Q
Washing Machine,LG 8 KG Front Load Washing Machine FHB1208Z4M,37490.0,4.2,5,Amazon,Free Delivery,https://encrypted-tbn0.gstatic.com/shopping?q=tbn:ANd9GcTYmS4q-6QWDxl45F-LVdZYjaNsM3YICRndjlwbm4lR7MSePVGWWjTQkoi59G9TJyu7xHBopW3sAuRwJtQLIFVTP5GVQy1S6aQuIuycxPUp0dRH-_O2HdOd8A
Washing Machine,Onida Top Load Washer W90W Lava Red,6384.0,4.3,5,Flipkart,Free Delivery by Tue,https://encrypted-tbn2.gstatic.com/shopping?q=tbn:ANd9GcTaAYga72RGfOO6owcrbboT65VN69XeSp3VLKz4dTuI3Mv9OGrVvhQYVTp7YGyHMHxqGxgDsYsow7QYG-ZpPsirpDYp0ur4IuHmZ7yRmtIz
Washing Machine,Whirlpool 6.5kg 5 Star Magic Clean Semi-Automatic Top Load Washing Machine,9489.0,1.0,1,Addmecart,Free Delivery,https://encrypted-tbn3.gstatic.com/shopping?q=tbn:ANd9GcSsRvujueeJB_GqdCFCeDGKZnbiUSvj4rQDqRGNbHDHrYcy9pO5IT3Z7qJcQZ5uZzFS8O10VUCZ3jElHuWI1iZqU0Pw33nIFbqQqXAYU6WSse4XFoGYAEEDeHY
Washing Machine,Samsung 7 KG 5 Star Ecobubble Washing Machine,17490.0,3.0,3,Samsung,Free Delivery by Sat,https://encrypted-tbn3.gstatic.com/shopping?q=tbn:ANd9GcQP0R2vwwFBhrJL1GCJNUsRdRRrYQRPwPhWGs8-quaQTpSSKeg6kfP4NI4mTxa9l67g5XUOaD-y0s5vianqv5eZinxStz_8KlMU1V2tT6J1F0Cck7LgDR_-6YM
Washing Machine,Godrej 7 kg 5 Star AI Powered FabriSafe Drum,25290.0,4.3,5,Amazon,Free Delivery,https://encrypted-tbn3.gstatic.com/shopping?q=tbn:ANd9GcRHmiSrY-DG3m20oFP9wNKzUIxAz0qxO14Hg5-mRSG3-zEhvAZ11eavT4FZ1uVVxsj6GCh5gDmn1OSHdMOlis_ozBZKZM0U_JteEQ_IrpTiaQqvnwCDPuXSHQ
Washing Machine,Reliance 8 kg Washer Only,6436.0,4.3,5,Flipkart,Free Delivery by Tue,https://encrypted-tbn3.gstatic.com/shopping?q=tbn:ANd9GcQDiY8jy58ejFo8JyCLdfxV3lmI1SdhL6jyA_V9BmXyuD6x5cLMBNYlS5Hk2HItLtetLqhrCRitO_CjqjgQjjZASVVGaL3rdGGUSEAqhaoIpcN2fN3KwGUfMQ
Washing Machine,Bosch WAJ2846SIN 8 KG Fully Automatic Front Load Washing Machine,37836.45,2.9,21,Tradeindia.Com,Free Delivery,https://encrypted-tbn2.gstatic.com/shopping?q=tbn:ANd9GcQfEXzAv22OHf2r-S3CAbruVCOV52dnjAQeIIXJNyct0jtfnJ53Ed-Ud3mGm1hI87JzpQ3Hrzgl8-Q89Mt0NtMMvKfugz_-eA
Washing Machine,Whirlpool 6.5kg 5 Star Magic Clean Semi-Automatic Top Load Washing Machine,10190.0,1.0,1,Amazon,Free Delivery,https://encrypted-tbn3.gstatic.com/shopping?q=tbn:ANd9GcRoUN7qViWloTRAbOeoYgXa67EzpK8Tlh4xZ3zQ81ZvV0l-oRS4I9Ow4k6f_8lNxqpjI7RZVRYkATK0-h2GaINswPlqkO8QDROHZh3NHoFYCr1P_ueu-rOz
Washing Machine,Samsung Smart Choice 10 KG Top Load Washing Machine WA80F10E2L,25490.0,2.5,2,Flipkart,Free Delivery by Tue,https://encrypted-tbn1.gstatic.com/shopping?q=tbn:ANd9GcROefDuE7JaYghMvQHLEsn2v_d_M9IaSreDsRUXhfYuGHeAcNrWJhPYMVeVdhwGfnbMjorQrMSg7EXiOPPcBYsjpGuXp--rRC141ml7DFeL860U-RmVuRgx
Earbuds,OnePlus Nord Buds 3r,1999.0,4.5,293,Amazon,Free Delivery,https://encrypted-tbn3.gstatic.com/shopping?q=tbn:ANd9GcSC3H4LXItWmOH6eSHp2HCeGUYT9YtjRIplUIdEj8WBiLGGFUce9W_As0M7yfR01e5QhbJxYdQcBiRxGaVsZpraxKQDPVmaNIQG0Gs5koKNZWgha5F8DOSbO1yK
Earbuds,boAt Airdopes ProClip Open-Ear Earbuds,1799.0,4.8,5,Boat,Free Delivery,https://encrypted-tbn1.gstatic.com/shopping?q=tbn:ANd9GcS1I3bM1E4vxrWXBh0iGeuQgVyBRpW57EbwHDfdYGGYRgrIuqiv9I-KfSthyLEeXwwNsGMH6ofcUE28Ep7vlLtydqLl6362YS3l_Mfm1IazwY1SilzKH7UX
Earbuds,Noise Buds VS102 Elite Truly Wireless Earbuds,999.0,4.8,517,Flipkart,Free Delivery,https://encrypted-tbn2.gstatic.com/shopping?q=tbn:ANd9GcQlXBdwc0tS5XIuot3q0KLMIeyFeCRTIcpfqtx4LBN1PQWgXIIiO-XV3bbr6tjOvL3d6WOC06BxGu6UIS-egR1N7tQA0Z2xpcU-svH6YgFEDtLEInkWADihVw
Earbuds,Hammer Airflow Neo Earbuds,599.0,4.5,142,Amazon,Free Delivery,https://encrypted-tbn2.gstatic.com/shopping?q=tbn:ANd9GcSeMIQrx_-yQ-bbI0jwlbrrhkoAyGlzzdv5qfYOdItAFlC7-VHvqa2cCnLk1q30Y36s-9mH7czRQ7LNn8nVNpG_L_DPK0Q9y55L_oALPu9tfwiCeedTh5YQQA
Earbuds,pTron Bassbuds Indie in-Ear TWS Earbuds,599.0,4.5,142,Flipkart,Free Delivery by Tue,https://encrypted-tbn1.gstatic.com/shopping?q=tbn:ANd9GcRrDtx9WdxtR1ENiJRdwvBiKbDSg5AmEXiY3z-ebnH2Xjsnrk37PmJUKeo75BKDq3D1sGl7Q7IgXZyaK8Iif6xruF9l2hG9_asRB61A67jbrP2nJfB-IPwcgg
Earbuds,Portronics Harmonics Twins S3 Smart TWS Bluetooth 5.2 Earbuds,599.0,3.6,150,Fliptwirls,Free Delivery,https://encrypted-tbn1.gstatic.com/shopping?q=tbn:ANd9GcRStgKNWu0Oj3Fq3wZHV79yaZ3Ck3cdiqlJ_xcDcZ-CyX-dOJeOKIYyXINf6TDpAhYmta6wSE3UpkWnwLLzJUrsRJDQ4Dryb5Uk1ucAQU1ehmBbY2WJWw77TfA
Earbuds,Philips Truly Wireless in Ear Earbuds,999.0,4.5,142,Amazon,Free Delivery,https://encrypted-tbn3.gstatic.com/shopping?q=tbn:ANd9GcTNhoPWEWEgXm8mtTfe6EyT7jZTpnBFL5EihYnCCw7ERi2G4xey7y_ufr2JVM037suvBmV2bsetcCeHQ_UoZMDlXbMQlddlAM7imxDZknCKMu3xQGzEER1Xp5g
Earbuds,boAt Airdopes Stride Open-Ear Earbuds,1499.0,5.0,1,Boat,Free Delivery,https://encrypted-tbn1.gstatic.com/shopping?q=tbn:ANd9GcRBcsqzuZVdcQlyl3HOWo_cSrBefy8o0xm8Pjg1qQaTHMiuW-MAvubRz7wnGag2Bcpnjiz-C5-SaFqDQyNohNaIrw27BkiCU2qtUugErJVJ9RCHESzXVPuX
Earbuds,CMF by Nothing Buds 2a TWS ANC Earbuds,2199.0,4.5,1000,Flipkart,Free Delivery,https://encrypted-tbn0.gstatic.com/shopping?q=tbn:ANd9GcRmA7yy1ofqwEfvO5psaI6NIjwarLgmwFmMMAiEXDiyojRFNlX8-w0UeiwUZMXYbBb8C0GIB_zZafp5xCz0US3FuDBp0ZF9HbwpHzYQfEg_FEYFRF3_srgyFg
Earbuds,Apple AirPods Pro 3,23900.0,4.9,44,Amazon,Free Delivery,https://encrypted-tbn1.gstatic.com/shopping?q=tbn:ANd9GcSN7onZq8K63_SGx7UNfmZj9e10zkFa5RLb-c-nW3zYhzeclQXmvwqg0GzUhTU0CVeNi6gaEq7x2MiKmo0kJdVYYjcKcQeqzDY9INEDSqWCZf0FKDY25Rjl
Earbuds,Realme Buds T110 with Ai Enc for Calls,1699.0,4.4,4400,Myntra - Mnow,Free Delivery,https://encrypted-tbn2.gstatic.com/shopping?q=tbn:ANd9GcSMT9IgRu-VLJRgkE2l_tFF14v8Ts__yZu2a4JzUOajIX3Mf6YH1Ec-yE9t4EK8NfHlK-7m0ui0xIe6NYNkyBgs-8TbPk3Ovz1RPi_vBMuOctBXrBKcX97ebS4
Earbuds,Aroma Nb121 Pods Upto 40 Hours Playtime* Type C Fast Charging Dual Pairing Earbuds Bluetooth,300.0,4.5,142,Flipkart,Free Delivery by Wed,https://encrypted-tbn2.gstatic.com/shopping?q=tbn:ANd9GcSvCeqKetTPhULjjul8budluN4492o3sdOQ3Bc0N3ERRLPG3KphW78yr-eX9CDtByHUd4g4etXWe0QPbD7n0zQ4X99p-GfclshNAr18P2IgxMTg0pf19iNH
Earbuds,GOBOult Mustang Torq Wireless in Ear Earbuds,1799.0,5.0,12,Amazon,Free Delivery,https://encrypted-tbn1.gstatic.com/shopping?q=tbn:ANd9GcRTHRC2-1RVM4uRc4jF7iCO5pYqQ-lEbiDVrJrAp7HiNrZkQT5wtWDzzNLhYg-50BidqPy9H7WlMTQieaObwTeMUqHKXizkSK0T_-YkmgDsnoPrqdfV0JvKxA
Earbuds,Samsung Galaxy Buds Core with Galaxy AI,3849.0,4.7,5300,Lowestrate Shopping,Free Delivery,https://encrypted-tbn0.gstatic.com/shopping?q=tbn:ANd9GcRZHkKfDx7XjL6CcDMF6XWdtqoT4FZfJ7uoYCbu5k3uvrpRhgiGiQJ0QlIK1eacMoj8rqfAt6Xwe8WNUMobOO3Zh-wr6zjPIVYBg6o7bd4OLFd_-lJqT44VWvTJ
Earbuds,boAt Airdopes Prime 701 ANC Earbuds,2199.0,4.7,23,Boat,Free Delivery,https://encrypted-tbn1.gstatic.com/shopping?q=tbn:ANd9GcSUvnXbklf3Puy55JBDwaGgp6Pip720yWt02OWpQxHZheRICgxPC1ApM54_jHZWhyvbXxphIIB5r3YBRQ1wDyXpL08BckXag6J7yItV0Jvmk0h1OOCOqxptbg
Earbuds,Wireless Earbuds Bluetooth 5.1 TWS Earphones Full Touch Control Headphones Built-in Microphone Immersive Sound Quality Ensure Fast Stable & Connection,299.0,4.5,142,Amazon,Free Delivery,https://encrypted-tbn1.gstatic.com/shopping?q=tbn:ANd9GcS110t_1JNM7vvpmqd4QxP8T-byS2zWs7DfwK9D2Rn6BE1owf-DZYrRBCnm0fQHxtPXPFLKK_ZM3wcSj7A30y_DXJ4jZTjWsw
Earbuds,Noise ALT Buds Open Hi-Res Audio LDAC 35H Chosen,4499.0,4.7,26,Flipkart,Free Delivery,https://encrypted-tbn2.gstatic.com/shopping?q=tbn:ANd9GcSAQ_GWDPedIk92mFZU4eQ3OsNpc-CB0VYu5YzPD0Gmh0RfREYmIM0-wMGa4RieUK7wipNJJugidOY6kyi191PJ9CKY4ua7QyR4Y-8pf-H5ZXZ7TTGzMXBGHg
Earbuds,boAt Airdopes 219 Truly Wireless Bluetooth Earbuds,1099.0,4.7,90,Myntra,Free Delivery by Tue,https://encrypted-tbn3.gstatic.com/shopping?q=tbn:ANd9GcRVQc8iV88tDImIlIOzsS7dvK9IfPqwwyiJ7RKePSCA0q2AdQmMH16sk396DEA6e-2d5_e1GXZRoMGLClEA1dhpZBA8zz8ORYqWAYe9s0RwvRYagfo1ZeMfQFM
Earbuds,HAmmer Ultra Pods 2026 TWS Wireless Bluetooth Earbuds,599.0,4.5,142,Amazon,Free Delivery,https://encrypted-tbn1.gstatic.com/shopping?q=tbn:ANd9GcRQM57IYI6AycMah9nzVlMQbFn2Gm59j5sJWJmvENayIYAJ1qSbEd-rfDoJxkccyVuJD8P9Z7lHikLI9Hc6XCrvPIX6Cn40r19sBtF9Sc9OAiWsdoaBivLDXg
Earbuds,Realme Buds T200x TWS Earbuds,1549.0,4.2,189,Flipkart,Free Delivery,https://encrypted-tbn1.gstatic.com/shopping?q=tbn:ANd9GcRV9caF4t4QGiYVLeimCrcpGW0mvUoiqiAa8ZwUHj134WBSDmPYliSSYZZI9enwuhabwxTgnzKoXLiv1xXDr1LA1GhD-v0sUM65Vexm6qI
Earbuds,Noise Buds Trance Truly Wireless Earbuds,999.0,4.2,51,Noise,Free Delivery,https://encrypted-tbn1.gstatic.com/shopping?q=tbn:ANd9GcRH6TIxgY3cwf-HtT2U3VZkiIOBngug99DVsxZrpKLCzlmD5a_D0wWGzKsaZ3eRyzkigOjitJtFx38T3dmSimQYI6dJVNj50w
Earbuds,GOBOult Mustang Torq TWS Earbuds,1799.0,4.3,405,Amazon,Free Delivery,https://encrypted-tbn3.gstatic.com/shopping?q=tbn:ANd9GcSmcgQAM5CHhrBp9E1Tj30ETn_5bEyk5ZpFWM5-a9LzqUtcrjEaGMPDtye-EQ5yjevEWibp0QxSU9NnP17gXGMNmQMHhyesiO26heBhKx8gUfUZirs8t7dl
Earbuds,CMF by Nothing Buds 2 Wireless Earbuds,2799.0,4.7,98,Flipkart,Free Delivery,https://encrypted-tbn3.gstatic.com/shopping?q=tbn:ANd9GcRpNgy5xbiM5s0a3pRQ-0TgEmP5zg89IYfgNSnCW3BAibS-vDBCswaUI4rsa-wleMLtJuUbH3mXPjMoj32t9M4A-pDsDZI-4uSXKl2n8TE
Earbuds,boAt Airdopes Joy Wireless Earbuds,1099.0,4.0,142,Reliance,Free Delivery by Sat,https://encrypted-tbn2.gstatic.com/shopping?q=tbn:ANd9GcQ4KLBfhRT0KDb0lUGSXYcsvTonCIVxGIkj-EoQllJxla3GcQb7GOx12qqmP3KOqt9E6fbCY6o83-MxKgZGF8U9mG1iWmTEsJTt3GaBz0KPfrsammVjhXuH
Earbuds,Oppo Enco Buds 3Pro+ True Wireless in Ear Earbuds,2999.0,4.9,15,Amazon,Free Delivery,https://encrypted-tbn3.gstatic.com/shopping?q=tbn:ANd9GcRnCs7NRvbjBJFp16ClV72hcg_StNGcfdbREhv6mk2s5QxzWHFKEO4-yx1Yj1-5EPGDZhM7NITtpiC6bTUpvZL8CcrBqKC9MO3zPsuU8epImw5ipTGz5LE30Q
Earbuds,PTron Bassbuds Eon in-Ear TWS Earbuds,649.0,4.5,142,Flipkart,Free Delivery by Tue,https://encrypted-tbn2.gstatic.com/shopping?q=tbn:ANd9GcTKexG_TV1UoFJ-2pffUfMJIqY13ir37QcnIZ_WJ5xSEz9NxFWtvJ6CoBQwUcRsbde6bXtE-Vq1BtXYughFbf77UXyR7IYdIHFf7mn-jqK8
Earbuds,boAt Airdopes 141 Gen 2 4 Mics ENx Tech 48 Hrs Playback Free Music Streaming,1099.0,4.5,10,Myntra - Mnow,Free Delivery,https://encrypted-tbn0.gstatic.com/shopping?q=tbn:ANd9GcSvIMNF42G9ptEXk0LMwdt1xUCxZku2i-xIzjgLNesUr8zuG3mDmANgXHQ_o0mKl9UtY5jwFk95gMdxDv1Bu_u-lxz6QNL56i4qVbHTb4niMF2TobPHlSlzoPU
Earbuds,PTron Surge TWS Gaming Earbuds,799.0,4.5,142,Amazon,Free Delivery,https://encrypted-tbn0.gstatic.com/shopping?q=tbn:ANd9GcS7uoANjVEQWxan989zr2Y9LWxCUY4anrc9CNipm7PgQvmVP27IONghPcOeE87zIRnPJEfdPezMkMGtrm5mP3YZW0mvWRE67fWvoW01Jw6b-HG-7I6P38Tk
Earbuds,Tws Earbuds Pro with Case True Wireless Bluetooth Earphones with 3 Hours of Playtime with Stylish Wa,363.0,4.5,142,Meesho,Free Delivery,https://encrypted-tbn0.gstatic.com/shopping?q=tbn:ANd9GcRXr7-Kjgrp4tOtT0ZpyQDSzLp7Yhq3hTYRzLYlfLYzsruyOL-z9iZPfmA08AEz0JHRuqb4S-FjbHtVAjC1xr_kDojBq82c
Earbuds,boAt Airdopes Alpha True Wireless Earbuds,1099.0,4.3,233,Flipkart,Free Delivery,https://encrypted-tbn0.gstatic.com/shopping?q=tbn:ANd9GcSXFuq3M3-gk-gGMdnjIPQQFxncPWtBgXqOS3TIxuwTlrGzJJTaSAi5uT7Uj73lblf1-W9v9HaFr4yQFt4YieAmhLf6Z27xvg9K6QjcLFp3OJofYzNmSwVrCg
Earbuds,Noise Buds Play Truly Wireless Earbuds,1199.0,4.3,188,Noise,Free Delivery,https://encrypted-tbn1.gstatic.com/shopping?q=tbn:ANd9GcQpJAy3PS_m3NtvmEi_CnhUYooMMo4Dt7L3DnHwiZ2_BqJjKxtE-sB9BkDbQjsGaV3rg4udbSMUzACVTnFw679IR2uK2gTeOxbck7cnZ3fM9_ddH2Yej13TbTU
Earbuds,OnePlus Nord Buds 4 TWS Earbuds,3299.0,4.5,142,Amazon,Free Delivery,https://encrypted-tbn1.gstatic.com/shopping?q=tbn:ANd9GcQc5nnD5llLmELIbnuGeB_KZXRPrYVJXxlw33fWpnoBSYuzgKA64RiDLAYgYjwCVBcHL_B9Tjv8d1Tihf3WmzsdW0j9n2AiL-pFcAhtLT3ybMKYEjH3R4A4m9GB
Earbuds,Dubstep Buzz X8 Earbuds,499.0,4.5,142,Bigbasket.Com,Free 10 min Delivery,https://encrypted-tbn0.gstatic.com/shopping?q=tbn:ANd9GcTiBeDWleJNpA5TA6Y_TSeEBvMpofJldkfOmsNMJoxYkfL7t5oOIklH4ZNlNT8_vxib4PIqoUxlgAn0ld1-8d-XnMh9df120Q
Earbuds,boAt Airdopes 181 Pro TWS Earbuds,1399.0,4.4,149,Flipkart,Free Delivery by Tue,https://encrypted-tbn3.gstatic.com/shopping?q=tbn:ANd9GcSZdIUoFgQHdskp_k_xACa8HTzOgtjtohfADo9AOolBKE2Guz7qQrbowhT-TTIix7Yns49Pc5UD0wmyHgqere93DTZoFlsNQN1SOG-Xa4tvgEVwTT5xj_spTw
Earbuds,Mivi DuoPods Echo TWS Earbuds,799.0,4.5,142,Amazon,Free Delivery,https://encrypted-tbn0.gstatic.com/shopping?q=tbn:ANd9GcQvnrEZE2KNgQ7mD0CEn3P8X7MyHZ7ih9_7qYKytCLl-NfhsyhYW2AuCqObFzJQq3ymxhRLTNeM_NYXaEGktZ6MLEw6YunH5vYHp747e-WEf_dNJ2djxfgWRg
Earbuds,Samsung Galaxy Buds4 Pro Noise Cancelling Wireless Earbuds,16999.0,5.0,1,Samsung,Free Delivery,https://encrypted-tbn0.gstatic.com/shopping?q=tbn:ANd9GcRd0cKPTXFj9MtY3KcVuGqa2xWVI0xfT_05w6usQtIen-RvPSUa342MtIheft24ZfhPUXMoPGfcCttz2xmnWP0X4NDmdc4h
Earbuds,boAt Airdopes Prime 412 Wireless Earbuds,1399.0,4.5,2,Boat,Free Delivery,https://encrypted-tbn2.gstatic.com/shopping?q=tbn:ANd9GcQNF4nWeISDazfLRO7xMIGLo-7bF1GRIMDhujjwosIm4a7LU0Z0aaE-CUWMzWn9qpdYbLPcUcqsXy1ptZQ6NG-MbLTL8_6FvOghkrXMhkWCO6EJYmk9lnxT
Earbuds,Amazon Basics True Wireless in Ear Earbuds,508.0,4.5,142,Amazon,Free Delivery,https://encrypted-tbn2.gstatic.com/shopping?q=tbn:ANd9GcSf0cPSavDOkhKoepkpJq1tOADnWoJAV5hEFSKCOjk5IBrFvsYiG509UnYeGaDuqLIRVcUkixngfnj99tq3YRx7-cx8Wh7zgnWa0ONoML79r6Eds4lrnqjJAbo
Earbuds,M19 Wireless Earbud,359.0,4.3,1600,Flipkart,Free Delivery by Tue,https://encrypted-tbn2.gstatic.com/shopping?q=tbn:ANd9GcSyTgYpCLJ8YizVWo6-j7CO0AehuLwgVjTydgGOJnQPdv1_HEFhUHCFf_wBCgPdjjE6bMj3DVb2rkWiFAB6pWv-aprGRBCMleBldz04IbSO
Earbuds,Noise Buds VS601 Truly Wireless Earbuds,1199.0,4.8,7,Noise,Free Delivery,https://encrypted-tbn3.gstatic.com/shopping?q=tbn:ANd9GcQoF13Lx7_KfroJluZzPdYONTxvHrA7VtZP1BRzlF9hSgqGHLKtQJd7b_UftEEuIURIIIWzfOAF6Zz9zsWoqog1IT96YetxXMM9wi74kp6RfjdSg1sIQqn2
Earbuds,OnePlus Nord Buds 3r,1799.0,4.5,293,Flipkart,Free Delivery,https://encrypted-tbn2.gstatic.com/shopping?q=tbn:ANd9GcROrOIXZ3hiuKvSMTv_FSorjT0s75HA7S-J13KVPhhMHvn2nWxJgq7QreilCeOwXgDb1BEm-Il9KiwKtGvKOcIszRQUpLlRHY7yA-Ktasc
Earbuds,POCO Buds X1 TWS Earbuds,799.0,4.3,3,Reliance,Free Delivery by Sat,https://encrypted-tbn3.gstatic.com/shopping?q=tbn:ANd9GcSIcf7XMKBXdwboCu1z4-nJA99mbG3--bBMOenX9Cb6PDfzLn40GBs_bvW7ETxHW0-ZLfpe9G6o1tvl2ofp6vnHx6o8oQ5P4dDYNl4os0_FaBm1rBExfT9j8Wg
Earbuds,CMF by Nothing Buds 2a TWS ANC Earbuds,2399.0,4.5,1000,Flipkart,Free Delivery,https://encrypted-tbn3.gstatic.com/shopping?q=tbn:ANd9GcRUbnlon2DMj0KO7okD3Wow_zOwLUNzhunS0d5j7NskoOD5ib2jqPQFJqZ_fqsLCyFW8r_DnqIQ5Lyj0hLO3ewmzDOyuo_T0rX3F1z1s6pBThwRPNDk8Zvo
Earbuds,Boult Z40 Bluetooth Gaming Earbuds,1299.0,4.5,357,Myntra - Mnow,Free Delivery,https://encrypted-tbn0.gstatic.com/shopping?q=tbn:ANd9GcSdnjon2yJgfi_PD48FPQoKGd2oKZa4mofyG6PrnEirGsPYgAhlukyuC4sdCoUoRmY3_NF7ErosrmxUmb921x9qX_2SS9cy9M38WLLynJtHdsXGq77ew_W1nw
Earbuds,Realme Buds T01 True Wireless Earbuds,1099.0,4.1,197,Reliance,Free Delivery by Sat,https://encrypted-tbn1.gstatic.com/shopping?q=tbn:ANd9GcSQ1Ork_qcLUqNyH9BEW5BBxi_uFlvPuyepVJvmGl5KSC7HbhzXcs8LgkwKtK7jcsgCHdKpQBbwbR5MGTdQ4g5pCwQW0IZHlwfg8qUtnAM6au89H-v0f7ea_w
Earbuds,pTron Bassbuds Spark TWS Earbuds,549.0,4.5,142,Flipkart,Free Delivery by Tue,https://encrypted-tbn3.gstatic.com/shopping?q=tbn:ANd9GcTIkBSTzQnsrONo9tYReG4g057eCor5wLkmLnhNiMBWKDvS1Rw2-RBl8UcBRg5I3WJEcbo7pdVDohPCbnSyDYMYmWLSbfpqoAjfuAV8QwM
Earbuds,Redmi Buds 5C,1499.0,3.6,12,Vijay Sales,Free next-day Delivery,https://encrypted-tbn0.gstatic.com/shopping?q=tbn:ANd9GcRGRbfaWsUKK2SsPFFW3JZfRmsNjPW_2kEbtyZATeJNAU3I2FMh8AohZZkVVqYlJm4f-L6qXW9j_MfL98ZYoiY2UbROyt6rFzns6qhyKWv2INbTKsji6slTfTw
Earbuds,boAt Airdopes Joy Wireless Earbuds,1099.0,4.0,142,Myntra - Mnow,Free Delivery,https://encrypted-tbn3.gstatic.com/shopping?q=tbn:ANd9GcTC_gRrs4sF0ET7FTZxIyXmvoprZmJAzuv3yYdymbDQ7NCvpMqI5rMJivhx0LI7QfsgJHwVHb8Rkz3Q7YPp_X6UPHMdxg_Y3-wVMgoz5XPUEdp07xLA4bSzWlU
Earbuds,Noise Buds Trance Truly Wireless Earbuds,999.0,4.2,51,Amazon,Free Delivery,https://encrypted-tbn0.gstatic.com/shopping?q=tbn:ANd9GcR7ZX4mvnTIwZDHkfne569BzKoMQZFTggiSDCwZYAPMaBLuJ-2HVmE-CxNZsxDd2IZhG8hFukCgDUwP4rM5f-tbj5hVv-SwkVpmwYKOqaqo_sYn4-TvoFe-iA
Earbuds,boAt Airdopes Drift TWS Earbuds,899.0,4.8,17,Dailydeals365.In,"Free Delivery on ₹1,000+",https://encrypted-tbn2.gstatic.com/shopping?q=tbn:ANd9GcSvl0C3lsgRZoWrDHdteFXHfMzpe1h00A7UBLdchbMs8BmDH8QT9goR5om3A57LdDdYjCxkShX189V4ysgcKYddh_HLczIIMbQ4AK6aN4TBAf2__-CAws3OLg
Earbuds,boAt Airdopes 219 Truly Wireless Bluetooth Earbuds,1099.0,4.7,90,Flipkart,Free Delivery by Tue,https://encrypted-tbn3.gstatic.com/shopping?q=tbn:ANd9GcTsuBlslzDSJPlyxWyT5AK-TOhE0lM6p1DaanleeTJq1z7cL54iYj-F9uaxA67Fs547yOFsV6V86eY8PhTGZ80gMCZ_0WTm_gebzJ_d7DFGcD8nAUaQH9hmfw
Earbuds,Oppo Enco Buds3 Pro+ True Wireless Noise Cancelling in-Ear Earbuds,2999.0,4.0,1,Amazon,Free Delivery,https://encrypted-tbn2.gstatic.com/shopping?q=tbn:ANd9GcS2Xch3LF0y9jAxCWTw61YDd2Qn_WWMW0-t8NWVRKjZE4HV3-l9e59BeweUxTT6NLZXMKI98WQeYPW6PbzZc8uh8AQvDWoUzisE5JF3zKbV1KpUEUXrlK28
Earbuds,Realme Buds T110 with Ai Enc for Calls,1699.0,4.4,4400,Flipkart,Free Delivery,https://encrypted-tbn0.gstatic.com/shopping?q=tbn:ANd9GcTm2rZx2AIVQtr8AhxzYI8Pa9nnb_ZYPfkihqFGaL3pbRxUEagvyU9EHbWlzE2VfViDfVeViuIFV-tdYSTj0qmjprsqx6nR0q3wt68ELc19A153_LNRCq7p
Earbuds,CMF by Nothing Buds 2 Wireless Earbuds,2799.0,4.7,98,Amazon,Free Delivery,https://encrypted-tbn3.gstatic.com/shopping?q=tbn:ANd9GcREomv42Bu5qRsaHswFHqhEbqMBeGmqSu5zVgBqjBKGQSt5foCNr8-APnNt6Na8ZRa-Rd7xV6mRCOK2LVwO7J7Qq-YxaftXgecc-TZp1KjGb9J5I8I4HU5n
Earbuds,Sony WF-C510 Truly Wireless Earbuds,2799.0,4.7,4500,Unboxify,Free Delivery,https://encrypted-tbn0.gstatic.com/shopping?q=tbn:ANd9GcSCn9QD5-RmMOjhDv60dWk_lO3klywA1BOlTvLXsPN8JOB99TGiINqHHic2LuVbJO8pARfKePo0N0HwYveu4Y1IpSUshJ8Lmo6bXlx9Sx8AP4dZ17nShvwn
Earbuds,boAt Airdopes 131 True Wireless Earbuds,799.0,3.5,9200,Digihaat,Free Delivery,https://encrypted-tbn3.gstatic.com/shopping?q=tbn:ANd9GcRqYghIBFbZfwv6YsD6_kX7qWnSEV6LAi_1YNWEJ7_YhIMQf2jOejCTFJ2bdfSh--SZH-Q4uqZ7TgL4jfhtCZlTcmzvXEMb
Earbuds,boAt Immortal Gaming Earbuds,1279.0,4.7,3,Zepto,Free 10 min Delivery,https://encrypted-tbn3.gstatic.com/shopping?q=tbn:ANd9GcT5i5uECm-A69UtvsmFcr76OWzd9GL4_RNeY340XMHK69DksNpYLK3rEmqwGdVMYtFKKA6qTOK_UHCe9JkSXLtCN3G1HkADW3nwyfGcGhWpGCNAXAgZZ2lbRA
Earbuds,Zebronics Monk Pro Wireless Earbuds,749.0,4.5,142,Flipkart,Free Delivery by Tue,https://encrypted-tbn1.gstatic.com/shopping?q=tbn:ANd9GcR5Ob4Mhy4kCTFL3k9BNJCYCgMCdNvr_RPRlnHdz2T68elaXvhfNzdgA3qRqVrAeoBqVrnAoYGH77j7Z17YE5Badu7Sjaj2GYhWwC2UHjvH
Earbuds,Bose QuietComfort Ultra Earbuds,32900.0,4.5,2600,Amazon,Free Delivery,https://encrypted-tbn0.gstatic.com/shopping?q=tbn:ANd9GcStpFK8dejWaT1Wvg4fgAmdXJUHmU0zXQD0-qCIDfU2h5ktzAhircZ6RODCTSdDTHrnD_Jdl2C8ZX_Najjejnp3A7iAoegAV0fmh-7ugYS-uJfSzbaic9Zlmu8
Earbuds,Allons Premium Pro Wireless ANC Ultra Earbuds,283.0,4.5,142,Flipkart,Free Delivery by Tue,https://encrypted-tbn3.gstatic.com/shopping?q=tbn:ANd9GcS8Y6i7eMGjDGDHAO0fUlZ5rT_aPYHL87XYQ1jTxk4W3Fjlk9GtPHXRJXSGMmSFhhraxBHqKnjuaKBpJmi-h2qA_PirVJwDMR8EGa9wDjBxRTv5Wg6VGZDj
Earbuds,OnePlus Nord Buds 3 TWS Earbuds,516.0,4.6,147,Meesho.Com,Free Delivery,https://encrypted-tbn0.gstatic.com/shopping?q=tbn:ANd9GcRd9QLeLggcDvrWJ6kDhJgra_-Sgj9wlOl5UqLosUVrB84WY-t_emV9qzSR_3wbzjbZfiGrvbtgHStaTTSIrCkSFuqnRylY
Earbuds,M19 Bluetooth Earpods With Light TWS Wireless LED Bluetooth Earphones Digital Display Touch Emergency Noise-cancelling In-ear 9D Stereo,299.0,4.3,8000,Amazon,Free Delivery,https://encrypted-tbn1.gstatic.com/shopping?q=tbn:ANd9GcRU20c6FvgQqs4D_l8BI_7Xr_rSvXO8JYKHAK429e2eoFB_U6tc9ucSKrNNjTP8aGk0RiAqGWDtcBDVD6pw6dv6YJAZRWrx9aeu1xjCyNhZykVkyMwwcWPk
Earbuds,Boat Airdopes True Wireless Earbuds,799.0,4.8,456,Flipkart,Free Delivery,https://encrypted-tbn3.gstatic.com/shopping?q=tbn:ANd9GcRlbl1TbJTTghYqdHSIGwDexX-uyBgiAjeK1oosLPsY8I7Mvn6EaJzE_r_6Is-It9nDS8YW5L1pE6Xb52JMoAp7pfl3gIkzxbviAHzHUN9mtSxq80coIQIS
Earbuds,Neutronics Airpods70 Bluetooth,297.0,4.5,142,Flipkart,Free Delivery,https://encrypted-tbn2.gstatic.com/shopping?q=tbn:ANd9GcToM1UbBJnLz8l4Vuy5BX17pb-EY3RbIGJr6kBYsH2lnaTpLwdy6d2-nKMcgPOTNJhO5aAMdCYUZzt0S5IYndZoCdqR7p61WLkN-b5xT9NqIxF9W2YYffaB
Earbuds,Wireless Ultrapods Earbuds - TWS Bluetooth 5.3 Earphones with Transparent Charging Case - LED Digital Display & Built-in Mic - Crystal Clear Aesthetic,345.0,4.7,122,Amazon,Free Delivery,https://encrypted-tbn2.gstatic.com/shopping?q=tbn:ANd9GcQKpyQs_b6TmVNzPp_l2YV2GxiI5XsYFeX8mmIwwgxFI9G2aJPrIzozxiINYM09HlccR0MNob-a7H2aQtMNFFXVy77WegDcrRvVbp6EjKuxfT27pKKXiBqkYQ
Earbuds,boAt Airdopes Supreme Wireless Earbuds,899.0,4.7,178,Dailydeals365.In,"Free Delivery on ₹1,000+",https://encrypted-tbn0.gstatic.com/shopping?q=tbn:ANd9GcSFLgIqMOQRPIs_eBydidq14aO63U_wCWKG7nFvWDE5AGBAShFbO0s0emsnttkxQ2BPoRRzliHk_4DHlycKkqXczWZRTeznHrFY5i_yot4HwjJaEdD9fndPrw
Earbuds,Shivay Enterprises New ANC Tws Ear Buds,289.0,4.5,142,Flipkart,Free Delivery by Tue,https://encrypted-tbn3.gstatic.com/shopping?q=tbn:ANd9GcTe_5EVwHxXhLqYO9hrQd0QvI9pqCu6pzwY2cVht8CnQ92-8YzR7ZYfkEpTPFkRZzRLihEeQJhYnSgMu3MIUCvVaf7pezjrpBgWv97SJFr2OthTgfD3-vUVew
Earbuds,M19 TWS BT5.1 Wireless Earphones,330.0,4.5,1400,Meesho,Free Delivery,https://encrypted-tbn1.gstatic.com/shopping?q=tbn:ANd9GcQRt_oM4OH7JoEZpJ0tsZ5pb7dqTXKj_81va4oW2pSQPvvkMGvYiuP17_1374NF9Ln70pNJoJVxb8Rz4l9kJFSVAXJ958v5
Earbuds,Boat Airdopes 161/163,799.0,4.8,456,Flipkart,Free Delivery,https://encrypted-tbn3.gstatic.com/shopping?q=tbn:ANd9GcReH2fEKeC8OKUKqDasKqKcOl1s2zFO1dYW9CimjPNsyboqvTNHdZaNuP-6pP3XY5xARr2f_1wzS8KE6AyWGK_1yC_Z-nN-w_eJYH5AL0M4lnLG6Hvk3IZ0_Q
Earbuds,boAt Airdopes Ultra Pro Wireless Earbuds,999.0,3.9,16,Amazon,Free Delivery,https://encrypted-tbn3.gstatic.com/shopping?q=tbn:ANd9GcSHwaM2pRtX0lKjKLG37GVQE_dzb-Kj1KEjjpl0n0vbghcI21wiv79TJdqAF_g4oc3EiLpULF0GCFUjoVmG06tK3MDTSkLwzYf30VnNaMoHvWX3RwIab0NscQ
Earbuds,Noise Air Buds Pro 4 True Wireless Earbuds,999.0,4.8,70,Flipkart,Free Delivery by Tue,https://encrypted-tbn0.gstatic.com/shopping?q=tbn:ANd9GcSomdmHo1VoYeVtFzGUqDOfKe1Fe1PLvxa6jggXtG7DD0o5fo6u8P0a6nxts0ep6SVXSMMS3g1ZdwWWig_0_T_8E4hF5gcTM0EdN9nQydU
Earbuds,OnePlus Nord Buds 3r,1999.0,4.5,293,Myntra - Mnow,Free Delivery,https://encrypted-tbn1.gstatic.com/shopping?q=tbn:ANd9GcScxYIJkHwwk0e3lqlCqAZUEa1I3DN8qbv6U9P0e7TOdKYkN2Hfl4dKQ2D2vH-G2TJ_xMiIXrjwYWrdfNb8lPE4nEpuPLp_7KSqWuWQF0-4bd0gP8_eqH7RjA
Earbuds,Techio Airdrops Pro 3 Wireless Bluetooth Earbuds,269.0,4.5,142,Flipkart,Free Delivery by Tue,https://encrypted-tbn3.gstatic.com/shopping?q=tbn:ANd9GcQpihM7mYQG8VxPEGcms2cseULjmuaddNULU0v2CWv0a82SmiV29IuFrgZD4iIGbrkGws_ogIIzeUhu9UfYISt2SlDbXT23A2jm8CEt52EM3ZhMDD5fmWD-XQ
Earbuds,boAt Airdopes 71,999.0,4.4,212,Zepto,Free 10 min Delivery,https://encrypted-tbn2.gstatic.com/shopping?q=tbn:ANd9GcQCmSukmG1wugVbA1V9JtRPxX06QjSZ53Zr2RSlYJzfnUpcF-DyfShCaU3XtqnzMU4wrhBtcsNeTEHqJxy1uCkSkDFY7d7QmTVDHxkStVBgVCDmovjmHZv6
Earbuds,"Awd New Anc Tws, Ear Buds With 48hrs Battery, Fast Charge, Blutooth & Mic.A1_17 Bluetooth",684.0,4.5,142,Flipkart,Free Delivery by Wed,https://encrypted-tbn0.gstatic.com/shopping?q=tbn:ANd9GcRyQYb58GGbglsx_GRSU5garvNIa1nwjcUK2aCtSLhqLqQTznNhqMxCxDrt8h182FBuWOAljE9JhkCvDrdqj40ePTHvlcsKodWpzixnJmE
Earbuds,boAt Airdopes 141 Gen 2 4 Mics ENx Tech 48 Hrs Playback Free Music Streaming,799.0,4.5,10,Flipkart,Free Delivery,https://encrypted-tbn1.gstatic.com/shopping?q=tbn:ANd9GcQ-NEL8bv599Q3HO87Rx-iT5ePfI5KvCv-RqXNfj5HLtvgk_kh2BGZNCIqJkEpcLZ3fzuy_jIjgjLbS2K3jO6LnUbZUBIPD2T6Wfz3pRI70
Earbuds,Mivi DuoPods i2 True Wireless Earbuds,699.0,4.5,142,Flipkart,Free Delivery by Tue,https://encrypted-tbn1.gstatic.com/shopping?q=tbn:ANd9GcRJqwODukVDyumo8YmrMZ4zTP66np5M2U_9wTIAL6ZiapG01XI0fZMaMo8YLM-Ey5Rppaaex5qNpizXcRKvSNtZa1g05rkyV8D097QNOCgdzrt3iXOCsUmf
Earbuds,PTron Tango in-Ear Bassbuds,699.0,4.5,142,Amazon,Free Delivery,https://encrypted-tbn1.gstatic.com/shopping?q=tbn:ANd9GcQ77FLbjH7Hp4SvXhiMDvXY9aKaS_08Cl7TdQ5wlsdSn5m-j6hw1x4dD3TokD60qvrzrcyG5rUHZsTMlYWwi34w_sOV3JJXcHGFJjvI0VgWrLaMWFmxEeYc
Earbuds,"Hammer Airflow Neo TWS - 80H Playtime, 13mm Titanium Driver, ENC Bubblegum",649.0,4.5,142,Hammer,Free Delivery,https://encrypted-tbn2.gstatic.com/shopping?q=tbn:ANd9GcTjFWq7orJZdb6ixPLJnW9VAW-PusAj6FvohDoWS2kW17URlE0hyi2cjuCBGD99YIpuKck0zMQjAYiZBPxfXf7kWSIe7Cg_0MQEYGzipEXJKvPVoCstB9FYZQ
Earbuds,Caidea Probeats Air 25h Earbuds,364.0,4.5,142,Flipkart,Free Delivery by Tue,https://encrypted-tbn1.gstatic.com/shopping?q=tbn:ANd9GcTSsOSR0Lqs4DjdKuPJ6rQ3oOMpxAGh8O33mq5Fxd8EicKgIpiyhhIpgFOBXoMgMNOYfYkl1mHHnc-ix5cZ0-pufiK-M5hMtbJiAYqi5ffzH2T7EM9xnGEo0A
Earbuds,Yildiz Nord Buds 3r Wireless Tws Earbuds With Deep Bass 10min Charge For 8hr-9 Bluetooth,497.0,4.5,142,Flipkart,Free Delivery by Wed,https://encrypted-tbn1.gstatic.com/shopping?q=tbn:ANd9GcSSp9sYAcnnYnZFUSlnzv9Ewh7Wyz00vSyhpjPaMkZJP-dXWZXSJ2BFKU1uuHwZt0WYsMIXxIosU3TBK31kwuVdrDMDG-PNoPCt3Kz719o
Earbuds,Boat Nirvana Ion True Wireless Earbuds,999.0,4.2,463,Dailydeals365.In,"Free Delivery on ₹1,000+",https://encrypted-tbn1.gstatic.com/shopping?q=tbn:ANd9GcR3MK-5x2vVnQrDs_H9M34W_P_Qvlg2VQxNpbrXcWu8GyZZtFEtGebiB5-r-DVyeEMQxYURAEcriINJT-8DXXB2KQjjrGxQuddiYPRmsgYrTs8Yo2eLOCXJfA
Earbuds,"in-Ear True Wireless Earbuds for All Micro USB Mobiles/Devices TWS Ear Buds with mic (Misty Grey, 2R, SZ.C5)",999.0,4.5,142,Amazon,Free Delivery,https://encrypted-tbn3.gstatic.com/shopping?q=tbn:ANd9GcSA4JOE-OEfIIHETb_TfZDNg530T-dkWOwBTIy6BedpzeyYeokVoBDesInpqArlP1Mpo5VwAsNGuwNsMf-xbGiNcGGGEUSzEDv3yjiBtdYFgLcultEdEJ48
Earbuds,boAt Airdopes 131 True Wireless Earbuds,194.0,3.5,9200,Desertcart.In,Free Delivery,https://encrypted-tbn3.gstatic.com/shopping?q=tbn:ANd9GcTggyHKGKsc4ya-sG_4kCwNfXldC0KADMFNrBYgWWKUWPDfvYAzfWcTPugN4Xayyco3X81ANxPYfsBKsq7jg5BcmyhKBbDg3lcBHOmESw-pRT9cQ072vU3R
Earbuds,"Radhe New Anc Tws, Ear Buds With 48hrs Battery, Fast Charge, Blutooth & Mic.D157 Bluetooth",699.0,4.5,142,Flipkart,Free Delivery,https://encrypted-tbn2.gstatic.com/shopping?q=tbn:ANd9GcRwBky3Jan4WkKu4A8duqL8O_Ady_UnzFDfgHOSPCfnFfudB3kd4L1xoShAOD0-SVFU3mF6Ull-_MBngedLFBGVcjYsbZDlM34SWtqw2n9su0sDESF5KEaqLA
Earbuds,"boAt Airdopes 311 Pro TWS in-Ear Earbuds w/Up to 50 HRS Playtime, (Dusk Blue)",899.0,4.3,113,93Mobiles,Free Delivery,https://encrypted-tbn1.gstatic.com/shopping?q=tbn:ANd9GcTMUGfqCTu8MTxF2c8REnLY5MPH3TQd0FobWMeIQyTYiLNe5n_tW9f4_BrX_8yKZfdH9GSH6Jcnmy0LjZZ6qLcmLcjgPyojh_Hxfe48JRWjMItC8diCMMaoO9Y
Earbuds,Zebronics Pods K2 Wireless Earbuds,899.0,4.5,142,Amazon,Free Delivery,https://encrypted-tbn3.gstatic.com/shopping?q=tbn:ANd9GcRQJKUvbE7QBj4UbA9g1H2lHSL-PQyvVOXysPVh-8_OEAJRu7aolNW52o0EkMv90vFnv5HOzHVGRbXWj_ibKOb9XgDsUmeT9p3D5pp41TXjW5SKup3KaIg8
Earbuds,Techio True Wireless Stereo Noise Cancelling Bluetooth Earbuds,298.0,4.5,142,Flipkart,Free Delivery by Tue,https://encrypted-tbn0.gstatic.com/shopping?q=tbn:ANd9GcQgIljotwSm8WeDecE-ig9NNxHDfv2XL29Yn1C0g8gP7TqnoSujonubDG-2-MHxTIxWGRFlGfmSbq7I4qfua8p_nL9fDpeUqaqpASkJYvPq
Earbuds,GoBoult Z40 Pro v2.0 ANC Indigo Rust,1499.0,4.9,65,Myntra - Mnow,Free Delivery,https://encrypted-tbn2.gstatic.com/shopping?q=tbn:ANd9GcStE_wrVxjXjCQI1GtJYKdHkp6RvLP_5vlooQWa4E7V7HaeG6R2pCsrwrLhUpwKtiveNRLo9mzTrChXZsCYjs_7HQM7TlmCPbdAetIKZltCuhe1nwY7eCF0RA
Earbuds,Circuitlab Airdrops Pro 3 Wireless Bluetooth Earbuds,339.0,4.5,142,Flipkart,Free Delivery by Tue,https://encrypted-tbn3.gstatic.com/shopping?q=tbn:ANd9GcQ-5g_e2ZUMdT_m4IuLxxgz6kxJM_mWE_kS9rsyaCc_zgebVJ_3YkwqR_gcG5DYIKkORNZgq8cDldYGO8PUJZgor9WkUFtnbh4Hjk3xX1mj
Earbuds,Havit TW976 Wireless Headphones,999.0,4.8,28,Amazon,Free Delivery,https://encrypted-tbn0.gstatic.com/shopping?q=tbn:ANd9GcT1liogCS4NTh_HvfuyZ55cfS1bLM2gVqFIgZtFlxIki_WsfKKniDCcbnnh7KOyEREx7xjn1lD4E8UJdiJ9wkgjfz1kA8xEpuvQsNOncN5z26ATXFOKkAuZ
Earbuds,Trending TWS Bluetooth Wireless Bluetooth Headphones Earbuds With Stylish Best Quality LED Watch Wireless Bluetooth Headphones & Earphones Touch,310.0,4.5,142,Meesho.Com,Free Delivery,https://encrypted-tbn3.gstatic.com/shopping?q=tbn:ANd9GcTwvxqZNEVZF6ZLS9f8lVDtiMZz56eXE8sKGVzCIPPaPBeMDddr_UPL9QLpYXEV8TSWynsJjW3ai6szRxrNIJsLmMK7fZht6w
Earbuds,Lufina Probeats Air 25h Earbuds,367.0,4.5,142,Flipkart,Free Delivery by Tue,https://encrypted-tbn1.gstatic.com/shopping?q=tbn:ANd9GcSM2VSiT_3QhQILijyMc5vZLD2oxkMOhoSE4mRONhrBGJqC2oY-bCAzt_EMM5YeIZ9Z2doEtGhKfQPTO1-UYptUy9IiWtzJrg331IDdAguGk1sA1y8DHKmiMaM
Speaker,PTron Fusion ONE 48W Bluetooth Party Speaker,1889.0,4.8,144,Flipkart,Free Delivery,https://encrypted-tbn2.gstatic.com/shopping?q=tbn:ANd9GcQdQRyLIrdJT8q-NOWiXJAjMkM-hM_jqEm9oNNO3okI7T-OCz5bk56AZV1nTw
Speaker,Krisons Cylender 40W Bluetooth Party Speaker with Mic,283.0,4.8,144,Amazon,Free Delivery,https://encrypted-tbn3.gstatic.com/shopping?q=tbn:ANd9GcQMN-1pgcWNApLz0fEF4K1u16UXBeTwTqZaDLrEmAcVbv2coPT4fqRcYcs8MORfdd5FohbPpXOW
Speaker,boAt Stone 350 Bluetooth Speaker,1499.0,4.8,172,Boat,Free Delivery,https://encrypted-tbn1.gstatic.com/shopping?q=tbn:ANd9GcQcdtSovZm4GlxUT3kqgJOJ9CbLfGtkzoNn8Wmhp7d54GR1y0S875xR_BV49dxlAmFZMJ1PJZuN
Speaker,Zebronics County Pro 11 Bluetooth Speaker,1249.0,4.8,144,Flipkart,Free Delivery,https://encrypted-tbn0.gstatic.com/shopping?q=tbn:ANd9GcT-U2nnDxHsWfXatxE0jOuMGdLZ8kWWYbSqryqghKqPRTPOfnsW7z1JT8shBmxOYAKRQVvuz0k
Speaker,"Prolet Ultra Boost Mini Portable Bluetooth Wireless Speaker | Heavy Bass, Clear Sound, Round Metal Design, Fast Charging & Long Battery Backup for",279.0,4.8,144,Amazon,Free Delivery,https://encrypted-tbn1.gstatic.com/shopping?q=tbn:ANd9GcTw9nrpddQtA3_POxdm8AhMYWt62M5k3vsxdDEml3UG-aqjK8Dl-Y95D7IibgJIzgdGgUSlfm34zWA
Speaker,Marshall Emberton III Portable Bluetooth Speaker,17999.0,4.8,2900,Vijay Sales,Free next-day Delivery,https://encrypted-tbn1.gstatic.com/shopping?q=tbn:ANd9GcSCbLsWaTwkBCyRDMFUsjb6r_yCTFWeBIwJhAWLbzq4O9C8-6rBb3lW11vzASbDUUBPk0wf7vIC
Speaker,Modget Instarock Party Speaker,3999.0,4.8,144,Reliance,Free Delivery by Sat,https://encrypted-tbn0.gstatic.com/shopping?q=tbn:ANd9GcT-X-dR7ednD447u28EeRyns0Y4gqH50kLo7jTWJFQv1akckRHHVnm5RAubDOPQepCTS2pkx90
Speaker,Frontech RGB USB Speakers,498.0,5.0,1,Flipkart,Free Delivery,https://encrypted-tbn3.gstatic.com/shopping?q=tbn:ANd9GcS0ccdFhTCBXg3AqQl1FW6XxzMhjBMcJQIqhdkMGtOJXAOxuVPfc51WcLOBjOzCE78h6VntINM
Speaker,Xiaomi Sound Outdoor Bluetooth Speaker,3799.0,4.9,144,Mi.com,Free Delivery,https://encrypted-tbn2.gstatic.com/shopping?q=tbn:ANd9GcSR2MSVYN_d8Vsl3NSzeVLEn4JcHooaUs71CdZtwr0LiiWlu4U
Speaker,boAt Aavante Bar 480 Bluetooth Soundbar,1099.0,4.8,5,Boat,Free Delivery,https://encrypted-tbn1.gstatic.com/shopping?q=tbn:ANd9GcTPstd8owGrnY4abVvdEPBaKpzPXTs_aauJABAT14sWqXTVy1EqcgRIqSUPmjsIqIHrPxJ0Ua8
Speaker,Artis Mini 2.0 USB Multimedia Speakers,399.0,5.0,1,Amazon,Free Delivery,https://encrypted-tbn0.gstatic.com/shopping?q=tbn:ANd9GcSngKqBBAc3cvrPoq3ODs4AOcdsXqTYT_RJil4PArkMWCq-17ipAIIauusVPXP34AgGt-KBLRE
Speaker,Mivi Fort S24 Soundbar,1499.0,4.8,144,Flipkart,Free Delivery,https://encrypted-tbn1.gstatic.com/shopping?q=tbn:ANd9GcSjDYzStSr7GyENQB90x9XvBOB9r7Zql5o-Z32NQbaAMbyWeyyHFsB0Z74j4nh4SXtIlEYG6HvW
Speaker,"Zebronics ZEB-COUNTY 3W Wireless Bluetooth Portable Speaker With Supporting Carry Handle, USB, SD Card, AUX, FM & Call Function. (Green)",67.0,4.8,144,Amazon,Free Delivery,https://encrypted-tbn1.gstatic.com/shopping?q=tbn:ANd9GcRpDcjLs5fjT844X7HNliw-B9jPj6I35PVB0vDLELqj2-EWzLAGnlkdjnhrXoQLn8P2eqeE4pa-
Speaker,JBL PartyBox Stage 320 Bluetooth Speaker,44999.0,4.8,6000,Reliance,Free Delivery by Sat,https://encrypted-tbn3.gstatic.com/shopping?q=tbn:ANd9GcQ5F-SwF4oilrurNfU7dItde9cSlb_j6mbx6PufjqajUX9D5CKWdt2IZcUOreFfqaMOOdOtZTo
Speaker,Marshall Woburn III Bluetooth Speaker,54999.0,4.8,1200,Vijay Sales,Free next-day Delivery,https://encrypted-tbn3.gstatic.com/shopping?q=tbn:ANd9GcR11tX98domE5hCJiSdgvBiLda-2D5_LP0dLxuRm8LUWZyhYEbH-4Kspjn2U29Iyowb326nCxSPow
Speaker,Zebronics Astra 35 Bluetooth Speaker,849.0,4.8,144,Amazon,Free Delivery,https://encrypted-tbn2.gstatic.com/shopping?q=tbn:ANd9GcSevP3aF_RLz-N7Iy3DvwjVSMuW77HC71T244pE1AvQIvm7XcJkLdOgny036ZXnHO6Tjqau7J7h
Speaker,Edifier R1280DB Bookshelf Speakers,13490.0,4.8,2900,Flipkart,Free Delivery,https://encrypted-tbn3.gstatic.com/shopping?q=tbn:ANd9GcRO84Y116l6EHoHMF3Fvhx2qoyZdwJ6lbVHVG1LFJJ83ugy_k-r5ViffzSZHhvF5PIA9RyLOGw
Speaker,boAt Stone 180 5W Bluetooth Speaker,1299.0,4.4,39,Boat,Free Delivery,https://encrypted-tbn0.gstatic.com/shopping?q=tbn:ANd9GcSSZFOKUFRY60uaGZjD0CsYIMWWocjF_KppicsZCsn-tbL--X29uG-duCh4diMa_ZaVxa9GIUtv
Speaker,Hammer Wave 10W Bluetooth Speaker,699.0,4.8,144,Reliance,Free Delivery by Sat,https://encrypted-tbn3.gstatic.com/shopping?q=tbn:ANd9GcRpg0zhs2bWPQRZj2S9jvHEfLeoa2Y34fFulTMciWXeaiL6Knuz5Cc2UuvXUoKvq1eLFXCeFth7
Speaker,GOBOult Bassbox Q20 Bluetooth Speaker,1899.0,4.4,19,Goboult.Co.In,Free Delivery,https://encrypted-tbn3.gstatic.com/shopping?q=tbn:ANd9GcS4ESHuN_oot4sUuH4vbP3kZGrHYBjZgLoUnUNn2DOljixrDxCQs02S613u73TmIo-jFc3Srxk
Speaker,E GATE C212 20W Wireless Bluetooth Speaker,890.0,4.8,144,Amazon,Free Delivery,https://encrypted-tbn2.gstatic.com/shopping?q=tbn:ANd9GcQWDaE9ZM1W18x5f1eoPa8fue3bRFPWJ8jeDkz3DgotS_kyS3fyi4F0nxj4DfFuNEJxsc69q8yF
Speaker,boAt Stone 1200 Pro 60W Bluetooth Speaker,4999.0,4.0,3,Flipkart,Free Delivery,https://encrypted-tbn2.gstatic.com/shopping?q=tbn:ANd9GcRh3TN92naQJFLayvFvlHmaKsOzjtc38SAlG-6uVjUJEPUYqZGk9AX3oQO5pDE
Speaker,Bowers & Wilkins Zeppelin Wireless Speaker,86900.0,4.9,15,Vplak.Com,Free Delivery,https://encrypted-tbn1.gstatic.com/shopping?q=tbn:ANd9GcSR5WrOg3zl2ehZtkVIz-DByDv2tIQCllgwc5QbbOrdOGjh5jofLXk6MmHwK5dlXGgmxMxs6KI
Speaker,boAt Stone 208 Portable Bluetooth Speaker,1099.0,4.5,4,Reliance,Free Delivery by Sat,https://encrypted-tbn3.gstatic.com/shopping?q=tbn:ANd9GcTlubIZERgES_LD9ZMdQe45_teExX3eC5_tLY8Sp9NxC1gEIygcc16zoR4rvNpmJsSZ6ok5UfQ
Speaker,Zebronics Zeb Pluto 2.0 Speaker,242.0,4.8,144,Amazon,Free Delivery,https://encrypted-tbn2.gstatic.com/shopping?q=tbn:ANd9GcQnk9S0trLp4LBqoBBJqkEfMK0hBfCHnMVl5tq25XpAerjxCsC7X84gVjx4EeqN0P_RL5PQ1lE
Speaker,boAt Party Pal 320 Party Speaker,9655.0,4.6,5,Flipkart,Free Delivery,https://encrypted-tbn1.gstatic.com/shopping?q=tbn:ANd9GcRFxFweczkdQEDCT63zBl3IEBIM1QG7QHD1HXJc9vQIGMRkiq191GxYbQ5_xQl2PppDCZTTlqMq
Speaker,Sonos Era 100,22999.0,4.5,22000,Sonos,Free Delivery,https://encrypted-tbn0.gstatic.com/shopping?q=tbn:ANd9GcTfGBDT92F_3Wq7T97kWIziNRgicyXUvgLTClc-lvmqlMAtEEM
Speaker,boAt Aavante 2.1 1200 Soundbar,5499.0,5.0,7,Boat,Free Delivery,https://encrypted-tbn0.gstatic.com/shopping?q=tbn:ANd9GcQOLkZXMApFegNwJQ7-hb44BBqdgBUTagDyeFEHeLZb6CLiWJXgyrHsh8jZPoQFufxq41wZo1w
Speaker,JBL Go 4 Ultra-Portable Wireless Bluetooth Speaker,3499.0,4.8,19000,Amazon,Free Delivery,https://encrypted-tbn2.gstatic.com/shopping?q=tbn:ANd9GcRZ4WCL5T68AIVal4rz0_Z3xnVsaw8PsM3aNpAHG4mHObd3HQeFt1tKAT4xnReMQ4QB10A_TZg
Speaker,boAt Aavante 2.0 150 Portable Soundbar,1499.0,5.0,4,Myntra - Mnow,Free Delivery,https://encrypted-tbn1.gstatic.com/shopping?q=tbn:ANd9GcQVYQGg6JPdtX4sVrQBQYGPENDNc-rLibmXbVJLUtcXDVRf2uC8Wf3V86JyHKMUVuATlRU3kqeXpw
Speaker,Msnr Soundbar Premium Black Partypal Bluetooth Wireless Auxiliary Usb Fm Speaker,896.0,4.8,144,Flipkart,Free Delivery,https://encrypted-tbn0.gstatic.com/shopping?q=tbn:ANd9GcTru-f3DtT3aNDMkh8VpCQ-R653wR4KiZmGW8CP_PO16qGyEzQ1x0R-8H7Ssg
Speaker,"TRONICA Super King 5.1 | Bluetooth Home Theater System | 40W Multimedia Speaker with Subwoofer & Deep Bass | Sound System for TV, Laptop, Phone, Music",2573.0,4.8,144,Amazon,Free Delivery,https://encrypted-tbn1.gstatic.com/shopping?q=tbn:ANd9GcQUPELv9LS5KSNYdsA7wUhC_qfF4qx96iaTMW-vYtEmhVgG-JlUmVQ6OVP451zyiP92QxxHse7p
Speaker,Marshall Acton III Bluetooth Home Speaker,26999.0,4.8,3300,Tata Cliq - Fashion,Free Delivery by Tue,https://encrypted-tbn1.gstatic.com/shopping?q=tbn:ANd9GcRS7kjHpQ05Y6e_mFpyDmQHmrN6vWlaAZ3mKNAKjhpVTtWAOj-IBKe1gDIH-r7dbeEodKwq1xeA
Speaker,Noise Vibe 2 5W Wireless Speaker,1099.0,4.3,20,Reliance,Free Delivery by Sat,https://encrypted-tbn3.gstatic.com/shopping?q=tbn:ANd9GcSl-OHUFLnTDesCAKF8AdZ30rx6CL9VzVIy5fqT3SKn-kpkkzzBYQ8tDEn-WuGtC-sYhBUfwfk
Speaker,pTron Fusion Party V2 40W Bluetooth Speaker,3439.0,4.8,144,Ptron,Free Delivery,https://encrypted-tbn0.gstatic.com/shopping?q=tbn:ANd9GcTi4QZQXtqNIFQjtzJKLHeS6kX77yTfW5NRjZwM4kL2t_eWr_1lhXLeqykf6jGMHRwrfeF6GWjG
Speaker,FRONTECH 2.0 Multimedia Speaker,520.0,4.8,144,Amazon,Free Delivery,https://encrypted-tbn3.gstatic.com/shopping?q=tbn:ANd9GcS4_TEz4BTQMYtYu0ivwvNUnvMchStLbj8EZPo3XTHut6AoU9oVTBij3paQj7yCTIRG5ZP381A
Speaker,Zebronics Sound FEAST 450 Portable Wireless Speaker,3489.0,4.8,144,Flipkart,Free Delivery,https://encrypted-tbn2.gstatic.com/shopping?q=tbn:ANd9GcTHqe1vccCq-hYPTP6cSCZZgN_G6FsdHjTlEAbVg-BRtyp9zzAo-PA18HxdCA
Speaker,boAt Aavante Bar 490 Bluetooth Soundbar,1099.0,4.5,11,Boat,Free Delivery,https://encrypted-tbn1.gstatic.com/shopping?q=tbn:ANd9GcTPstd8owGrnY4abVvdEPBaKpzPXTs_aauJABAT14sWqXTVy1EqcgRIqSUPmjsIqIHrPxJ0Ua8
Speaker,Portronics Fynix Mini 20W Portable Bluetooth Speaker TWS,1699.0,4.8,144,Amazon,Free Delivery,https://encrypted-tbn3.gstatic.com/shopping?q=tbn:ANd9GcR423rHOJ-wYcYFIjOLGcc1C0qmLYudf2ZmMTODKkEhXVoeDHTu-1mYJhnVkb1J7_5VPyBw7fd5
Speaker,Amazon Echo Pop Smart Speaker,3499.0,5.0,8,Dailydeals365.In,Free Delivery by Wed,https://encrypted-tbn3.gstatic.com/shopping?q=tbn:ANd9GcSRNcfK-ak7-lBhg5BZT4hoRAr2d3w9-4pxU0tzgRpOkQCoJstDA0tlUjE8-EvLOo3OLUbmsb0
Speaker,boAt Stone Arc Pro Wireless Speaker,2125.0,1.0,1,Flipkart,Free Delivery,https://encrypted-tbn0.gstatic.com/shopping?q=tbn:ANd9GcSOTLokOfhGl7xZCJMZqhru6or2d47v8OJ4QEZ5ENXBxozosC_tWZcqJtz3SF4HFSJXHwA9mSK-yeMzxtxCTx-o6eaEaZSu87TU9cgeszmT
Speaker,JBL Flip 6 Portable Bluetooth Speaker,5631.12,4.6,10000,Vlebazaar.In,Free Delivery by Wed,https://encrypted-tbn0.gstatic.com/shopping?q=tbn:ANd9GcTjEfxtCn3217HQgmwZuwnzC4Z9Fm9i-4u3uBceQgI31abClffFBshh1mozIkOxCkUWZJElHuZfgurtZcPJQXmokGnWuAVxbgK6pDabV-ZKxDz2KfQQXF5B
Speaker,Sonos Five Wireless Speaker,54999.0,4.5,11000,Amazon,Free Delivery,https://encrypted-tbn3.gstatic.com/shopping?q=tbn:ANd9GcSkLBOsr_DDgCWI31t0u6CrMAtOcvhsTn2r4L1DdnLTZO-HZ1Wx-eqoBgjkF6vtZqx4gIps-AY6K37O2PX_a2OElKRbmKLmwXMxp6LPMJNR73c0NMGeDaPX
Speaker,boAt Stone 1200 Pro 60W Bluetooth Speaker,4999.0,4.0,3,Boat,Free Delivery,https://encrypted-tbn3.gstatic.com/shopping?q=tbn:ANd9GcT9jbXCya-j6tnQ7A1UENRCAEcfiSnDCW-55IxMy26m5VjlatgOJuMxInwU9gSsCi5fWyAY1apjifhhZ4am3TfQGDsKJ1zU8PuHkAKUzAPiicH74KdGM2ftOw
Speaker,boAt Stone 310 Wireless Speaker,1299.0,5.0,1,Myntra,Free Delivery by Tue,https://encrypted-tbn2.gstatic.com/shopping?q=tbn:ANd9GcRzL4wE78so3-_A8OcZKD0SewFPNLXDmuMPNUJ0bu2Q4J3hBmErf28wj0JK0r3IC49S1So71EmvaEdjNYQ1SLX5au7J-KY7a65E_OupSvbkmEnz0Q22xMRLcA
Speaker,Marshall Emberton III Portable Bluetooth Speaker,17949.0,4.8,2900,Tata Cliq Luxury,Free Delivery,https://encrypted-tbn2.gstatic.com/shopping?q=tbn:ANd9GcSg1yXQtHQHgk49PIwKNHZv7jQHuFmW4p-50jxE0Xh_PveED9629kLkJH283vGmn974ffJth863aWXvcAakHtMtg1Vv43UcFMHhFLrVNloF3fwxUQXzKOuP
Speaker,Zebronics Sonic Pod 15 5W BT Speaker,679.0,4.8,144,Amazon,Free Delivery,https://encrypted-tbn1.gstatic.com/shopping?q=tbn:ANd9GcRMbCGRQoH2a1muE9_zGkjXKSp1HiTNFhf0i-eKsqtOAr1ifFbbAckhGJA08chDPVcYBRquY_7qMWprzNlq6QVY2yfENUcib4ApcGAO88gitlugE5STLhSx
Speaker,boAt Stone Arc Bluetooth Speaker,2299.0,4.3,3,Flipkart,Free Delivery,https://encrypted-tbn0.gstatic.com/shopping?q=tbn:ANd9GcSR9INPoSSxbo9i6R-7NifN9zdGUosLW8weWm-SrR_WXT2f13DEaptcnpo_r8EFVOGA2WweMsnb38x6liYw14MWAJTgDCgwuwl0HeT4C_4
Speaker,Klipsch Austin Portable Bluetooth Speaker,9499.0,4.9,219,The Sound Factor,Free Delivery,https://encrypted-tbn3.gstatic.com/shopping?q=tbn:ANd9GcQ_6ST4ak2lGe86jAwYpL2FMR00Aer5oMObgzUUXjxSSGSTX3rhw7y5GFy-3oR_RyPGwwTKWg8mqDEoY6_YwD-9EBcbe71R3jtwgzL0KKe7qmuLj4QuoFvP
Speaker,JBL Go 3 Portable Bluetooth Speaker,2999.0,4.8,17000,Flipkart,Free Delivery,https://encrypted-tbn1.gstatic.com/shopping?q=tbn:ANd9GcRVULCodctDh8CvRTo041H3dvBBGNMkQwX92lNa_Xhz0NPnxoeHsDaemwymG80mGudsBRzEGjc1PvmfUQ9TVp1w8N-ssO7gZYjqQKzJpAmEIxS08mj8Joo
Speaker,Creative Pebble 2.0 USB-Powered 4.4W Desktop Speakers,2199.0,4.8,4300,Amazon,Free Delivery,https://encrypted-tbn2.gstatic.com/shopping?q=tbn:ANd9GcS1N-pyibtEgUeDMAAOnE9kmDzgS-F5h40ZYxu92xximJf22hBqYOKDWvzrcwhDtZ0OW4vNjqKfloSKe-_vOc9CMbGyxuJ31u1pr9XlsIh0uA4d9g9E-HBV
Speaker,IT 120 2.0 Desktop Speaker,699.0,4.8,144,Amazon,Free Delivery,https://encrypted-tbn1.gstatic.com/shopping?q=tbn:ANd9GcQAGKy_m3qmjs2y8ByIwqv-YoALU7_ERY3rDqCW9nNF-Nh4t1JDFn4GvBK9z2DqzFbmSiZupVdRpzBc_uuvwdQijteKgCBSeDn2VEATqr7PLDtJlxCiT-y_gQ
Speaker,Blaupunkt Sba20+ 20 W Bluetooth Soundbar,1199.0,4.4,38,Flipkart,Free Delivery,https://encrypted-tbn3.gstatic.com/shopping?q=tbn:ANd9GcTsnZQTuZsELcbyDxabkEPelB7GYpbIXaN-SQfEipXvKWJez8aqDU1eP7yWKXMF6bnjVQs7kfke7Ahr5R-4BUc7LcJEv7EzbY4rgW8rGMT8rC3uhI5_IL1e
Speaker,Tribit XSound Go Portable Wireless Speaker,1885.0,4.9,889,Zop,Free Delivery,https://encrypted-tbn0.gstatic.com/shopping?q=tbn:ANd9GcTYv3KyR0JYqeO_GTtlP_aEZ0CBV_HVVdvTjEPNGgLxIX82QvSxz1ZiuH82OHRhZOCUUL0BIRRUe7zXP8D6gMUzzdYzObmVtw
Speaker,Zebronics Sound FEAST 450 Portable Wireless Speaker,3499.0,4.8,144,Zebronics,Free Delivery,https://encrypted-tbn0.gstatic.com/shopping?q=tbn:ANd9GcQD9lfVhq47rfCC2zVt-Tg2tElr8Rx0LbEd3EIxTzZSLX4ouFNkKYMUzcCP9bO6Bq_UhOOqYPHtUqUqB7p4efB0aZ3sivMxB2ZKobzrAo593aWKtQhFQFbxiQ
Speaker,Ambrane Evoke Cube Plus 5W Portable Bluetooth Speaker,599.0,4.8,144,Amazon,Free Delivery,https://encrypted-tbn0.gstatic.com/shopping?q=tbn:ANd9GcSOENUuGHTCHL1cFy9cnyp29Q20ZGDMDgK5WHV96hYN_Gqwtde_AODNSFITtPe41y73EEeajrs9pDBxWRELpV2kkLiTpiMLIRNUuzo6K1cwJYNr_phyGNg6
Speaker,boAt Stone 352 Bluetooth Speaker with 10W RMS Stereo,1099.12,4.6,39,Vlebazaar.In,Free Delivery by Wed,https://encrypted-tbn3.gstatic.com/shopping?q=tbn:ANd9GcQSh1ySFRVvQAvgmj6dnyEshmmAGP4n6YwZOeBn9aZcy1UbZj_jr5WvZLZIDjHzjvaPNdx2RK5u5AMS8ufdb43GibniHwQL
Speaker,Edifier R33BT Speaker,5990.0,4.8,382,Edifier,Free Delivery by Mon,https://encrypted-tbn3.gstatic.com/shopping?q=tbn:ANd9GcRxvpwodLACIqZ6a5_mC_lreHHNIRR9U_TJeSSf1nAVqTcLc_JJUGALzihJwLH1kVwM02kCi454TUdGgvMZT-_8_LJrm6F_HVSp0NcGG1l3SsjjLBjAlAkZ
Speaker,Edifier R1080BT Bookshelf Speaker,8990.0,4.8,238,Amazon,Free Delivery,https://encrypted-tbn0.gstatic.com/shopping?q=tbn:ANd9GcTTaPNzrrLQMX8IbvmB4jpCsWTVbJEdnAckzs9lJ8nG6LDOOxMF_WUq3LpMz1M9pO2NlkQ2hYG6RrU8-ThHXKuPjmrLHMKAI4yNG2MSDrGZOUrzEev3tsyITQ
Speaker,Dubstep Pop 1400 Portable Bluetooth Speaker,699.0,4.8,144,Amazon,Free Delivery,https://encrypted-tbn0.gstatic.com/shopping?q=tbn:ANd9GcQUmV2lbrBes8zSktt0279aTTkn2wNcj8g9gwIaVMCwVuyVusAPK9caz-37FM3F3KJmuoc9fJTH-76NbJ8lZXq095jEgnrB61E8MBU8VR7vwRQkhyWmxQdi
Speaker,Sonos Era 300,44999.0,4.7,6800,Tata Cliq Luxury,Free Delivery,https://encrypted-tbn3.gstatic.com/shopping?q=tbn:ANd9GcQ0QpIz4KUJqpJ4UsQYV1Uzvr_04l4a_ZSGmQeQ8DP1647K2yerUxqtEpHcYmPdfVe5Laycn8b61xLn7C63Gz9pHlso4hneceltPMp59ArViG-g-kwvk4p-6A
Speaker,Portronics Dash 4 Portable Wireless Party Speaker,5999.0,4.4,8,Amazon,Free Delivery,https://encrypted-tbn2.gstatic.com/shopping?q=tbn:ANd9GcSnjrhHr1SVxmIcZdhdi06YDJ5zO2jQWk017okk0d6lFix45mFL3UzMTOw5Zr3k8QOg0PVL4SBCyd-3NbaydA4czWGG05UOYBMszv1xydKA_LRW_jx8eyhMuw
Speaker,Zebronics Party Fyre 100 Portable Bluetooth Speaker,7999.0,4.8,144,Zebronics,Free Delivery,https://encrypted-tbn3.gstatic.com/shopping?q=tbn:ANd9GcRU-bjbXIaKkNfX-Hqc_AzKoClyPHkdqYZ10iH__sTa0V41v7CMgLntb8cSJCFT4t8ixPFqV6tm5svEspNIXPehtNOSkdhNVpC87UanrnQ-88zOPVSL5_798Q
Speaker,boAt Aavante 2.1 1600D Soundbar,6499.0,4.5,2,Boat,Free Delivery,https://encrypted-tbn3.gstatic.com/shopping?q=tbn:ANd9GcRpmdZFR7ZQX8X_j00C931eYXjtFeYup-_WJjT4Wx2AHpOan_8qLLSqRtZ_p-XJJHUG0fhZK34GLYOIIHlSZd2j6KQXSiJuEjxT1RRdsd3qzo0TjEHts3sb
Speaker,JBL Charge 5 Portable Bluetooth Speaker,14999.0,4.7,14000,Flipkart,Free Delivery,https://encrypted-tbn2.gstatic.com/shopping?q=tbn:ANd9GcSeDetw6u0c4b2SnkPDf7dXnUWZIGzRILNDGeeTizQOsMK85D6DJKdnDKeSoR8ruZf-tCthei3riwQ9YU4B2lQomBJbeAv_JmFdwCD1BcU2Cu1mEYmYm26rR0M
Speaker,Ahuja SRX-50XT Speaker,5359.0,4.8,144,Ahuja World,Free Delivery,https://encrypted-tbn2.gstatic.com/shopping?q=tbn:ANd9GcQcxdc9iRI9wgS5t0GF1R-s-23AXgFtYfHzl13-KKiRiP_t_qtqByxqkEPRUJXYad2spwxpR5V2YzoTqYRNyUrqt9auoFmL
Speaker,boAt Stone 350 Pro Plus 16W Bluetooth Speaker,1799.0,5.0,1,Boat,Free Delivery,https://encrypted-tbn1.gstatic.com/shopping?q=tbn:ANd9GcS2AtN7o3j7gUYkXusM7F1ljzFf5E74bIYDgoyqMQ0yxFfooZg0_WEWkf47ALkdlrIpPGiAHxs5VmPrVTIglJPFpBK7_u55pggVAz-ig23j-UHC4Y4OSmu9
Laptop,Lenovo IdeaPad 3 11th Gen Intel Core i3 Laptop,35658.0,4.5,29,Flipkart,Free Delivery,https://encrypted-tbn2.gstatic.com/shopping?q=tbn:ANd9GcRHCbx2ZtIDf5W7LXVsN43eIRNjG9j_2uOY3ONEY0mgY6TGbG_0JeFnMYjwf6NIKjwX9n_FNZEhaPe4tb-TemVILj9iWRKCy82St6_HhELHBvAhwU_yMJ2s
Laptop,HP Laptop 15 13th Gen Intel Core i3-1315U,55900.0,5.0,9,Amazon,Free Delivery,https://encrypted-tbn3.gstatic.com/shopping?q=tbn:ANd9GcQyUCXAv7aberd5OU2E9ILxe_peRwH35tMAp68R-yiNTVV9J9cROaONUUp1wXXm04Ncs68wJC4qOvRihmDB5-2CRf-ALVceLSK6Bp0cyqz0gJZxr43-_rpOVg
Laptop,Prittec Intel Celeron Dual Core N4200 Laptop,25799.0,4.5,29,Flipkart,Free Delivery,https://encrypted-tbn1.gstatic.com/shopping?q=tbn:ANd9GcTJsaKEcZAgu-vMAPz6pj3EyZtwTrsBZhKdwADM9hev32cdZi5rmARBd9LQyznLdzdP4ls1oJocDkmirE44cYazrqFma8gNujpaQByclZVT
Laptop,ASUS Vivobook Go 15 AMD Ryzen 5 7520U Laptop,48990.0,4.6,25,Reliance,Free Delivery by Sat,https://encrypted-tbn3.gstatic.com/shopping?q=tbn:ANd9GcSkfQfCut3YIfLaBHLmdgHOlvRxY6KDFetSbi0cbtIJHOts6ccz5WF3_UR-oApwuadQ9q62oWrYRTjvBxTu-Nn13Mimwq7Tsdn_jvveai7xEsGJzawkdv0D
Laptop,Lenovo IdeaPad 3 Intel Core 11th Gen Laptop,51990.0,4.5,4600,Amazon,Free Delivery,https://encrypted-tbn3.gstatic.com/shopping?q=tbn:ANd9GcRzLEGweJmit5ibJ5zSjRZolpNl9kkTGsq3v_9pJK5a9Csl99mjA496yeAa_qg8AmYNCwrLNPa03izmOfGNdLsAWHzyRFIeYumxymqnBRdlBAocmNb3ZF1l
Laptop,HP 14s AMD Ryzen 5-5500U Laptop,56998.0,4.5,29,Flipkart,Free Delivery,https://encrypted-tbn1.gstatic.com/shopping?q=tbn:ANd9GcRVXPDnngFTwDr6Hz5xcYjSOX3Dtfbhs2xv39neeioZ0YUzuyzHQXlKlx6QjEHkzteU_aPQzzd6Md0qPlmSrORCHLhixLp92pjj1Z2qCUMu
Laptop,Dell Inspiron 14 Plus 7000 2-in-1 ビジネスノートパソコン(14インチ FHDタッチスクリーン、Intel Core Ultra 7 256V (> i7-1355U)、16GB DDR5、1TB SSD、IST Dock)バックライト付きKB、指紋、24時間,5240.0,4.6,936,Desertcart.In,Free Delivery,https://encrypted-tbn0.gstatic.com/shopping?q=tbn:ANd9GcSAXz9EJ3LutYcPua_qAZNFd1uTgZFnrRDPC60Mr-WgO7u8ah9jhAkGs70gDLklnujkJkwNA624YZsvvqnNFsNq89TLL2fT2Q
Laptop,JioBook 11 2023,9999.0,4.5,29,Amazon,Free Delivery,https://encrypted-tbn2.gstatic.com/shopping?q=tbn:ANd9GcRDu1TNdhQK2QFzvpCUKFoyNWllpqZ8yZM_qhxBM3hNpNrgXmNRsWRRrox17udrqTdeeiKPq5YoZ9dBZIc5O5sNh581pE1UcDJHh1Tcy0MTO6qMJ-kmhajd
Laptop,Acer Aspire 13th Gen Intel Core i5 Laptop,64990.0,4.5,29,Flipkart,Free Delivery,https://encrypted-tbn0.gstatic.com/shopping?q=tbn:ANd9GcRgKjzO-hVjzB6Vcev96Sg_ZQs-tcWjZWLC8zgsT2pzNUWlDHCKx0_yvdROuW1Q6Lr0TW1dswDZ7KToEe4DWVmmhIOvWwdZYLtVqW1rphxMKtMc3LXJA3irAA
Laptop,Lenovo Ideapad Slim 3 Intel Core 12th Gen 8 Gb Ssd/Windows 11 Home 15iau7 Thin And Light Laptop,35099.0,4.5,29,Flipkart,Free Delivery,https://encrypted-tbn2.gstatic.com/shopping?q=tbn:ANd9GcR51rpds_bbo5vroFBP3QJkvrM3D3bpXkAEeSuuGfHTjiHsc6vEuLFuh5qgqRa25aaOvkOFN9Phc0A9FaLe12Pt9HiDiA6uBjwIQ0hRAg2AVGg1qakPa-lB
Laptop,ASUS Vivobook Go 14 Laptop AMD Ryzen 3 7320U 512,56899.0,4.8,82,Flipkart,Free Delivery,https://encrypted-tbn1.gstatic.com/shopping?q=tbn:ANd9GcTqdUCpVQSReZdiEUTjCjJiEgOD0Vm24mlTMcRi_WWHAC20Eg6H6r-mjhl4Dgot3bz4wygMHECHbGUiC7jwDUZ_3VphLmssKkEfOnCXEbwY
Laptop,HP 15 AMD Ryzen 3 7320U Quad Core,53840.0,4.5,29,Amazon,Free Delivery,https://encrypted-tbn1.gstatic.com/shopping?q=tbn:ANd9GcRo_N1Y7frmTnKLM6mC3Fb5HQprq2qG_Bh8KgpmxWpJCZKS-MeXw_w6Fdqjxt5i9CL0AaujelB_AunJCiYSwPYWay__z6bE2x4w_fAqlT5iU5OBxaEm4nwbHw
Laptop,"Lenovo Legion 7i Gaming Laptop, 16'' 2.5K OLED 240Hz 500 nits(2560 x 1600), Intel-15 Core Ultra 9 275HX(24 Cores), NVIDIA GeForce RTX 5070, 8GB GDDR7,",6186.0,4.7,442,Desertcart.In,Free Delivery,https://encrypted-tbn1.gstatic.com/shopping?q=tbn:ANd9GcTWsDIRLSDALbd6VMbQckdQVVNuR3dS-tmp4v8bdMBK36XqZ36j7kwtdeMfFLHI32qj2BBeeXw4yPVw8ZiByJE1iAx-amVou6P2sY2f4KlGshzlR8b9IaFF
Laptop,Samsung Galaxy Book5 Laptop,87990.0,4.5,1100,Flipkart,Free Delivery,https://encrypted-tbn3.gstatic.com/shopping?q=tbn:ANd9GcT9ZyD91FfxJXbzd4fWu4grszHEHuBBYd7icKny-MUdx0llWkCKl6l3pvRmK2bOfzY2c3YfqBENQLA1VXeiIY8F4sjz5p5IEfpfzUA7l5XB021RnNPCiXsc
Laptop,Lenovo IdeaPad Slim 3 Gen 8 Laptop,61800.0,4.6,203,Amazon,Free Delivery,https://encrypted-tbn3.gstatic.com/shopping?q=tbn:ANd9GcQ6i_B9dJjb4giafsY6mG4Tc79jOVOwJ8Knr7LCNUORjurrtHbmjCsA-dpA2VlgM2Gc_C6BqPM-Kr-qdct-1cdQlJgEYF5Ta7RsPntCAKiwg0a5qzVY-I1o
Laptop,Asus Vivobook Go 15 Laptop,48990.0,3.9,14,Flipkart,Free Delivery,https://encrypted-tbn3.gstatic.com/shopping?q=tbn:ANd9GcSoXIXIe6mqbsssbU0ttHbi_wwyu3N4TwK27d-NCR8iQZDcO9AtF9Ar5RfiShZas832_TRtvKJfcdn8D-7ceXvyHgsOGK_wIip8sBclUCY
Laptop,Acer Aspire 5 A515-56-52SH Laptop,18000.0,4.6,114,Gameloot,Free Delivery,https://encrypted-tbn1.gstatic.com/shopping?q=tbn:ANd9GcRucfENj4JoN4rg6ZtQkmNT8ri4iJP2Sy07M-XaBrm5uU_FfleZa-zkQpbr0CO7aNR3L_2qmnuYc7kecQ4h9roSBuHB3VY_In3qLcIxvGdG6FmW9ZR11fE1Pw
Laptop,Lenovo IdeaPad 3 12th Gen Intel Core i3 Laptop,54890.0,5.0,22,Amazon,Free Delivery,https://encrypted-tbn1.gstatic.com/shopping?q=tbn:ANd9GcTyr1QsFoDL2m_uuaYsfVXjJRi59zYcNe4KHgKSbAvVLDZKY6lpjGWvDVqchn4RhCKeOlrdqMHtFOro2227IRiE0-CkUpGFtOHprQZDv8RLpA6TMr9mZWg5
Laptop,HP Laptop AMD Ryzen 3 7320U,51990.0,4.5,29,Flipkart,Free Delivery,https://encrypted-tbn2.gstatic.com/shopping?q=tbn:ANd9GcRWpV9F1m6JKQsSiQ1vBE6YXznxfU6-YSN1eHVYV531XEwCVV6gXzem1uI68qLL1lwTWjBxUQB5V7RmWjlPuM4JQY-Xpjq43eiv6AVrh_W_D-XA3P3E_clAfA
Laptop,"Apple 2025 MacBook Air 13-inch Laptop with M4 chip, 16GB Unified Memory, 1TB SSD Storage - Silver",2129.0,4.8,5700,Desertcart.In,Free Delivery,https://encrypted-tbn1.gstatic.com/shopping?q=tbn:ANd9GcQVFtqxHTDYPeDCknd77406cPvcY0Jrb_F9Aag_hldEaqTUQoEgbKcXzmvlpIXJeiph2bMPICBwBk1MiXH-Rx4A3nGO-SuWjKn9PN9TvBVjQzSQIMvgJXHJ
Laptop,"ASUS Vivobook 16"" Snapdragon X Laptop",63990.0,3.8,48,Amazon,Free Delivery,https://encrypted-tbn1.gstatic.com/shopping?q=tbn:ANd9GcRqLbpqP8MoctIRn-Anlu1kpK9eXJpCWg1wC5HxQbCpFU-jfyUFbYzzcRBOxOUENRx8N9f2rEFGYshGXL5TX9H6hxbJ1Ov22pFJqM-MJHzD
Laptop,"Lenovo IdeaPad 1 15"" AMD Ryzen 5 Laptop",47290.0,4.5,29,Flipkart,Free Delivery,https://encrypted-tbn1.gstatic.com/shopping?q=tbn:ANd9GcRN0vZo--7hQKtGCHg-zX2mOMf_9S_xRFTZZsPzo4za0U8geiym-CxW2-Sw7PRiGpUH1BoenLGU8YMrzTDO2H4O7cOCBO0T3hJyzZPDiP1TEg2aky0z5fH8ig
Laptop,"Lenovo IdeaPad Slim 3 15.6"" FHD AMD Ryzen 3 7320U Laptop",37999.0,4.5,29,Reliance,Free Delivery by Sat,https://encrypted-tbn1.gstatic.com/shopping?q=tbn:ANd9GcRfjKqKEh1AKx69bijjN69ZnmJXaxluZHbw74ZeZ7WN9G5Uu85dX7zMLfWW96Y9bsh_ZrcUjQc1yxgbnfdggIQbGCMNdWuo8LBkSGo4EQ4AEJkX8ypP3vnCuQ
Laptop,"HP 15.6"" AMD Ryzen 3 Laptop",51990.0,4.5,29,Flipkart,Free Delivery,https://encrypted-tbn2.gstatic.com/shopping?q=tbn:ANd9GcRTY1equEn15HwgPWAGgfejpJNEpPmGnz5jdC8mZUI_5DJeCs8Ea1t-Mlcs9dbfUHJ5tiVsCaQfQD4ywCLCwo0_OlbtMDf5TurnQ4yKupVCh0yn9hbniCgEKw
Laptop,Acer One 15 AMD Ryzen 3 Octa Core 7320U Laptop,39090.0,4.5,29,Amazon,Free Delivery,https://encrypted-tbn2.gstatic.com/shopping?q=tbn:ANd9GcTkwyjy3ZZX5lrokPWLvJBry3Z4auio98Df8cfkEhRvN9Ei40r297G8TlSXYKyKrhhozbhRKR7Hy2UXYbcfcG0pPqIDg6NjHs6nlX8C4SX6jwCnZ2OHs9zEig
Laptop,ASUS Vivobook 15 2026,54964.0,4.1,22,Flipkart,Free Delivery,https://encrypted-tbn1.gstatic.com/shopping?q=tbn:ANd9GcR__Bj9y5oQYwoxOHlKt1E4JSDpJ95cPGpkpngx_BRoRzhd6fXHWCZfbIsjZythNBrYGEI1RP7nFjFhdVYbjIO8KdVx8SLd6wCHHAW6zzo7
Laptop,Dell Inspiron 3511 Laptop Intel Core,50998.0,4.4,185,Flipkart,Free Delivery,https://encrypted-tbn2.gstatic.com/shopping?q=tbn:ANd9GcTdEO4wi3ToczkgzLSCYgVttFw5Hsg9Kc2OmB2PPbTLZfwcnDHv5WaipWNgMH4l62qyD9eQ6nXSScZlGPCLP3aX0MQfsmXWU4u-umyReJL9iSH8-v8trPdy
Laptop,Lenovo IdeaPad Slim 3X 2025 Everyday AI Laptop,66500.0,4.5,29,Amazon,Free Delivery,https://encrypted-tbn1.gstatic.com/shopping?q=tbn:ANd9GcS6ivNZSBO6UcdrkPSUZhdrQOujeM8h6KFFaBIpNOzE8YNv5D5kikqACKw0y3cs5738DNzcepRfr5ntoxOVC14VeKmkD-mZqlps3NMrGybgQiQO7e4QIjUo2w
Laptop,"(CTO) Apple 15-inch MacBook Air: M5 chip w 10-core CPU - 10-core GPU, 24GB, 512GB, Silver, 40W - Z1LQ000RE - (2026)",2560.0,4.9,1600,Desertcart.In,Free Delivery,https://encrypted-tbn1.gstatic.com/shopping?q=tbn:ANd9GcQz2kLS9n_273f3CWVozDa6U0aaGnV1me9CWFZ_yiHOlVS847Pv5svFeOWOS3Qk1TgeMQF18uqqP_fO5IylRhwRhiUhtltBPWS0v_YBkFy1vLrynFxaaxEL
Laptop,"Lenovo IdeaPad Slim 3 15.6"" Intel Celeron N4020 Laptop",27990.0,4.5,29,Flipkart,Free Delivery,https://encrypted-tbn1.gstatic.com/shopping?q=tbn:ANd9GcSUz5Tra9oW5gpRbc7bVMrj81QUC1IkfaadZjNIHtPvSMjWSpiYdO2aHI3sp5sghA8D6zA67xl0oMmq9GSch1MWjzh_ERvx_gcHW71rBA4BwwfSEdhDt4qO3A
Laptop,ASUS Vivobook 15 Intel Core i3 Laptop,52990.0,4.7,3,Amazon,Free Delivery,https://encrypted-tbn0.gstatic.com/shopping?q=tbn:ANd9GcSwLSKBemQmnNw2E_-QZcIstu1Kex2m8kJDcRmeUbIeSNRvPZqkU0YGywVWFp7zw8A-t8PMTJ9dK9tFgVMXFJrhtuVl7G9o70QfAylowsLA6COk1fuQw9dc
Laptop,HP Pavilion Plus 13th Gen Intel Core i5 Laptop,69990.0,4.5,29,Flipkart,Free Delivery,https://encrypted-tbn0.gstatic.com/shopping?q=tbn:ANd9GcQO5hfH5DahNGO7fjtg6B1uhwpN0JuTcAkJoIX9JKYmyWpJ3Sbg7j6dpLtadhUrQdq2RzmtgjAZ-mR9X5ByyFav2uNSmmFyYGSVrhCvupE
Laptop,"Samsung Galaxy Book4 15.6"" Intel Core 5 120U Laptop",62995.0,4.5,29,Reliance,Free Delivery by Sat,https://encrypted-tbn2.gstatic.com/shopping?q=tbn:ANd9GcSK8zpOdepid5o9nF2iThOxE8W-0XwJXbN2jdXRwrCUCd-98qIdi97TH3SaUP9xgPKiFdem_HEOkL6pzIBRY0MLn1A3atKxYfxcz5eQT0epfaksm0PIIT-slA
Laptop,"ASUS Vivobook 15.6"" i5 14th Gen Laptop",63990.0,4.3,22,Amazon,Free Delivery,https://encrypted-tbn3.gstatic.com/shopping?q=tbn:ANd9GcRGuzrJku6VWmXStpqlto9CvPKdioJNmy5Hqya2YGHAtBPWj6kXyhdCFq8krSi-N_LSAFhGJbgFaulU0zC1DItGF0RMMZK0lxrNZ_8mxicKSjSkiYsxzUZb
Laptop,"HP Laptop 39.6 cm 15.6"" 15-fc0500AU Silver",52990.0,4.7,3,Flipkart,Free Delivery,https://encrypted-tbn1.gstatic.com/shopping?q=tbn:ANd9GcRvzcS1e2IYxX0ZPkPpcD9-YqmU8LLyycl28RzdKT-IcvpkWt1hMEEptTIM0gpI6f5yPHEUiIO3ztdXyKETXriu925ob0VJFgtBB_mb4PxF
Laptop,ASUS Vivobook 15 Laptop,58990.0,3.4,16,Flipkart,Free Delivery,https://encrypted-tbn2.gstatic.com/shopping?q=tbn:ANd9GcTcK_43gM6wgjTz2uDsR9Eryc3iU0pQHSV9DYFpsdITkZtJWQ5Kj-vvsDS1E2H-uZno1s6-GeVb_pwec03vC5OpJ0gzmMU5bLHI_U0am1U
Laptop,HP 15 Laptop,66400.0,4.5,29,Amazon,Free Delivery,https://encrypted-tbn1.gstatic.com/shopping?q=tbn:ANd9GcQs0S5YjK_rKiVYND4pxXIfVl-4KYdz6V9oKOlHiI843kFsEr2KX6iqCU_hEqiCkPdcl7ZamtXl83qgtl3AU8iGVFsWVp6dEZgdfzdGzUsttbGGvjDpnKJP
Laptop,ASUS Vivobook 15 AMD Ryzen 5 150 Laptop,68236.0,5.0,2,Flipkart,Free Delivery,https://encrypted-tbn0.gstatic.com/shopping?q=tbn:ANd9GcQpZFWdm0Rzky_LlVdLkwnPwq5GEjbGtKcAHySFQD8NvXlY8-Yq17XO6l35eQZmCeb1_BV8HWMJBe0WRnYzrtLk461UQHv9HQ7dFyxWIA0
Laptop,Lenovo IdeaPad 1 15AMN7 AMD Ryen 3 Laptop,18000.0,4.4,144,Gameloot,Free Delivery,https://encrypted-tbn2.gstatic.com/shopping?q=tbn:ANd9GcRrj6zRQoT6vDs9Dx9Pqdn12hYCVxPWcGwQDvAIr5uHvpe_gTlw0K4QC11n1y7mjpTIhHsgvrlzO6ZdP3KKpA424iK7vcV5TsbhIIr-ehP03K5lDD_2419b
Laptop,HP HP 15 AMD Ryzen Core,48850.0,4.2,54,Amazon,Free Delivery,https://encrypted-tbn2.gstatic.com/shopping?q=tbn:ANd9GcQGL3MsptuDWhYBlBDeqMekVEn5JbwVh-_ZCn8Y0s223Mh0-Cd0IUfAtF1AuRi-qnnHbzqGaxfdEtJNFZ_tCIoOfoqiFTba_7oVvxDdkJHbXljXSGW653hE
Laptop,ASUS ROG Strix G16 Gaming Laptop,154990.0,4.5,29,Flipkart,Free Delivery,https://encrypted-tbn3.gstatic.com/shopping?q=tbn:ANd9GcSx8rrOwyEdoUwMqS2i-yeJyO4pwYKsAyz53EGD5v5ySDGyp6fsaBKA5lBlzRHiNf_obIkbPYXON06nog8bZ8x0JuwWGr7XGjb0OTN6ymov
Laptop,HP Victus Gaming Laptop,81990.0,4.0,8,Reliance,Free Delivery by Sat,https://encrypted-tbn2.gstatic.com/shopping?q=tbn:ANd9GcROErwp0pB2VH8rgxptwzMrLbkUWqj4UOJn_r-U0k-Arp7RsgWdiQZmj467iY8m0ddOJJvnsOOk1_PXCd0M3od6gIgmezox_kNQaw-DEakDElIpgXIYk01cyA
Laptop,Apple MacBook Neo,79900.0,4.8,5100,Apple,Free Delivery,https://encrypted-tbn2.gstatic.com/shopping?q=tbn:ANd9GcTG3jHkZYOaoJXko3tCUInLAZsLe4ChMD6boWKpNtMV_SYRJfybVBiFB7pHeS_8xVrj9UZ_BT69iE2CCjDbx_lvzmTRUx-GaxXKJ18Vy1XouQgDj4ovaI62FA
Laptop,"Acer Chromebook, MediaTek Kompanio 540 Octa-Core Processor, 4GB RAM, 64GB eMMC, Full HD, 11.6""/27.94cm Display, Chrome OS, Black, 1.2 KG, C725, Arm",19990.0,4.5,29,Amazon,Free Delivery,https://encrypted-tbn0.gstatic.com/shopping?q=tbn:ANd9GcRQDJ-xdQYrRjizDasNg9oDWS3jKOBb-kV9_X5ppRveEpPXwXJrxcue3lJnHqQ3d10pyURKkZFPFjXKYqyEk5SRpw3acRUbAEe2On0AZijIW5rVYSzVdEnjQg
Laptop,Asus ROG Zephyrus G16 2026,449990.0,4.5,29,Saumyasstore,Free Delivery,https://encrypted-tbn0.gstatic.com/shopping?q=tbn:ANd9GcScXiBm0VKUIwxUjazgY4oL4W3oYRykajeKrEkL0hp_1jehR3gEIYlQir9xMsgNNaqgSvdU85ks61GPuoleCV099wmcYZIf4g
Laptop,Lenovo V15 G4 AMD Athlon Silver 7120U Laptop,44999.0,4.5,29,Amazon,Free Delivery,https://encrypted-tbn1.gstatic.com/shopping?q=tbn:ANd9GcTmZHtfN-z4XUSN6p8tFxCJKob82jEaZS9yEvd6qPRp7DCah1YP2GD2r9Lbfx3_j-6EbmiqezzahPtpnJgbB_Izx_MWmkTSqcgnKSiFcUQUlkpG2fR5AMqXkg
Laptop,Acer Aspire 3 Intel Core Celeron N4500 Laptop,37290.0,4.5,29,Flipkart,Free Delivery,https://encrypted-tbn1.gstatic.com/shopping?q=tbn:ANd9GcQHZiDWN6Wiersg5t--lG2wl7wdPFERVkmaFdIQF7PRnj1o2HcvevwbPnDUKn0FllzaUfDyPlWXbIqTvXZ9almUYnbKm8UicTPZNpGJYO9r
Laptop,Lenovo Laptops,12500.0,4.5,29,Tradeindia.Com,Free Delivery,https://encrypted-tbn3.gstatic.com/shopping?q=tbn:ANd9GcSOR-417-im5TAN5kLlR1GcbAsMVzNFSPA_BAg09Z7crRge0U2pkl_w82w8EYi296LILCD1WvuVHFlZxUTdUNy-mk4-_RjG
Laptop,Apple MacBook Air M2 chip,48400.0,4.7,5500,Lowestrate Shopping,Free Delivery,https://encrypted-tbn2.gstatic.com/shopping?q=tbn:ANd9GcRkQpYvzUVgBHrebavb3hPxUwPn_AIT1XVdel3QlEYICf21vsvsupsB2C9Zy0OD69eQnHedcxY3e7OahyrIT1tKWp-cV3V-obBQeU2JZbAzZR358kf8lWjA4A
Laptop,HP 15-fc0805AU AMD Ryzen 5-7520U Laptop,54990.0,4.9,15,Amazon,Free Delivery,https://encrypted-tbn1.gstatic.com/shopping?q=tbn:ANd9GcTa-VDqwJYpanOz0QTzkvQ1kIdmgYaLD9faz5BhdPPg-cz7AtccwDNMSzQFtTym5thfKLa7-MAboe4_vyExvX8SXQOkn62Tfv4LDVFml0-73pQUZ4GUFZtu8Q
Laptop,Lenovo IdeaPad Slim 3i Chromebook,24890.0,4.5,29,Flipkart,Free Delivery,https://encrypted-tbn3.gstatic.com/shopping?q=tbn:ANd9GcRGCw7J9YBNufUnAHCeruEq4jYHdBuUV_qTgeSJWN_tYglcWLmY1veQ-JkFy2C2znK5q0WtPeT2cXNekaGipTKUp4JocbR1KLRXtsQkiZ9tJHACV8KqtOjQDQ
Laptop,Samsung Galaxy Book6 16GB 512GB Gray,117990.0,4.5,29,Samsung,Free Delivery by Sat,https://encrypted-tbn1.gstatic.com/shopping?q=tbn:ANd9GcS923m6wSeWwHpJeJ5vQAMHdipft8t-6xrBAOTi9odv97IGzJNgpxk0sP5W4ONw6qcNzhSojrkUhvT9SaXjQISgDoGtmjdn
Laptop,ASUS Chromebook CM32 Detachable 2026,37990.0,4.5,29,Amazon,Free Delivery,https://encrypted-tbn3.gstatic.com/shopping?q=tbn:ANd9GcSeQ6ZEGMcNGb1HA9-482m6xRLsRR3H_W2QDLc9gk0VcAKazpFFuziXqvB4Vwj53e-TXQ_7PnH2oZKd6dSM2dShyAiD_WonZQltsQF6aR8q7bqF-DzUTpFxcQ
Laptop,ASUS TUF Gaming A15 Laptop,73490.0,4.2,137,Gadgets Now,Free Delivery by Wed,https://encrypted-tbn1.gstatic.com/shopping?q=tbn:ANd9GcQZWrczBFYDQntvZmKEO5eqFtJ1POslMGu6NVauHnlbbJe89HD_GEm3XHelkYBQUYOEf-wvOecP5Kz0AOrSSikqt_IQQA-Q
Laptop,Asus Zenbook A14 Oled,86305.0,4.0,42,Flipkart,Free Delivery,https://encrypted-tbn1.gstatic.com/shopping?q=tbn:ANd9GcSyxaORyGBv03jr9SAQ09hvQjKrUYamhLsyyIm5Mr1spG24DTHrEkYGEkgKSD4RO8fkf8yGrFk8N2IfMzIav4XPpHhWTsUwe-C4EMPtxYuN
Laptop,Dell 15 AI Powered Laptop,75990.0,4.5,29,Amazon,Free Delivery,https://encrypted-tbn3.gstatic.com/shopping?q=tbn:ANd9GcTt2z9u24b2B1VrhGAlM39RG7aMchNdf65R1FaGzrLGh0uEb5FF7SLI5ZAvRZPIw7TOI5eqfW1QoyNP9QizpWB8Tm_fKdrtoy9f4cGiVqES49RTyjFdhX0_Ng
Laptop,"HP 14"" HD Laptop (2022)",25000.0,3.6,82,Tradeindia.Com,Free Delivery,https://encrypted-tbn1.gstatic.com/shopping?q=tbn:ANd9GcQS5pcPJvCnvXGtZBj4ABhqrkpChmFiag53iqjWt_fc3aGG610TGdFXA6gsPpw7nO8mynA7VHrNYHCJlZ7g-ihD2jKyXylhYg
Laptop,Lenovo IdeaPad Slim 3 15IRU8 Laptop,49999.0,4.5,29,Jiomart,Free Delivery by Tue,https://encrypted-tbn3.gstatic.com/shopping?q=tbn:ANd9GcQGnYadxb_V0BNRdLrMmmhhvTSPnMNhMq98OFwSEmXpizzx7dlfX-NS-lvvJWfKRmWw4Slrf47K3hlnvNEE_36DsmYe25zddSYsX5KsNf_Z88fCAOLZi8lioQ
Laptop,ASUS TUF Gaming F16 Gaming Laptop,104990.0,4.1,108,Reliance,Free Delivery by Sat,https://encrypted-tbn2.gstatic.com/shopping?q=tbn:ANd9GcR7Y8YCc79WB2oE7U6RMqTdqy3rQwSiWxrVyc3S6qUm-gBhTXIy7Fs5ReMv3Ci-bRCBiTFSFgv8owdOXjDlNVBjt3rVf5x883rfRdPT2uxj_ZE1xdIj6vA9iAc
Laptop,MSI Thin 15 Gaming Laptop,82400.0,4.5,29,Amazon,Free Delivery,https://encrypted-tbn2.gstatic.com/shopping?q=tbn:ANd9GcR-3MYrv3ncQ1IdEdFfP89O_CPFGCPFqs7C0RMUvX2_kcPKAE2-uZTk_RaWZGAiOnaB7ACphuqmLhQRgQnUG6o7z3s3UHTafXmB8xqMYMlz8ZQBYls7YMkTJ0pz
Laptop,Lenovo IdeaPad 1 Intel Celeron N4020 Laptop,27290.0,4.5,29,Flipkart,Free Delivery,https://encrypted-tbn3.gstatic.com/shopping?q=tbn:ANd9GcT5gOiPb2H97AxtRYguYVZQ_4N0iMq9z5XCwOOCx_4gZPCe3g4qxXFSppZfQKvk_i9iBTBL1EiggJMKiobjYwLhl050gx7VAkWA8qmbDy4HwYvR9mq_v0v2ww
Laptop,Acer Aspire Lite AMD Ryzen 3 7330U Laptop,47999.0,4.5,29,Acer Store - India,Free Delivery,https://encrypted-tbn0.gstatic.com/shopping?q=tbn:ANd9GcTbBPf5hVPybTz_5sqi8Yv6drEU-Zc4B0ylNGMZVhZ_D0y00L-PnVNusICCcfR4cNn34LjmXynnnUfVniwJUcYUm2YSE0qtO1b-emdpdoyuoVh18l1i685Z
Laptop,ASUS Vivobook Go 14,48990.0,4.0,4,Amazon,Free Delivery,https://encrypted-tbn2.gstatic.com/shopping?q=tbn:ANd9GcQwVPCYZ7mqu34NoBAkMXISb92xdWLZ7umprwmllg5ISiQyvtBWyDfyrE5-ChPyvuia-B-9JAdhib-gIziqoFLYvfaBsPkEvFL-o_eFc65rC5-3OLWatstPIA
Laptop,Apple MacBook Air M5 chip,149900.0,4.9,2900,Apple,Free Delivery,https://encrypted-tbn1.gstatic.com/shopping?q=tbn:ANd9GcR-LU17YmxWMJ3qeLyjlzu0LXkrH7ZcvCAJnE28yCWRnk1X3vxlJLKqgI04e-rvHHt89nhq8KUN1DK5Jj50nuZQJG8o_iUpVt-A9bosWI2rkIVXnUw1sh7ex0A
Laptop,Asus Chromebook Cx14 Intel Celeron Dual Core N50 - 4 Gb/128 Gb Emmc Storage/Chrome Os Cx1405cta-s60621 Chromebook Laptop,24490.0,4.5,29,Flipkart,Free Delivery,https://encrypted-tbn0.gstatic.com/shopping?q=tbn:ANd9GcT1PaVrVUCwBl4zGPEcoJzkOyMcGF3iinYi5EiPfEMFw94QA16stc4sB5exdLcbGS6ave_A8CWKj2242mjb_v7xAhCeJBFmQuqkxRjRCQ_K
Laptop,"Samsung Galaxy Book4 Edge 15.6"" FHD Anti-Glare Laptop",72999.0,4.5,29,Amazon,Free Delivery,https://encrypted-tbn2.gstatic.com/shopping?q=tbn:ANd9GcRrOuRcykQwB4AFAmGynCC8KfZXaZG5k9zavuB8sib1sduLzHtRLNxLvm7LJnymhKFmfsLFPlIB7SATvn2DGqqWMf4V204lD5FiM-zrXyZC
Laptop,"ASUS ROG Zephyrus Duo 16"" Gaming Laptop Intel Core Ultra 9 386H",1233801.0,4.5,29,Desertcart.In,Free Delivery,https://encrypted-tbn1.gstatic.com/shopping?q=tbn:ANd9GcSRzZ7Tqa8I3Sr6h5-2zaRr_GY6t1FvX33LjH9RfOFRkaG9FYxHHjrfJe2-Ja5q_JUjcP9QXRd7OV47GarU1Ac0nhL2YY4g
Laptop,Lenovo IdeaPad Slim 3 Laptop 83k,94990.0,4.5,29,Lenovo,Free Delivery,https://encrypted-tbn1.gstatic.com/shopping?q=tbn:ANd9GcQ_dQYZuRqSBI8qs6SCnm0szLYMR1DXhC4Z97kDxdnSHXKwkIn-Mv513V1VUDeBAwLLLTzW-PQ89TbwNDHvZ5TRMzBe4qCsNQ
Laptop,HP Omen Slim Gaming Laptop,166990.0,4.5,29,Amazon,Free Delivery,https://encrypted-tbn3.gstatic.com/shopping?q=tbn:ANd9GcTLtmZJLu_2r10nzOE5B8ZrFgQedCidDaoScaG4HX6b26i71lZNKW4vBC0RxwT3COx_jCWqlkEpF_oN9IwL3PohChDlmcCi6mkUXRHoffGsrR9tg3pXEJdg
Laptop,Primebook S WiFi Laptop,14500.0,4.5,29,Flipkart,Free Delivery,https://encrypted-tbn2.gstatic.com/shopping?q=tbn:ANd9GcSX0vtWKgxdXKN5pRoaGXqvifYJjk_6MQzy14oR8vwWpDisQVGAQ2NCpVizhw38L0sIIEGE2XD_QsS46cbAolOsNe9Fz34GQOXY501MDWdC
Laptop,ASUS Chromebook CM1505,30990.0,4.5,29,Amazon,Free Delivery,https://encrypted-tbn1.gstatic.com/shopping?q=tbn:ANd9GcSY34Q84NMYh9DEmJE17UfOMMYsImkHhv0eeh_IrFPKgkKnEZpqtPjaBqOa2lDGXSk2mH2-nxUTcr8QbTDQUpEY_gpOSxP-d9iqB28YN4-V5VRBqaOY96CGTw
Laptop,"Acer Aspire Lite 15.6"" Intel Core i3-1115G4 Laptop",50599.0,4.5,29,Vijay Sales,Free next-day Delivery,https://encrypted-tbn2.gstatic.com/shopping?q=tbn:ANd9GcRxZwOCLSGYjaxYxJsahLtK9kvi7gCfkfr-JnX3XlNwby_4EUWXuvL9-bki3ZVT9IDAXAkjaD1-n5OpatOXLZQhBU3Ir9QwI_K16jCmCU67rebno_CXqa08
Laptop,HP 15-fc0782AU AMD Ryzen 5 Laptop,66990.0,4.8,7,Croma,Free Delivery,https://encrypted-tbn1.gstatic.com/shopping?q=tbn:ANd9GcTRvSbWv4N8VRIyR40OHIGGeB4S_6IS9FbvO9W5RudUfSROK6r1pIkwdCFwTyTl8Pb2EfA2LROvMrgcOQNDB43jUTwZFro0297vxzDFPfipSGfO0bjPYwmDQg
Laptop,Acer Aspire Lite AMD Ryzen 5 5625U Laptop,51990.0,4.5,29,Flipkart,Free Delivery,https://encrypted-tbn0.gstatic.com/shopping?q=tbn:ANd9GcQgqXOMJxF1aHAA2DtZMEVBiuov7DtoeOItX53CT6QjI8yk2gcivI8HlmMUXzq0zZ2g52XWtRF2B4SwlQveFgqbGwYLMO5Ibh_Dh-MGJqj3
Laptop,HP Omen Gaming Laptop,146990.0,4.5,29,Amazon,Free Delivery,https://encrypted-tbn1.gstatic.com/shopping?q=tbn:ANd9GcTs-AXB76JLdQXrvih2EtXufDuklJwCsAYDIXXCQ82FlztawiRdXKwpzjGtrnHgpaLNCiavkb7Scl59UnHZpbiu_tmrGxsK-DOy4Oq9ws9AUuJBcVyUZymneg
Laptop,Lenovo LOQ 13th Gen Gaming Laptop,116990.0,5.0,1,Gadgets Now,Free Delivery by Wed,https://encrypted-tbn1.gstatic.com/shopping?q=tbn:ANd9GcR3PF_FGVTWosf7l2N3lNctCHVEdokxcJjdzXA5cLXJLWvmS3WMnWpz600qIT0_8i96TgW5Ye5whCjmS3Fq3pAYwc46Txyj5A
Laptop,ASUS Vivobook Go 15 Laptop,50690.0,3.7,41,Flipkart,Free Delivery,https://encrypted-tbn2.gstatic.com/shopping?q=tbn:ANd9GcQ7DB1Y03Qv5iKJUJn9z_E_qE7BZt7-VjcE5sotbpTe5ZfoT1n5kIa5wPz_QzDrVKXY8YIJUwc4dbV83Z_bBtc0Cg2Zi5DsBawwdhS8cmQPd8fA4e3_HTVhhw
Laptop,"HP 15.6"" AMD Ryzen 3 Laptop",49962.0,4.5,29,Flipkart,Free Delivery,https://encrypted-tbn2.gstatic.com/shopping?q=tbn:ANd9GcRgxxFzY4tWzmYyWIBt-X6UP_PKoAoOW7FNj2vOOTGaO6G1hOQKcgPeKtkdUULVtWGhBjk4IQDTxwJdFydWCsHPJNHdXmTYqYnGFZxE79BLtfV-Z6W1vB_0Ng
Laptop,Asus Vivobook Go 15 Laptop,44990.0,3.9,14,Flipkart,Free Delivery,https://encrypted-tbn2.gstatic.com/shopping?q=tbn:ANd9GcQ7DB1Y03Qv5iKJUJn9z_E_qE7BZt7-VjcE5sotbpTe5ZfoT1n5kIa5wPz_QzDrVKXY8YIJUwc4dbV83Z_bBtc0Cg2Zi5DsBawwdhS8cmQPd8fA4e3_HTVhhw
Laptop,Macbook Air M2 13.6-Inch 256Gb,2670.0,5.0,4,Desertcart.In,Free Delivery,https://encrypted-tbn2.gstatic.com/shopping?q=tbn:ANd9GcSJsGm2UkfdrCP_wuV6GJrPQ1HQtcZTR-hUNOuiMP6QjlTCGdrvMeH9wUcDVdsF1gihjU2PM7PHWDY7Bbpt_-5Tb6CqxuO28345i-4kzzaTztVHy3gDte99
Laptop,"ASUS Vivobook 16"" Snapdragon X Laptop",68500.0,3.8,48,Flipkart,Free Delivery,https://encrypted-tbn3.gstatic.com/shopping?q=tbn:ANd9GcTlvKkA3-x3mwZU6LKLGJRT_U_BH0XyToOoqgBO85JXL1BQnThogK9JJapAy4cwcEbfufDS-5F5GGFZ_o783Y7usMjmImlly5_owe8U0rg
Laptop,"HP 15.6"" Intel Core i3-1315U Laptop",37990.0,4.5,29,Amazon,Free Delivery,https://encrypted-tbn3.gstatic.com/shopping?q=tbn:ANd9GcQqeBateKzs75OlWZDllgYzzqWCLzcs-v5MiorrYFCFXjMgAdf06w0911ZUHC3SC6utJkRuNc-__kJV1nNKDTYNlNtzQwBHn0n5dZpHlTMnjzdaI4YqqRU6
Laptop,Lenovo V15 AMD Ryzen 3 Quad Core 7th Gen 7320U Laptop,30990.0,4.5,29,Ibox Services,Free Delivery,https://encrypted-tbn2.gstatic.com/shopping?q=tbn:ANd9GcQdj4FgXVYHtK3x08eRb4klVud6_Pgdf6hKa5cS5qhw3QWu68WLP_Enmrwe33-E3wNofMnr-ZFVioZy9811mn7VZMo96ZQ-ThY5u6BrxphFOM6JbFWfFQM5
Laptop,HP Laptop AMD Ryzen 3 7320U,52990.0,4.5,29,Flipkart,Free Delivery,https://encrypted-tbn2.gstatic.com/shopping?q=tbn:ANd9GcR6ThJAu7VB5zulP95locPiil6x-ACPKSOjNoSb3NyPduAbuMig2hgPdoI-f7Tm0tyisTmhZNYGBrP0YzxmjohLsH9G6qrd9_pQmDC5PTfzBcnQQzYXofgerw
Laptop,Samsung Galaxy Book4 Edge Series Laptop,73690.0,5.0,1,Flipkart,Free Delivery,https://encrypted-tbn2.gstatic.com/shopping?q=tbn:ANd9GcQYiw3w5GYOMvnAZUrgTx-6VCMN8hdouZKNuu3XA8LY0vurBFtQKvdFWMjGUw0uMt2sEERWlJz0tuln9yoja2pL8moymU7sh-hmBzKHfKy0a8Th138czdxi
Laptop,MSI Modern 14 Laptop,49990.0,4.5,29,Amazon,Free Delivery,https://encrypted-tbn3.gstatic.com/shopping?q=tbn:ANd9GcTZoLgr_t1exR8OtMqB-yjq8GVAi5vF1BhVE9tTRDKP3vdRZZ_ivNsb9ntlR4EihKmxG-iPaSPuiOe1vxr8T2ru2n6GwlKXXjb6mRD0yX2wfBeR3e-EbKtT
Laptop,Asus Vivobook 15 Laptop,42990.0,5.0,2,Flipkart,Free Delivery,https://encrypted-tbn2.gstatic.com/shopping?q=tbn:ANd9GcTAhqBrrhkFEUilyDgaoK0I2vHo-bM053SaUZ7ainG0kyel00CuUtks5IyQmg6Z-ewDswdzZXv5_BGjMevIJRi2pEfvCeeAs-TzJaa5Gkw
Laptop,"ASUS VivoBook 15 12th Gen Core i3 8GB RAM 512GB SSD 15.6"" Laptop",56500.0,3.6,77,Flipkart,Free Delivery,https://encrypted-tbn0.gstatic.com/shopping?q=tbn:ANd9GcSyKmDFSLBkIbbz1prCoxKCY2B5fH1-FEF2KrTwNNG9mcR4sDJr1O-4gJI22Ta6AkIlneL6xlX5PuIHChoVR10u7p-Kg-HvzvxOCg1q9c0wh2bOhUUU5cvh
Laptop,ASUS Vivobook 15 Core i5 13th Gen 13420H Laptop,65990.0,3.8,29,Amazon,Free Delivery,https://encrypted-tbn3.gstatic.com/shopping?q=tbn:ANd9GcTChMcXTEbnYqnRoUaeCNCQ_fCRpYC1TPSeoMoyTC9Nt5P00sggPyphEP6jjJT51LL5R6m_spmNYe34BAfaJfmTMoORPqr-zpAHLdYDbTROXODXDLadapgqFg
Laptop,"HP Envy x360 2-in-1 Laptop 15.6"" Touch-Screen - Intel Core i5-8GB Memory - 256GB SSD - Natural Silver (Renewed)",3097.0,4.5,29,Desertcart.In,Free Delivery,https://encrypted-tbn3.gstatic.com/shopping?q=tbn:ANd9GcQAntd8OyddY4GSFVljVJxfgx_64_xzuqzHQe_JCGdk0AgWnkLFBnmLGv-eOPbWyrhFw2bESKo90FrGDvJxZ928i_wmNMAsYA
Laptop,ASUS Vivobook 15 Intel Core i5-120U Laptop,65980.0,4.5,31,Flipkart,Free Delivery,https://encrypted-tbn3.gstatic.com/shopping?q=tbn:ANd9GcQZG3ygVkdRJUF_xSTDA_fpOp-I60HDyGQQMKPDGqub4WsMjFvNRyRdfT0G6SrngH6qp_6elYfidafh6Yverq15aY-qXuFK7GWmYmaxQT8
Laptop,ASUS Vivobook Go 15,54991.0,3.9,19,Flipkart,Free Delivery,https://encrypted-tbn3.gstatic.com/shopping?q=tbn:ANd9GcTiZA5MYndVDOT2FbIkZyGJO3CTRo4zbOPi2--jXrTeVdn2JzbXJRRyePzqAHSTcBxa8TEVw-RfBzXMKfJXg0hFghugaiRfxCHIcfXqOy3q
Laptop,"Lenovo IdeaPad 1 15"" AMD Ryzen 5 Laptop",58899.0,4.5,29,Flipkart,Free Delivery,https://encrypted-tbn1.gstatic.com/shopping?q=tbn:ANd9GcQbYSn26Aq5MP51GWc1uUQ709r42Mm9wUEosVsRQZBB6KD9WSQ_LvrrqYM7vANjcVccLDDm5lAIExXi_RF68jToj5LY335QL6ex-nDLRNxQXUsZRhoVfT2P0w
Laptop,Lenovo IdeaPad 1 AMD Ryzen 3 3250U Laptop,55000.0,4.5,29,Flipkart,Free Delivery,https://encrypted-tbn3.gstatic.com/shopping?q=tbn:ANd9GcRJaId0N5acRPszuyYbqNYdbtlH2uUrG1b3bF5kRd6xNgjlalkEzEjHYdV9dyEu2tQlMfBqi2k6Hwtt_tkVqB2PNOu2_CSGGYovI7AyrTov
Laptop,ASUS Vivobook 15 2026,67990.0,5.0,2,Amazon,Free Delivery,https://encrypted-tbn1.gstatic.com/shopping?q=tbn:ANd9GcRWhWbVm21nOLMwxhepVVpQRZ-8Pc_k_Ln0ZDigI_bNZhk0o9y9mgJnrKf85oSfmu0jzY0jUrS5M68O32nCS3YlH9VmNU9UUo7CdIYJOovM--0kDc5h49wTMQ
Laptop,Lenovo IdeaPad Slim 3i 12th Gen Intel Core i5-12450H Laptop,69990.0,5.0,5,Flipkart,Free Delivery,https://encrypted-tbn1.gstatic.com/shopping?q=tbn:ANd9GcT6ILsHyPUrhTuypyqRzGcchs63xxjeKkM99Iu6jif0cJz0enryDbJL_vEXy0Kswu_QWcX44-VWA7xTn1nUItQkwZhjyHBo7Uy9-BkstYgWaGEdCYNUrNlg
Laptop,Lenovo IdeaPad Slim 3 15ABR8 AMD Ryzen 5 Laptop,61890.0,4.5,29,Flipkart,Free Delivery,https://encrypted-tbn2.gstatic.com/shopping?q=tbn:ANd9GcSNjduv7wZT7f2SKRiWepc2ce1JqpV-222jSugKD7W1JTbL3vclgxNnJ41R09c86Tz3QIZlgvZZiMDqhsmW1H14KquO6YPqNcTjLL7fpDE
Laptop,ASUS Vivobook 16 Intel Core Ultra 5 Laptop,75890.0,4.2,100,Amazon,Free Delivery,https://encrypted-tbn1.gstatic.com/shopping?q=tbn:ANd9GcTJOlo3CNSANS3O9aId_apDvGOggB-YOlCU0xnu6Yw12mJeolF3SSWJ6SwIZnZQgbnLcLgpKkkPaGuy2Um6JaQ2FETtK87qmvbnDNHavE0XyVXYwcGHAyoSjg
Laptop,HP 15s-eq1560AU Laptop,52890.0,4.5,29,Flipkart,Free Delivery,https://encrypted-tbn2.gstatic.com/shopping?q=tbn:ANd9GcRJ8LpEOgd8DiU8pIOGtPumZV0cvr_pnO4Zd2yPih5kIRG_AqRHefHmYkJkP5hLkJ0xtK_DpoUKC2cLkt8DhwDlmDlyxi0peC4Xn2H96Lm3EIgf8g_Dkcwc
Laptop,"Acer Aspire Lite AL15-52 15.6"" Intel Core i3 12th Gen Laptop",17500.0,4.5,29,Gameloot,Free Delivery,https://encrypted-tbn3.gstatic.com/shopping?q=tbn:ANd9GcQwrPGVdNZyEGTh_GiFZZYbrhNbk34pf69BUYp5zuDVc_ex1JACJ7tc5tnlSWENy8vx33hsDWRQPQIvunrJfrBfdigNE2Yw9g
Laptop,"HP Laptop 39.6 cm 15.6"" 15-fc0500AU Silver",55763.0,4.7,3,Flipkart,Free Delivery,https://encrypted-tbn1.gstatic.com/shopping?q=tbn:ANd9GcQX5ScL5cFvIaCTm769Zugb8uWetbdruQE4pHnYfdJCEZ2TjZY2jlzUoIdR5_scA1TuoUoK-EgqqvBvDoeji4hmye9YbF5envkgX64LprMR
Laptop,Lenovo V15 AMD Ryzen 3 7320U Laptop,49999.0,5.0,5,Amazon,Free Delivery,https://encrypted-tbn2.gstatic.com/shopping?q=tbn:ANd9GcQy1_1VMj6Ysg-1GZU-TvsI9FZ3Zl4JwJuuFQhAv18OoLgkjsDoZEZkNkGFsgKCVS010qxN3UMi42axDQwiFE2kPDPEpraDFmrgic4046rF3TBFd7yNv0jn3w
Laptop,"Lenovo IdeaPad Flex 5 14"" AMD Ryzen 5 7530U Laptop",60490.0,4.5,29,Flipkart,Free Delivery,https://encrypted-tbn3.gstatic.com/shopping?q=tbn:ANd9GcTTjec84iwlcnguhn5MYSJbSEy6uMSudvACHyJxbgKrOt12RGdowSCs22dKF10vfeP86iBq_nTazKkS3KL_9R0cie6UwwEkp1meB61kdWKO9YgO1QcmfbT4
Laptop,ASUS Vivobook 15 Intel Core i3 13th Gen Laptop,57500.0,2.8,7,Flipkart,Free Delivery,https://encrypted-tbn3.gstatic.com/shopping?q=tbn:ANd9GcQ1LYiJM3EcbdN4_VarmEloYkDFFZwS5HoxHMNKinW6qg4aZT4XZMW_rZaFHh6NdXGJsNr9fCUNtN6gQDk_A4SzFY9aYCkKxWa19YmKeBNR50k_1sfPRirM
Laptop,"HP (Upgraded) Omen 16-wf0000 Laptop (2023) | 16.1"" 1920x1080 FHD | Core i7-13700HX - 1TB SSD Hard Drive - 16GB RAM - Nvidia GeForce RTX 4060 | 16",4871.0,4.9,13,Desertcart.In,Free Delivery,https://encrypted-tbn1.gstatic.com/shopping?q=tbn:ANd9GcQl6axSnCc3Hs5qTDSBwBwXGN4p3Lyv9rklVOYYWuXkr0sl7PwEnVBI19dgUTRFvLC7fYPwNLIu3heA9Gdm4TP3XiuZoUXMGg
Laptop,HP HP 15 AMD Ryzen Core,51800.0,4.2,54,Flipkart,Free Delivery,https://encrypted-tbn0.gstatic.com/shopping?q=tbn:ANd9GcTziRTIALAktvanhNb02_AqmYkGcVgcvxXklZA9SnUS31Kqynlb3hBz_PCXNHWMGKg47wwzoRnOLAhU-kiyWEXd9vXiaZfw3fnUtFiC00HK
Tablet,Samsung Galaxy Tab A11+ 5G Tablet,26498.0,4.7,3300,Flipkart,Free Delivery,https://encrypted-tbn3.gstatic.com/shopping?q=tbn:ANd9GcQrIMgBcgksvc4GIKioZWZr4bBaJhUXSu9ywRHX_fqb3vtHkx3kdHJ8-YF8cM6lcaP88csdzHLDiLciWkMUKsPlfOzX3MPT_4fVdHie7s2fZPW4MbJ0jso80A
Tablet,"Redmi Pad SE 11"" Wi-Fi Android Tablet",11499.0,4.8,89,93Mobiles,Free Delivery,https://encrypted-tbn3.gstatic.com/shopping?q=tbn:ANd9GcT5cyFG2CdcOb_LrWRgikK97-2W6Z6HtAIWqJDLdqliGXSc3Q8TXFns6E-bBOs8DlHh-8TLD_p4Amlt2yfKwk4eOgCkxCuwAYpT7M_uaPDVNbqhqP7Q23bKBA
Tablet,Android 15 Tablet 10 Inch 12GB RAM 64GB ROM 1TB Expandable 2 in 1 Tablets Keyboard/,8599.0,3.4,5,Amazon,Free Delivery,https://encrypted-tbn2.gstatic.com/shopping?q=tbn:ANd9GcRY-igJ9UNvmTBMLbTVo9a6uzUcl45NibwkcNilWn-iN7cBaMAAdlWQCgBTdl3KRAWqRiZoVa0rUK2fbklatyois_k0KTc3sk6uaqsKTgiA
Tablet,Samsung Galaxy Tab A11 Plus Wi-Fi Android Tablet,24985.0,4.6,12000,Flipkart,Free Delivery,https://encrypted-tbn2.gstatic.com/shopping?q=tbn:ANd9GcShG1Xz4FFWCuqTjI4_Kq-qu9kxr_VTsrmD3Ciu8E4wSSZardv_amJS8IYyBeG0HyNU_DkX46epChcgoTqy0xFdlCaNbuZ4J_3jBgyCmspu
Tablet,Motorola Pad 60 Neo 8 Gb Ram 128 Gb Rom 11 Inch With Wi-fi+5g Tablet,16631.12,5.0,20,Vlebazaar.In,Free Delivery by Wed,https://encrypted-tbn1.gstatic.com/shopping?q=tbn:ANd9GcTwuWhV6j_Bzos_RmMPE1TKE0RJ1uY2lUVwihg12Fl34mK8HNK0cA6ddtxzhwhPS0H-gS5meu8f4tBJCgfmrzcOBifRzSHr9g
Tablet,Android 15 Tablet 10 inch 12GB RAM 64GB ROM 1TB Max,11806.0,4.8,89,Amazon,Free Delivery,https://encrypted-tbn2.gstatic.com/shopping?q=tbn:ANd9GcR1EtGfdk3Q21hn5d7iNy1yWndKoofV5Eur5M7vgRNeeyRKI99deKS8pEqJLjtNs5NEttbYiWFxg0qO-XAtvthXeRz_ZT5QzDWSgDY4k7s
Tablet,Redmi Pad Ram,12499.0,4.8,50,Flipkart,Free Delivery,https://encrypted-tbn1.gstatic.com/shopping?q=tbn:ANd9GcRvuFdw0oibOUjnAavHd-3xHiSf1P3UJfVOJkG2_X1uJVVIfOqytr0U6BZTFbxxNB-8Ek6G5dNZcPM-NpjqipfjMfFd81Q2CSqT3AFHEnok9GRFR0h_H_vF
Tablet,"Lenovo Idea Tab 11"" 128GB/8GB WiFi Grey Tablet + Pen",1115.0,4.5,438,Desertcart.In,Free Delivery,https://encrypted-tbn0.gstatic.com/shopping?q=tbn:ANd9GcTCjmUX0bObXSZ3zWMHJseGhsBZmKkCgB4grskTTJuY8Wr4QG83SGbgXZhBNQ0jHALlxBUwayoRuAqXw_TeiE_sr6Q8SNedhO9EXjzV80QatzHj4Y7bZti4
Tablet,HONOR Pad 8 12-inch Wi-Fi Tablet,9999.0,4.8,368,93Mobiles,Free Delivery,https://encrypted-tbn0.gstatic.com/shopping?q=tbn:ANd9GcTvH3B1X_RKymbvNHSSWnGJNeg3HFY4wvE5AgHfvRDH2SK-8WkzT7gRjqJg9cz0FCb9yJN5AQO1uPzM9fvYNUL4ihmekYP4X5Wl-6RhpCnfowubsSK6GeQRNg
Tablet,OnePlus Pad Go,17999.0,4.6,17,Flipkart,Free Delivery,https://encrypted-tbn3.gstatic.com/shopping?q=tbn:ANd9GcRjJTAIIfJTyRbhzvjHDd-R_DmD_a7Aq4k6Acsug30AbHDq7XOLa5LH0DaykBB82372pSiQ5opJN5a-C5NScrYzR3hH10th7_VeeVXES-Sq5-gdDjdefc1fAQ
Tablet,"tablet, 10 inch Android Tablet with 128GB ROM, 16GB RAM (up to 2TB), Octa-Core Processor, 5G WiFi Tablet, with Keyboard and Mouse Case, 13MP+8MP",13809.0,4.8,89,Amazon,Free Delivery,https://encrypted-tbn2.gstatic.com/shopping?q=tbn:ANd9GcQBCTqJFix3biBZHsrw0MJEqpkP8ZSuOwqSnS5oiSCVUuowMN5aBWFJVDu-U57DEFQwAntnJ2EvpXg_0Njp_I2K4RehxDa7CF4rItxfi2dUgrrxei1Scbti
Tablet,Samsung Galaxy Tab A9,11999.0,4.7,8000,Reliance,Free Delivery by Sat,https://encrypted-tbn3.gstatic.com/shopping?q=tbn:ANd9GcS5lpvl2J6Vll1sasjqM-rBvXvrkbGkF1xZ4JPNp8X8bAyYJKI9KwtS6qSmp8cwtvH4EJaM_Nr1ysUUqqRdj4QuK1IOh2bcY6_If0xyPuf48dK4suE-paCi
Tablet,Redmi Pad SE 4G Tablet,10999.0,4.7,34,Flipkart,Free Delivery,https://encrypted-tbn0.gstatic.com/shopping?q=tbn:ANd9GcQ1CHZ9AID8rPVMQzfwdQmz21n1c3er0BHVJH1cd_XNC55Iah4A0-uZQ2hEboSlCaEEM-l-PY1tOzAqPLYfMS7wWkDKPr0B_kECt8L6SNCF
Tablet,Redmi Pad Pro 5G,34499.0,4.8,268,Amazon,Free Delivery,https://encrypted-tbn0.gstatic.com/shopping?q=tbn:ANd9GcQc3dd72jW7PAoy6gBQH_rH7yxgCSYqxmmpOTs7NsgSct6MrOaYkXn3nDddPeIJk4moDGF4mYiOm-83FkRO4TOjU4ibv-30jztxbEBCrAst2MPpYUdXg-mJww
Tablet,Redmi Pad 2 Wi-fi+4g Android Tablet,22999.0,4.9,466,Mi.com,Free Delivery,https://encrypted-tbn2.gstatic.com/shopping?q=tbn:ANd9GcQmHhhD2L0hrF4HXs6KSTTzonGahHtwJUKdRe2wSFu0fUEDIoo5aTPposuAjCKixrT5GFxa7onCE-PRMvbkXhr2xRHWmxbYSQm0cfY5DZJBZIWwfBUf2udh
Tablet,Lenovo Tab M10 Plus 3rd Gen 10.61-inch Wi-Fi Tablet,13899.0,4.8,89,Flipkart,Free Delivery,https://encrypted-tbn2.gstatic.com/shopping?q=tbn:ANd9GcTn-5RylEWYlM7E8J_BYexhgH2FLQvb985QNFsGJpkRvY0H0EgXuCJ0xc01VuZ9Ysoq7FuUlu3GSGnquIiO7q8-19g5RIfhhyFyC6tHqASB6r-3kahMqlATMw
Tablet,"10.1"" Android Tablet",15900.0,4.8,89,Amazon,Free Delivery,https://encrypted-tbn1.gstatic.com/shopping?q=tbn:ANd9GcQOrEvfKA-x2xJhJT7TVaa1HwXkpQKvw_teN0MO5UM8jbqap0sVKOAC8YbRITdIcq_jNWWQl6MTk3lGzqn9EEepEWAxJytWV1KWbgftdtIJK6GtGI6gT8CveA
Tablet,Redmi Pad Tablet,4000.0,4.8,89,Gameloot,Free Delivery,https://encrypted-tbn2.gstatic.com/shopping?q=tbn:ANd9GcSSCRBGNNVDCs5BRWuY_8vChqht7pm1n6D0me2om22bT-Op-ilb_V1gcF4KbyS9FE-ZNSKK-_vIpS8A0pgbkzn8gcLgjSVJ
Tablet,OnePlus Pad Lite 11-inch Tablet,19999.0,4.6,60,Flipkart,Free Delivery,https://encrypted-tbn2.gstatic.com/shopping?q=tbn:ANd9GcQeB8lMfLOqXzkMoIk_vRNJgLbN6-pz-UiAxcQPO7LhoX06PH93qpvvgxyGCMk9V4e9UEFGq379vhfjtPz-s9A2xJgxfFTGHxLdydGl34sj
Tablet,Lenovo Tab M11 11 Inch Wi-Fi Android Tablet,14999.0,4.4,117,Zepto,Free 10 min Delivery,https://encrypted-tbn1.gstatic.com/shopping?q=tbn:ANd9GcR8jvZiQZ-iTV4le_S6UZXH1vJQZ2sLJ8XXOy8BUbHIJjHxc28JBRNtGNB-91vLn2jhk2WZ312vj3zgUDsmGOP815CsZgnmIPKGx7vlO_dKHoEwNwuIEZHK8bNc
Tablet,"Tablet 10.1 inch Android 14 Tablets, 6GB RAM 64GB ROM 1TB Expand, Quad-Core Tablet with Case, 1280x800 IPS Touch Screen, 6000mAh, BT5.0, Dual Camera,",14999.0,4.8,89,Amazon,Free Delivery,https://encrypted-tbn1.gstatic.com/shopping?q=tbn:ANd9GcTbE3StjskYPSK-kRhmlnJCusYyEtoG1i8EFiEz4TYy7UoyCUxomY2QaImWWcw44mWzq7zwQH8m2ZFhdoBeIkNndDROZG3_RGQq4K_-5gqG28Om81BA8R8L
Tablet,Realme Pad 2 11.5 Inch Wi-Fi+4G Tablet,28000.0,4.9,20,Flipkart,Free Delivery,https://encrypted-tbn3.gstatic.com/shopping?q=tbn:ANd9GcRrly-CG9c0rtymofIdMsMikKz7CoAhWHRr20dnxTSIkGc_D25bdynQE6FIAK4w84RN9pwRzqIJXVLF2TcT-Waa0UI3nTnMZ6hn3T4jgcutzUE8RQpoKGTJ
Tablet,SAMSUNG Galaxy Tab S6 LITE Wi-Fi 10.4-inch Android Tablet 4GB RAM 64GB Storage Model 2024 Edition - Mint,1407.0,4.7,2100,Desertcart.In,Free Delivery,https://encrypted-tbn3.gstatic.com/shopping?q=tbn:ANd9GcQwkxLGEYkrIixWXJlvPDhKcf8ZL8rF4rjPSgoXj1joymgz00UFEFceePbgmopR0Q06zBd0j-DPRAEzQNdThLlo2GamTfdAkqrU3ZY585wsRNqLXmsC88fhbw
Tablet,CUPEISI 10 inch Android 13 Tablet,12438.67,4.8,89,Amazon,Free Delivery,https://encrypted-tbn2.gstatic.com/shopping?q=tbn:ANd9GcTgxgQLoeF0iJTgQKYVrVM8EVY4As4_oP5IhOHxjSxhLwB1VdzMf20GB0FcNmb1Q2H9mM0Mlv53TJguDdjEEC7nZHj6CKXUL5X53g16Bk4rIXK_0zw8J-9j
Tablet,Oppo Pad SE 11-inch Wi-Fi+4G Android Tablet,20999.0,5.0,5,Flipkart,Free Delivery,https://encrypted-tbn1.gstatic.com/shopping?q=tbn:ANd9GcQwbNt_8DnQmEfiRZ7VNPJUOad8YJpX9OYDm1SwRsXZtSzNufmdWFrpcOvhfBedA5Sz01BJml4fUBPNPAE_gWxjg-4MMiPAwlF5Fneqsx_QO-2QSiVVBa57
Tablet,Redmi Pad Pro 5G Android Tablet,19799.12,4.8,89,Vlebazaar.In,Free Delivery by Wed,https://encrypted-tbn2.gstatic.com/shopping?q=tbn:ANd9GcR_7nBmWsuZ54M_tlktSSFbWbpBAmR1fFB-GdrsJTgqp3q-8_Rj9cfLLaFEWVQsDIE4Oy9jNjH8iYAh1Kn-dSL5-xghurDdGuQ-wR4CXf18hWd5ISATkeNM
Tablet,Apple iPad Wi-Fi,49900.0,4.8,70000,Apple,Free Delivery,https://encrypted-tbn1.gstatic.com/shopping?q=tbn:ANd9GcQBKJ0yKFXDWHn7XL3gktFtyMD9unwPpl34c4raURJR53HyT8PM8XpOSBhN4zD3DV8baLRCUAno6Sx13ELZg4UYr5-IZ4YxBHwx9K6w1Lb80DhfyW8AG4QOIjA
Tablet,"Android Tablet, 10.1 Inch, Android 14 Tablets, 6GB RAM, 64GB ROM, 1TB Expansion, 1280x800 IPS HD Touchscreen, 6000mAh Battery, Bluetooth, Dual Camera,",13388.93,4.8,89,Amazon,Free Delivery,https://encrypted-tbn1.gstatic.com/shopping?q=tbn:ANd9GcS_AfoPy0nFSV5QXRUf88QTkCIikbalM41uUgwXkHx_j6Z3KthyEpBOytk8k3W2uQ8ZEmbLlpLxZAFWyuqN9SNl_HlpTxjXflK4n3Pg5ZaenMO9Jl20e1Ii
Tablet,Redmi Pad SE 4G Android Tablet,10999.0,4.8,89,Flipkart,Free Delivery,https://encrypted-tbn3.gstatic.com/shopping?q=tbn:ANd9GcQiuyW_15rg8vTFRxxeiIU6_YXFYij7XdPQbfeyCZtMufkCLXplsou5p5eu5tgc4FfEoXlDNbnD-vOVgO_TNJUzrP_I-vu6IT4sNdVckK4R
Tablet,Redmi Pad 2 11-inch Wi-Fi Android Tablet,18999.0,4.8,89,Mi.com,Free Delivery,https://encrypted-tbn3.gstatic.com/shopping?q=tbn:ANd9GcTA0-Et87WRCs_meXvyFAAIC8mZ5Bgk9jre4ZgeD3teMjDpBh60VZlbovkD_fedPNQGpb80mw1vS2TVGEmWP4pakuY9-oYIkSo7vU_U-TiwzwtQF3Wgh3OA_Q
Tablet,"7 Inch Tablet with Case, Five Core Android 15 Tablets, 8GB RAM 32GB Storage 1TB Expand, 5G WiFi,1024x600 IPS HD Screen, 3500mAh, Dual Camera, Type C",6845.0,4.8,89,Amazon,Free Delivery,https://encrypted-tbn2.gstatic.com/shopping?q=tbn:ANd9GcT-5CNwt6zPnKb30u5Y16tQyxToipGFzLYnMo0Rx3jTxLkz7SqCSmK0jkdTuiYFltOoghYRiJo21pV2tsYf_nQKswiKp8RwMZfBsg73nPPZcX9_fJLjB3v8HA
Tablet,Lenovo Tab Plus Wi-Fi Tablet,21999.0,4.6,474,Flipkart,Free Delivery,https://encrypted-tbn3.gstatic.com/shopping?q=tbn:ANd9GcSYEqVXCJD9bQN1MRy9WfJ9mZeHPGQngOdwz8Oa0YdohbpNL_zoZKgthgMIh5p95OK_AEWzr-MFZNg8DkbVUqi6r5AEK6rRF5Wv8eL01GOWvO1RXt4ab-Gggg
Tablet,"Samsung Galaxy Tab A11+, Android Tablet, AI Features, Sleek and Modern Design, 11 Inch 90Hz Display, 128GB Storage, 6GB Memory, With Dolby Quad",1483.0,4.6,12000,Desertcart.In,Free Delivery,https://encrypted-tbn0.gstatic.com/shopping?q=tbn:ANd9GcSd8ftAb834bpIlnnM_VYvrhSs_IHpSzpIws4T7tF8koy6Rym3ho-jmgYaD--7CcglUsPDOJPCEjMtWEM35K59tOlp4I4Q5tVUnVpvo51OdwdpoQHQgFTwT
Tablet,"Samsung Galaxy Tab A9 22.10 cm (8.7 inch) Display, Gray,RAM 4 GB, ROM 64 GB Expandable, Wi-Fi+4G, Tablet, Gray",11099.0,4.8,633,Jiomart,Free Delivery by Tue,https://encrypted-tbn1.gstatic.com/shopping?q=tbn:ANd9GcRXGgD4SFhyZZETajwUVfY3d3jLnttQCFryKgL2INiXQuUXCB08os-5dWPpvcf_iRQ0gq1DvV1CvrDY7g6QxjIyepNwuo31SbSRsEfXJc0uCXeCvkudXG5R5A
Tablet,IWEGGO Android 15 Tablet,11999.0,4.8,89,Amazon,Free Delivery,https://encrypted-tbn1.gstatic.com/shopping?q=tbn:ANd9GcTEcqk0lKARLx9R2Bvzzg6lprj6Q3dVJUUTmjAWqLq8CS_9UBSakgiZVm0QmkxaI_seXA7ZEzU97Mca9SMdzzmYHJe-3BFTtDhYKqUfgfZWIjvX-H2aohCNuA
Tablet,Moto Pad 60 Neo 11 Inch WiFi + 5G Tablet,27999.0,4.8,89,Flipkart,Free Delivery,https://encrypted-tbn3.gstatic.com/shopping?q=tbn:ANd9GcTZkElpGV4UVSCznQyc45YEKYN87CsqMRqqe6GG-gh4p0pDL1CTxBWyeWt1G-K9N0TR0kfvCQNBT2jvOxLPqN0A63SLxSuv5yvSiJjTMCOtfc4mamyTjObb
Tablet,Samsung Galaxy Tab A9+,6000.0,4.6,17000,Gameloot,Free Delivery,https://encrypted-tbn2.gstatic.com/shopping?q=tbn:ANd9GcTA3GWc0kWtEzcSQYVxBJu-D5ud-Nrm7uZuPaFsLiDCy1kvn7mxjxxDaFejsrT-YA15tKi6Y-ysI1k1pTLifLTz5QOKaH-Xwg
Tablet,Lenovo Tab M10 HD 2nd Gen,11990.0,4.3,588,Amazon,Free Delivery,https://encrypted-tbn2.gstatic.com/shopping?q=tbn:ANd9GcS878EXDay4-OKby9XtZHYiec-e3CH108qJBUi8dhR4fZx7ceMgTB-ah4xI0tQg8QMFYie4x2UPJ5_tODbOkyZFx_8yRPGtYCU0orDzHRojOuxELWvyomXXWg
Tablet,"Acer Iconia Tab iM10-22 10.36"" Touchscreen Tablet",20990.0,4.8,89,Flipkart,Free Delivery,https://encrypted-tbn3.gstatic.com/shopping?q=tbn:ANd9GcSY86_9wP3Cik09deaEgltFttw2s9rOXCaUpd767kVmU-3uHXPgxsgj8GP-4fXh7sX-KJLyiZbCrZcULUcULZwxUeo2u39lfYaJINDPrG0
Tablet,"Samsung Galaxy Tab S11 Ultra, AI Tablet, Wi-Fi, Light Design, Multi-Modal AI Tools, DeX Connect, 512GB Storage, 12GB Memory, Long Battery Life, Silver",2186.0,4.8,2800,Desertcart.In,Free Delivery,https://encrypted-tbn1.gstatic.com/shopping?q=tbn:ANd9GcSRSUT-OgOwBJmAaNM6q8RLFz-k8ewKfAw-rSwRL1_DVbincIJy0tuINSo7Q_Ihp7l-xmpBoZnQATRfFiXmSS8ImAaqCUme6J_W7RrbRwvuIl-ZliHGnbMs
Tablet,iKall N7 7-inch Wi-Fi Android Tablet,4089.0,5.0,6,Amazon,Free Delivery,https://encrypted-tbn1.gstatic.com/shopping?q=tbn:ANd9GcQrPwconCBvq9uAug-d9qfgbjaC7ryToTccJD732e2biijQg5bcMy4yFu7N3kOAudQhyxpWqajeTvEHeV7bPvtuqR-N0PP3ZDQFkOhmrR5t-ttDVmHM_zV1ug
Tablet,i17 Pro 5G Tablet - 5G Android Smart Tablet,8999.0,4.8,89,Zone Alpha,Free Delivery,https://encrypted-tbn2.gstatic.com/shopping?q=tbn:ANd9GcTDTISQ6yFF5EUp0coXJQQ_hq0s-eUK78MpeEypUtsvXur4nijR8TqYhk5b8_hFfgkfSBtvMmgG15FDXZdNcFfy2xeP1lPT534Hjc1_kC6wnqnNOg_M-YX_KA
Tablet,Samsung Galaxy Tab A9 8.7-inches Wi-Fi+4G,14699.0,4.8,10,Reliance,Free Delivery by Sat,https://encrypted-tbn3.gstatic.com/shopping?q=tbn:ANd9GcTtGM7JiD1FezZNmJxVseqhwkIiQiFT7ywu28WbQO9AczcoJx-J1MQOtHMLFXl9e3eNCSybP-5o617q-jMmoOlutHiAENHZ-D3xWTmbW9u_zhqbZP1se_aS
Tablet,"Redmi Pad SE 11"" Wi-Fi Android Tablet",11999.0,4.8,89,Flipkart,Free Delivery,https://encrypted-tbn1.gstatic.com/shopping?q=tbn:ANd9GcSBcGDCLfKxo74Rw90pQOHqS0QmZ3hjI-IwyIRLMn5cQgNYX9y17leC0QDIWk4Onh8P9As8HbZQE-pnca73FPTENiIAELXlOUz2Yjb-d2Y
Tablet,Redmi Pad 2 Wi-fi+4g Android Tablet,18999.0,4.9,466,Mi.com,Free Delivery,https://encrypted-tbn3.gstatic.com/shopping?q=tbn:ANd9GcT-08phguSZJvhqjmLiO0w4JL8xX1gmMid2lGvVOd02RlZBh7Fxf3yWt_q0h7SRfd-KDfpDcKo024MBsgbXSP9tKlsCa0-9LReykpdJh2iynTIXLI-v7WylgA
Tablet,"Redmi Pad 2 11"" Android Tablet",15047.12,5.0,2,Vlebazaar.In,Free Delivery by Wed,https://encrypted-tbn3.gstatic.com/shopping?q=tbn:ANd9GcT4IeissCsG6MLIKk7aCI0qLBfEqSFTmvqurdfbePfLXHussmFuz_UsYoLxApl54g1WBURLKH8RBQIZwnMXLafAaIwSp7PIV9zt1K0ixkPOF-PS2n0qWrpdLQ
Tablet,Motorola Pad 60 Neo 8 Gb Ram 128 Gb Rom 11 Inch With Wi-fi+5g Tablet,20499.0,5.0,20,Flipkart,Free Delivery,https://encrypted-tbn1.gstatic.com/shopping?q=tbn:ANd9GcQ5xchV4VM4bVVmFcLPHusSLFGMd8dHPIfwoLsOL4dn8X6L4ozmGTbq0ea_Jdtn5ZdxqriAYbno5KYWB9AG1Fy4geaRCrhQmBKBRPyBPxerdwug4iMll9Hw6w
Tablet,OnePlus Pad Go 2,29999.0,5.0,73,Amazon,Free Delivery,https://encrypted-tbn1.gstatic.com/shopping?q=tbn:ANd9GcT-U5ElciYQkgcNqYHVfVZjfQuan2wr6XkOZ-j5Rz0K9Skhowfkc-Kxm4uJDeQz1upJqSM-LcVReJs2jl-tGb2sciQOra2vmOO2RYWIu9mSbZzSRY00pe9crg
Tablet,Apple iPad Air 2 Tablet,2099.0,4.4,10000,Ovantica.Com,Free Delivery,https://encrypted-tbn2.gstatic.com/shopping?q=tbn:ANd9GcRz-3LxhrzL2Sz09V0FGxc0ckd5X-hApB50DCD-LJxskgwOjcKxEvbyXOGBRyrcJhsDYFrwxV_3-2hTMhIP9UHtumsEvazRWDLOgbhciotrcoLznpFZC9IabVI
Tablet,Samsung Galaxy Tab A9,15999.0,4.7,8000,Reliance,Free Delivery by Sat,https://encrypted-tbn3.gstatic.com/shopping?q=tbn:ANd9GcQZnrN1-yp8TNRKb8MBeWSmx2YjQYbZ4Pz90dCVL0EmXFdCQlRfXlrwUc-KEXWDVbkEyRC4xVdGtC0o2UKMU3hYcaemaN8MGEqnF6eykk69w0Z4XDeUmhnbaQ
Tablet,CUPEISI 10 inch Android 13 Tablet,7525.0,4.8,89,Ubuy.Co.In,Free Delivery,https://encrypted-tbn1.gstatic.com/shopping?q=tbn:ANd9GcQbDV0aqSLgxDeWF1ICE1pVMIDlhr9nBgMOrSgRkJwD1f9vGkG3n3QF9W8n2e0cZGvFh2kKV7xZW_JotKTcnZ1l-rjWwvUtpWrMd_tT_-VSKd5gVLmCjITC
Tablet,"Android 13 Tablet with Keyboard, 2024 Newest 10 Inch 2-in-1 Tablet, 8GB RAM+128GB ROM/1TB Expandable Tablet PC, Quad-Core 2.0GHz CPU 10 Inch HD Screen",11775.0,4.8,89,Amazon,Free Delivery,https://encrypted-tbn1.gstatic.com/shopping?q=tbn:ANd9GcS2Zh0y_Ex6JPIj9Crlrm_ZrIrQ-0VafaUzdyGfoxYfoYEpJfptgmMcif6_znmqdUOT-P09cT68JDFQf-EWEWan9vRGPfp3457-i97lbBQMFYK4Qc0Fx8-m
Tablet,Samsung Galaxy Tab S11 Ultra,121999.0,4.8,2800,Samsung,Free Delivery by Sat,https://encrypted-tbn2.gstatic.com/shopping?q=tbn:ANd9GcQCqKuKoLLpDoGAhe6avxBOeoUCvZqoGODTCddyhhaD1HCSaQN_PGQfYc2CXAwzTKn0bELflZ1DLuKt9IIYj2v7ZYCUrOE14A
Tablet,Samsung Galaxy Tab S10 Lite 10.9-inch Wi-Fi Tablet,33790.0,4.7,4000,Flipkart,Free Delivery,https://encrypted-tbn0.gstatic.com/shopping?q=tbn:ANd9GcRoBK863iIFuAInIs38S81f5pgNeg-kluv77L2zx3DKahE7GY3xDMpicSUs8A8G257qH-ODqiNaWDJX-5joXVyaA937Ze7B-SpH_TKKOBaJJTxWVfxIPb9jxQ
Tablet,Lenovo Tab 10.1 Inch Tablet,18998.0,4.8,89,Amazon,Free Delivery,https://encrypted-tbn1.gstatic.com/shopping?q=tbn:ANd9GcSUZc98x9RfAMi0KFZpTqv51pzGfhog_Bmjgk9c2UXk7d25zy9UHXM3LKTu749Ja7QJNn2rvbvFNl68DKSeY36gVm8Sg2xrVSXo-d9BGyQyHbJwWB-6iaP1
Tablet,Redmi Pad SE 4G Tablet,9499.0,4.7,34,Addmecart,Free Delivery,https://encrypted-tbn3.gstatic.com/shopping?q=tbn:ANd9GcRvR6hvbmrkJekEPKLqBODSKdac6XY-hTiuRnpgi17dKyqML4XncnO6KTfN1Waa65Cy8uHK3MekGgcJLKR7kDMYUsFLW-BR36uQNHdGUYCR2x2DTyv7u7I4Zw
Tablet,Motorola Pad 60 Neo WiFi Only,21499.0,4.8,4,Flipkart,Free Delivery,https://encrypted-tbn1.gstatic.com/shopping?q=tbn:ANd9GcQ5xchV4VM4bVVmFcLPHusSLFGMd8dHPIfwoLsOL4dn8X6L4ozmGTbq0ea_Jdtn5ZdxqriAYbno5KYWB9AG1Fy4geaRCrhQmBKBRPyBPxerdwug4iMll9Hw6w
Tablet,HOTTABLET 7Inch Android 14.0 Tablet,6076.82,4.8,89,Amazon,Free Delivery,https://encrypted-tbn0.gstatic.com/shopping?q=tbn:ANd9GcQzZr0HaJ_5nRn0W3uhEP_92ZUNTvKKipctJlKzviHLeN7NMkYzlITxFs6td5kDGO4TcVZU3Ro40-Ry68lPhY5WNhe3r6gMywOgziF4zVu_UIE4JmjbfHJJ
Tablet,Apple iPad mini Wi-Fi,69900.0,4.8,6000,Apple,Free Delivery,https://encrypted-tbn0.gstatic.com/shopping?q=tbn:ANd9GcT83pX4K_rvmPUgUKswVU8PhwP1zYFiCD155IscVVj98gM8TT8_uyYPS3VOSOAQ7_bhC80SlMjc-Y_UJRihJAXUeFgADgNwYIQGhReTgK_2pUZyQF-MrDwlhdE
Tablet,Realme Pad 3 With Biggest Battery In Segment 8 Gb Ram 128 Gb Rom 11.6 Inch,39999.0,4.9,89,Reliance,Free Delivery by Sat,https://encrypted-tbn0.gstatic.com/shopping?q=tbn:ANd9GcSsjcuYYZSuivLNIMdrZmy0LlI53H_Cb5Y_29dYtuPC62-o-oW0Lbo_dcs-FldTjU4pDyIqZrMTJQqGnA3sUW8xNridqu6MN11WhaWcWUzO224vAo3Tw01K
Tablet,"Samsung Galaxy Tab A11+ 11"" Wi-Fi+5G Tablet",26849.0,5.0,5,Flipkart,Free Delivery,https://encrypted-tbn2.gstatic.com/shopping?q=tbn:ANd9GcTzVUaMA_jluWG-ZxwPi7WrNv92kAdr9pzEi0xGBMNqubjXO53cazw9Wv9_i5px3NCgQhmmkVUui-KhDuNgT9lrBXoMlTNes1Ile_KI2u0XZbeBB76DvIQvDg
Tablet,CUPEISI Android 14 Tablet,6149.32,4.8,89,Amazon,Free Delivery,https://encrypted-tbn1.gstatic.com/shopping?q=tbn:ANd9GcSFHGRfI-qeconnaAArasJ8md76oZsZeas6dguELsmjesW7lU7x58eLSN1Zq7oz8Bx9F9ybRxCg_HcD_-wgP5L9NS0K0aqq
Tablet,Acer ICONIA Tab iM11-12M 29.08 cm 90 Hz IPS Display 450 nits 8GB RAM + storage 16MP Rear + 8MP Front Camera Fingerprint Reader Wi,28490.0,4.8,89,Acer Store - India,Free Delivery,https://encrypted-tbn0.gstatic.com/shopping?q=tbn:ANd9GcTzaoXl6k81xYboB3g2gmqR6pfVp4tSdAke0cr1Le84TsoSQZfVkgrZQPyBfI1igIm1QArsAK-GT9aFoXP1OO1bMNb5obARuYUbURWQcP7PTAO7N0Yu6lSXVg
Tablet,"Xiaomi Pad 8 Wi-Fi Android Tablet (11.2 Inch, 8GB RAM, 128GB ROM, Graphite Grey)",38999.0,4.8,79,Croma,Free Delivery,https://encrypted-tbn3.gstatic.com/shopping?q=tbn:ANd9GcTK88ujL30UODxrCxNQCcaecU4pBYcxREsB7Y39EWaqr9SXwVM2AAVdmcQr2ozIlBaR61RIg3zWNwsme9RBPCenHmCgF16POcWdO4ussYvr7UIOqkFCbaKrsg
Tablet,OnePlus Pad 4 13.2 Inch Wi-Fi Android Tablet,59999.0,4.8,23,Flipkart,Free Delivery,https://encrypted-tbn2.gstatic.com/shopping?q=tbn:ANd9GcSMrWEL5iZIG0V56m3s0ahXY7rSGM8uR_92veGO1vGe8zC2ZgouuMKK3T_1zoGSFvWrdNQ2yDw2YVdoXH60ZmhBgtXnuBi_74UnNxMze5U
Tablet,"Brave Ark (SmartChoice) Android Tablet with Pen| 12.95""(32cm) 2.8K 144Hz Display| Snapdragon 8s Gen 3| AI-Enabled|12GB RAM, 256GB ROM| Segment's",37999.0,4.8,89,Amazon,Free Delivery,https://encrypted-tbn0.gstatic.com/shopping?q=tbn:ANd9GcQ4NWvWiFoOCnmkCiuEHbMoPDlBduLobyAH8qe2lENCbA-UnUf0BWQguDSA5VA3RpSp0z-fCVTrjuXe5yUHJanfnCC3mll7lSyIBjkzhPwKeLYipYh-GwxFyg
Tablet,Xiaomi Pad 8 Wi-Fi Android Tablet,38999.0,4.5,2,Vijay Sales,Free next-day Delivery,https://encrypted-tbn1.gstatic.com/shopping?q=tbn:ANd9GcTieB_fA55C9Yqm26ldN4q0rkk50Lu4KdPFmprc2Eq5x4CsNlKENHugpFwJclCwsPcEZBXBJEgCjvWVWlOvLgmZPMKFmcx8OteaeZtk__SVPy19No0M9lTGFA
Tablet,Apple 13-inch iPad Air M4,131900.0,4.4,1500,Apple,Free Delivery,https://encrypted-tbn2.gstatic.com/shopping?q=tbn:ANd9GcRafgtzDbiuXu-dz2ercuHTGnyHnOB8e2ITqVW5eKyILk9QAmE-nfh3-v9V0JLSvQgCctGYZddRS8jgV1UA45cW9Xi_mB7qZhpIaLJIlOfW5HKE8_EBVW3sFw
Tablet,IWEGGO Android 15 Tablet,10238.0,4.8,89,Amazon,Free Delivery,https://encrypted-tbn2.gstatic.com/shopping?q=tbn:ANd9GcSfhr1CoiMJlabC1ftWCLsv8yt2F_dOH6lAR5MBRFp11AUaa4QE_bol-91SY01VEGo1jdFXl249mJ2ijIUfuPyZajhRmtvS_jvmygFktzw
Tablet,Lenovo Idea Tab Plus 30.73 cms Tablet,31991.0,4.0,2,Lenovo,Free Delivery,https://encrypted-tbn2.gstatic.com/shopping?q=tbn:ANd9GcRngV5a2oZXYDZh44JFe6xh-DY7OdaVvf_PeP4ij34SOSOBLQD86-zMdfHBGxRfdWDW9szRo-tHCz4ynp80eztEVIWa7ETbQaDVPxVn2SGHkFiq-RAnmkp0wQ
Tablet,Samsung Galaxy Tab A11,22499.0,4.5,3700,Flipkart,Free Delivery,https://encrypted-tbn2.gstatic.com/shopping?q=tbn:ANd9GcTj37ql3ucIZRngTjVFhS_8sV6l9a75w-9Gg0PW1tvVduwdCw0Cf6vVfFG8z3XSoOgIidaQHrqUNEzU1bxJeUESh6OGJkG52UH2RTStws45p0NbiHEsu0X4OQ
Tablet,Xiaomi Redmi Pad 2 4gb/128gb 11 Tablet,19999.0,4.9,230,Mi.com,Free Delivery,https://encrypted-tbn2.gstatic.com/shopping?q=tbn:ANd9GcTmRYcG3IzWO8n7mIB5SWZEYtDj7uIcy6LpE8Up446dF5XTNDJg9v3SHBanl_yCR2shEEFYE0Bm15pDD2NprAC24M6KSOddkrjqkDvfwgFaBzVlXNvXi6Xjsw
Tablet,Samsung Galaxy Tab A11,12999.0,4.5,3700,Samsung,Free Delivery by Sat,https://encrypted-tbn2.gstatic.com/shopping?q=tbn:ANd9GcRpzcVOgwiBwh98ojKlQq0RR2uD5uqzQEuMadLhKEPeDPoicWwamlS57kiSOon-UoXpwFE1bqZrETM3Vyy4h4CCwkNQrNbNsA
Tablet,OnePlus Pad Go,17999.0,4.6,17,Reliance,Free Delivery by Sat,https://encrypted-tbn1.gstatic.com/shopping?q=tbn:ANd9GcS40leCG9U8AkD2hF1NmXeUl7rIIs5X6uE8RhN4pv9kFstJrwhxJ0OFzfK2S0JZQ-NPn73YLVXS9BquVHACgEb5O6YERb8JkWLZek_jpVyZzzlAn0G-RYFzlZM
Tablet,"Lenovo Tab M11 11"" 90 Hz Tablet",13249.0,4.8,89,Zepto,Free 10 min Delivery,https://encrypted-tbn0.gstatic.com/shopping?q=tbn:ANd9GcRLQPtr39eoAbu6xsZtpbuHx5_oaKplhcJptsbD4EpdrbfdoP4Sj4IrwJ5Ogu53U9u3CF2kgWt6KcsgQPdtnQsrWahkTjDunMEf3K4V2tvlrbQ6Ip8NQoeDXYA
Tablet,OnePlus Pad Lite 11-inch Tablet,19999.0,4.6,60,Amazon,Free Delivery,https://encrypted-tbn1.gstatic.com/shopping?q=tbn:ANd9GcQ5m3wgP_UCFXPeKI0VFRcizOfU3eXGArphJQk2u9nqGdHyUFvmnIC2BYFmaSg_gFp2_v8WEApdcafZCyxyVn5Lq2hmILigz9Ao8Ld7wL3EOTj9wfdoYdq7
Tablet,Redmi Pad SE 4G Android Tablet,11999.0,4.8,89,Reliance,Free Delivery by Sat,https://encrypted-tbn2.gstatic.com/shopping?q=tbn:ANd9GcRDy0FgfqYQCYWcMe2h5HhRxrSysZs9jyp89DEW9-MfHvtk2HvtNapTT-8WaqvDzm4hc4WH51V9LFazrKk0ytF5zkNqgJE0Bqu394JvrJE
Tablet,Motorola Pad 60 Neo 8 Gb Ram 128 Gb Rom 11 Inch With Wi-fi+5g Tablet,18299.0,5.0,20,Jiomart,Free Delivery by Tue,https://encrypted-tbn3.gstatic.com/shopping?q=tbn:ANd9GcRO8fXmheLu925PBw-keS1TYmqfyNJCFowg95NKjerwGKzHkW9AYjT2jlTG_RZffRDuwgZMTpHsaQJwzZvP9ijUnxTGDy4jYjzTC-QINPWHox2UyK_2dz8AgA
Tablet,Apple iPad Wi-Fi,47490.0,4.8,70000,Croma,Free Delivery,https://encrypted-tbn2.gstatic.com/shopping?q=tbn:ANd9GcQzEC2Uwb_afRssZeFJiBIwB4hb8yftzJELux5InepGifmM0iIs9xYYKPRQ0U0fuVR5rsC0Yor7TX9AApxfB9IMCCrqJRQKpNIuon-9arBAkfr3aFO8_6VP0g
Tablet,OnePlus Pad Go 2,29999.0,5.0,73,Vijay Sales,Free next-day Delivery,https://encrypted-tbn2.gstatic.com/shopping?q=tbn:ANd9GcTmkVdzfFu-RxLVetb95jKoULBVJcXYMo4T9CreqPZE1gef8_ylr2khHh5G99qQ-Lrm9JtnFGdco4_NryNwg6CJl1o-imeMAjhP0qfJ6mc7nFhFjhde03tB8Q
Tablet,Redmi Pad SE 4G Tablet,11999.0,4.7,34,Reliance,Free Delivery by Sat,https://encrypted-tbn2.gstatic.com/shopping?q=tbn:ANd9GcQne7pLQp3LYcHvafVkvITE1Zm8Z2Z0i7e2r9NpLsnTZVP0hlfxRDdIeurFfhhj8XcaeIYS3Orl0gKqdeAjvD-h19Rh_tb9ZTTG5TG_TYQ
Tablet,Oppo Pad Air Tablet,11990.0,4.7,15,Unboxify,Free Delivery,https://encrypted-tbn3.gstatic.com/shopping?q=tbn:ANd9GcRdbtpnKtkGr0tyJexp2Y8VnLV8MO3AQQ4KIqrD75U6GtFrXUpdTLNth9VCsyOHN1OV4uVCmM0gPeLjw3MgSSsK9ZB-MNVD
Tablet,"IKALL N11 Tablet – 7 inch HD Display, Android 8.0, Quad-Core Processor, 2GB RAM, 16GB Storage & 3000mAh Battery - Black",2998.0,4.8,89,Addmecart,Free Delivery,https://encrypted-tbn1.gstatic.com/shopping?q=tbn:ANd9GcSuSXtQj-E-jpnabjPveIesDvXgmOAmvc3cRFacUJR4FO_jsZVpbwgUyQiOolRe4sAnk2tZ1i3zxIExQu2w3vy0BDux0oTHdQnHVIOEtLppjF9IY9mHewNwujY
Tablet,OnePlus Pad Lite 11 inch Wi-Fi Tablet,19999.0,4.8,89,Jiomart Electronics,Free Delivery by Wed,https://encrypted-tbn1.gstatic.com/shopping?q=tbn:ANd9GcS8PgEQNZRw_ZOD4cM2CI7_6H9wDUT_F2_SIV4hPhvO-ijafZuMP-4k-I5Gjv2GpCI8k4tS9xLu0tMUlAxrpKmxt1AXAXiWhVL6s0ESp6AMOsKOjp0f9f5z
Tablet,Moto Pad 60 Neo 11 Inch WiFi + 5G Tablet,29999.0,4.8,89,Reliance,Free Delivery by Sat,https://encrypted-tbn0.gstatic.com/shopping?q=tbn:ANd9GcRXlnnlVywKYYKwV_1Hqbicxxi7VR_XdWsWoc4PAnt1HmM9_-RCfw_CbQcMA7IyJ_Tamfr6NGBvUQlteFpyvEgHRkKSakbG6IbYMAzzwG3WQgeOAUeJ9mpN
Tablet,Samsung Galaxy Tab S10+,79999.0,5.0,1,Amazon,Free Delivery,https://encrypted-tbn3.gstatic.com/shopping?q=tbn:ANd9GcTpXhfar-wrbDsj997lOVjs7iVNBDSXyIVcfoYVGy5pMad0mbS64uJ6kc41zLMYJRLxfTrqfgrZtkWavNVDyt4JfIKKbDJc7FTz34ubUUuDpmvxTiqZNMdI
Tablet,Lenovo Tab Plus 11.5 Inch Android Tablet,23999.0,4.6,50,Amazon,Free Delivery,https://encrypted-tbn2.gstatic.com/shopping?q=tbn:ANd9GcQHPyDX0PK_C3IwrZgn3sPizXRSBoU4s0-Jijm6Qia_DUYCaDT8XhsHVvKofh1DCfsB84JBYrXSLt6IcrG-k6zNPGGmbRZblv4sjiZv39gXwXMREcFTeuU5
Tablet,Acer ICONIA Tab iM11-12M 29.08 cm 90 Hz IPS Display 2.2K resolution450 nits 8 GB RAM + 128 GB Storage 16MP Rear + 8MP Front Camera Fingerprin,21999.0,4.8,89,Acer Store - India,Free Delivery,https://encrypted-tbn0.gstatic.com/shopping?q=tbn:ANd9GcTdCWgRvzwmcP5g84RhR2lx4OnCfhK57p6bykDSuAK3yznukxLq2A-ombLq5rCidJxQapeqVt_HBr2fUjHTtedjsqXPCfxHrdw4vPh8VZaS3B2cOQFrlllPCQ
Tablet,OnePlus Pad 4 13.2 Inch Wi-Fi Android Tablet,59999.0,4.8,23,Reliance,Free Delivery by Sat,https://encrypted-tbn0.gstatic.com/shopping?q=tbn:ANd9GcQflrpdqSLgfa-4y3CGm30oxz7cgaXUSL2_qGhDysSL0hdAkrX0mQXBlz3N0SpvsIAToyM7aZe8AX-9LtHfNbcfkW42mdS4RjEHWpkrJHav7en4RkWVEOTp
Tablet,"10"" Android 15 Tablet with Case, 12GB RAM + 64GB ROM (Expand to 1TB), Quad Core Processor, 5G WiFi 6, BT5.0, 1280x800 HD Display, 6000mAh, Dual Camera",11349.0,4.8,89,Amazon,Free Delivery,https://encrypted-tbn3.gstatic.com/shopping?q=tbn:ANd9GcQfpD9JyW_ztYuWwbpDsDYEVW2RxfDYwK_tzeKjEQd4N1n8atN92bJob0o3ZkmMFWSz4L4Qe7vw6XbKSgfj3jKtnI8tVb63yp0SXbCpmqMqBO-uT1Hv2w8i
Tablet,Samsung Galaxy Tab S11 Wi-Fi Android Tablet with S Pen,96999.0,5.0,8,Samsung,Free Delivery by Sat,https://encrypted-tbn2.gstatic.com/shopping?q=tbn:ANd9GcSSf1YqO5umF3ykpMeF5oY1xYo85Do1O_cI4bo00ynqn5anvtegB2hSlVyB6gRwGl3GD4OpTj6A9ANEeXEF9ARcXMWYo6NSuA
Tablet,"Lenovo Tab 10.1"" 4G Tablet",17099.05,4.8,89,Reliance,Free Delivery by Sat,https://encrypted-tbn3.gstatic.com/shopping?q=tbn:ANd9GcQsnrFXP0dQxvzM99AUN6L6gNpEXqKeyoL8qcwh3wOZx5_6Y1RgdXfsi5kQvHE4V0lKWBuAe2vRTmxO1g8g8o11clmzD0Sg7EVWg5Vy1RDw1zIbY0JAGTpC
Tablet,"IKALL N8 Plus Tablet – 7"" WiFi Android Tablet | 2GB RAM, 16GB ROM | 2MP Rear Camera | 3000mAh Battery | Quad-Core Processor| Android 8.0 (Black)",2998.0,4.8,89,Addmecart,Free Delivery,https://encrypted-tbn2.gstatic.com/shopping?q=tbn:ANd9GcS0K-JLz44RO2aCp-chsV6Pwt7ouSDD9ofSjLKJx6JcLdn6dCGu8IMuXCudXOO8_8t4VbVVdpzMgioCYE5zMANj7lOSOMlneXlJuo8zuIwLKsU25uFV6hk0Jw
Tablet,"HNVHNV Android 15 Tablet 7 Inch Tablet, 9GB RAM 32GB ROM 1TB Expansion, Quad-core Processor, Dual Camera, 5G/2.4G WiFi, Bluetooth, Parental Control,",6634.23,4.8,89,Amazon,Free Delivery,https://encrypted-tbn3.gstatic.com/shopping?q=tbn:ANd9GcT9VXwWcEsvcNgBn7KPWYZlXjtLDyIGH16Y1PRFSCk4K_8ms1ommqRAKM7pSS3Hr8-pSW1l7LTh8W5kZ-8jB6nOwZsYZczlZEiwibzU337JmKadADYG2tvN
Tablet,Moto Pad 70 Pro Gaming Tablet,40999.0,4.8,89,Reliance,Free Delivery by Sat,https://encrypted-tbn3.gstatic.com/shopping?q=tbn:ANd9GcQSjsUKmmuWQMc0GKCBD1zhEAAsxJ052EbZDFfALnKZpr1SwvXqvIyFYSjr9xjSceiY8OJ6Qa1muo6yn5UBaREN6SuwQplWIEhSMOKc3j1LOsz-ZGYkzaazAw
Watch,GOLDENIZE Fashion Branded Men's Sport Quartz Watch Car Wheel Multicolour Dial Wheel Dial 360 Rotating Casual Fashion Stainless Steel Alloy Mens &Boy's,498.0,4.6,62,Amazon,Free Delivery,https://encrypted-tbn1.gstatic.com/shopping?q=tbn:ANd9GcSC7wJietkh854lrYzn7TSYLL4HjkDVEbBHG1jbH_01pMiINM8-XT3oD5EGnSS0tr2rG_D0ahhrObKFl6A4UlCuVQjnLV72Om9VERNRVlTgPB8S1JnWF9Jd4A
Watch,Casio Vintage Collection Digital Watch,1895.0,4.7,5300,Myntra,Free Delivery by Tue,https://encrypted-tbn2.gstatic.com/shopping?q=tbn:ANd9GcS7eVg-IesFfYAm0v32muDaKrcsASSeF5ZCcaJE_cHyCMUjVM4hVW0te524PrGTvsbyGJqWNcADiiXb7SQQTkCZcEWEczTfRTryLReLbG2N2jP-KrHDIwAq
Watch,Men Sylvi Timegrapher Black,1779.0,4.6,62,Sylvi,Free Delivery,https://encrypted-tbn0.gstatic.com/shopping?q=tbn:ANd9GcQ9EEdWoBQm0DpH3cwgG_0NqQiupcxPPc2fZYnh2_RUkF01iY1dVzEHP7sskNyspJ12Pga8NhuqSbRVJh5Nn32T1l43E9B139U77Mq8krXnwBWKQcI2fmP--w
Watch,Titan Karishma Analog Black Dial Men's Watch,1966.0,4.6,62,Amazon,Free Delivery,https://encrypted-tbn1.gstatic.com/shopping?q=tbn:ANd9GcQX9wJL14Buk1D-rk-ZVqdNVd6BkEe1UQWGD33_Ccct0ge__WsRXWDc4wCRqXCY1DbHGvZ_JFZw0vRHPJ5jYA0fFZAqj7FTnRI_mGCMWPrTNol5-eBhCCn3
Watch,boAt Storm Infinity 1.83 inch HD Display,1499.0,4.6,29,Vijay Sales,Free next-day Delivery,https://encrypted-tbn1.gstatic.com/shopping?q=tbn:ANd9GcRLCH39GCJW9J9WBfkE8p1qLZknDfe6lTftj2ZlhQyKcra3WwmYEmK1hRpHi9SHBl4PwLuO73E6JN_BWfTOs1uuON4YZJM_kguWaW-TDw6Z-X-EKkd04Dme
Watch,Casio D002 Vintage Series Digital Watch,1295.0,4.8,4600,Amazon,Free Delivery,https://encrypted-tbn3.gstatic.com/shopping?q=tbn:ANd9GcQNW4g02zO2qH1uR76lVvcXxJ1aLOVSBI2MIBGDdLPsDHMtTjiBibH_P3bRWXZXrBrY4Z_AgarheYYpOBWfwy3LLj4AeqRxPUUxU1GJjrYSau-qFVFCCvNt
Watch,Sylvi Iconic Branded Men's Watches,1549.0,4.6,62,Sylvi,Free Delivery,https://encrypted-tbn1.gstatic.com/shopping?q=tbn:ANd9GcRoaK-E40jcpJsahhIaTzAFrVzCTnS1zaJWZgmY1TzORLZzqzkIOrujtRkNyOH7IkSydASgISN2vXaG6TTmuPKby6lTz_L6bztwRNQPcCObNJ4g_Ay3lrfyZA
Watch,Fastrack Unisex Fastfit Quartz Analog Watch,995.0,4.1,46,Fastrack.In,Free Delivery,https://encrypted-tbn0.gstatic.com/shopping?q=tbn:ANd9GcQ_pBgeuBgAPU0D1xRfM1iQrmFXq9sswYDBs3R_3N3WGmnIxo4wTyGEMuPlX1YLqABdAD0ChQ6nv731hFiWTf_3GPpKvJ26l7DTGH9mbUAOWazuJrqWqTOhAg
Watch,Shocknshop Digital Sports Stylish Multifunctional Electronic LED Black Dial Wrist Watch,499.0,4.6,62,Amazon,Free Delivery,https://encrypted-tbn1.gstatic.com/shopping?q=tbn:ANd9GcRfVdn-W-w9nCGyus4JeUaWwgCKIadD4SIS0JwNBsm9B33RM54pGKvR2sBpLIPFoVggj3VEKzuXUylxbo4_BBu9pXJczAR4eOsoATdy1Nw
Watch,Movado Men's Bold Chronograph Watch,90000.0,4.6,62,Helios - The Watch Store,Free Delivery,https://encrypted-tbn0.gstatic.com/shopping?q=tbn:ANd9GcRwYtbOpFObjfluLb4zVtOHNYNIp6rxFCd9tznApRj28e5tCD7vvQn8ZKPblEcFSkb6PlLgrv0rduMsZcKKaAYSEhQQt8xmS6Hf01sGOC-fi3wUDzcLjezpbA
Watch,Noise ColorFit Pulse 4 Max Smart Watch,2499.0,4.8,49,Noise,Free Delivery,https://encrypted-tbn0.gstatic.com/shopping?q=tbn:ANd9GcSkzUUogSHHdRF9HHD_kbRKA4fcEpL5Ysy7NpWOciN1LLPzxqDURmJHoiuV0rN51CPDf01NNiH85ySyaVcUvyNn1FdittPz1RmGlNVNE6ckxd_YZBRNH74w
Watch,Timex Men's Analog Watch,1048.66,4.6,62,Amazon,Free Delivery,https://encrypted-tbn1.gstatic.com/shopping?q=tbn:ANd9GcSfbP9zm96KOUzELqhn7rFDtsuncO4z1wRcfpRW1Ppcc8AaLT7WwiQsJ13x8yC6abI1UdigEGt8dbMXWhcX8w579CWMsp56-TPa4dzN6RSdqfZPY9rVFW2Z
Watch,Boys Sylvi Bolt Silver Black Digital Watch,1249.0,4.6,62,Sylvi,Free Delivery,https://encrypted-tbn0.gstatic.com/shopping?q=tbn:ANd9GcT7VOv98AEiEMsbDr-AAolMJIiBC6jifISt_zFxKXfGZ5FdgYffHJrH5FJh39G_QnPRxp09SJBHlel0PZPuS_cUHq0qArDuOGsELg7M_6h3iVRo3AcBLL8SoA
Watch,Jaipur Watch Company Roman Baagh Steel Watch,60000.0,4.6,62,Jaipur Watch,Free Delivery,https://encrypted-tbn2.gstatic.com/shopping?q=tbn:ANd9GcTvnT1LeipvcIpx6Yj44MCRN00VbylYnVKDEpE6rHVZquomOHLCFx63FmWdFUQdlHGiWgMNb9Czi2BELdE1ZGqLjt78GixhIa7uUbmgeCAn7pm4eEynwGWbuA
Watch,Matrix Dial Day & Date Functioning Strap Analog Watch,295.0,4.6,62,Amazon,Free Delivery,https://encrypted-tbn1.gstatic.com/shopping?q=tbn:ANd9GcRChU4ERtu8-gN5Kg3Z4XqLiRgUDxNzniwwjbTZCLzOGVVQCebd9A6QNaUjL8LV7wfAZYhoY2_fYjpRNuikz5T7x7tjbLKhsS5-44JdrQi13OW66evyqEAd
Watch,Fossil Grant Blue Chronograph Men Watch,14495.0,4.4,21,Tata Cliq Luxury,Free Delivery,https://encrypted-tbn3.gstatic.com/shopping?q=tbn:ANd9GcT8WUOB_lswgBWNXSDjufYadKOXKfRu7zdpGubiujqC8gH03stW8xEAvor31tkrvyI8dAgDK75dYYP6tvhcT5ync6J8TTDEwYtkWG5UcPypEPiIVgL-sPaK
Watch,Titan Karishma Zing Quartz Analog Green Dial Strap Watch,1945.0,4.4,297,Myntra,Free Delivery by Tue,https://encrypted-tbn3.gstatic.com/shopping?q=tbn:ANd9GcT-ctQcq-6N8stbrsOceRTrbJ3yldwWf4mHRAuzSHIlg86eKubxL9NmjwkmKiNkTm8pAsToyJNDDCmVmdy25UbxhkU_o-Un3Nd7bU6PKA3edM-BrH3AME_4CxY
Watch,SWADESI Men's Date Display Wrist Analogue Watch,449.0,4.6,62,Amazon,Free Delivery,https://encrypted-tbn2.gstatic.com/shopping?q=tbn:ANd9GcTTvDozR4LFeavvmuQdGr8C1xRRHlCn3DjjbXg-PKAg1TZ_mzq1HVh_swLqmozPJLzSGhVoWvCTrAWOJeT9s6uXzsv3uO9EnBU0gWN1itCvnj-E6MId61Lq
Watch,CMF by Nothing Watch Pro Smartwatch,4319.0,4.4,57,Zepto,Free 10 min Delivery,https://encrypted-tbn2.gstatic.com/shopping?q=tbn:ANd9GcRNe-HX1Xw8c1GpGjNxxHiO67PMN777UHt6dTM3ExynHw8Xq0bI67qKXcKnhpSrLebcUtee-_fGj_wyFDkstBDXXFJiYxiU-Mvne5wQ8ACwdqF0tKjKmgVqMKs
Watch,Apple Watch SE 3 GPS 40mm Starlight Aluminium Case with Sport Band,25900.0,4.8,3400,Apple,Free Delivery,https://encrypted-tbn0.gstatic.com/shopping?q=tbn:ANd9GcTYjwvXfAudtsfALCSGXszuXWfvsHFEuHHP-v1ZA4y6Tymuxc8wOZIm77-dYWj3MyAvmk_uoeqU-BCG3fkuzJhfpv2oC0Jg-_5lh7TID7wjNhIOK9LxznTX10Mr
Watch,Sonata Men's Analog White Dial Watch,699.0,4.4,41,Amazon,Free Delivery,https://encrypted-tbn1.gstatic.com/shopping?q=tbn:ANd9GcStJAkExXyzZAgVRU9E-gfzvqPo_6CdZeYASS4NOSWWwFZZlKwqGfOg_4GZuSgT4qoj3twaiIs-VakrRJb6MtvVGMVxERiZGVluLKyfpeuWUseDqmPNUSwn
Watch,NoiseFit Halo Smartwatch,2999.0,4.9,195,Noise,Free Delivery,https://encrypted-tbn1.gstatic.com/shopping?q=tbn:ANd9GcRqRFe-TiNvWNPYhS_eUlPkag-BGg0Sx8_1Us39sumL_AvL6_8SP6JVcXbRJs94HJwDz7-OYBzWwBTWaOyws33IElkqloa9QA
Watch,Samsung Galaxy Watch8 Classic,27599.0,4.6,8500,Reliance,Free Delivery by Sat,https://encrypted-tbn1.gstatic.com/shopping?q=tbn:ANd9GcQxkVO_QL4YhrHTW_l3cB_DCJoUQJZVIIZW7cbLxGtdu9E9Vm6pVrEuTGHhKYVs3nHlCA4sZz2F4JwliF9xB7JEYO0zj__jpe8y5kJqeRzsApIeGOplhuWLIg
Watch,Fossil Townsman Automatic Men,21994.0,5.0,4,Amazon,Free Delivery,https://encrypted-tbn1.gstatic.com/shopping?q=tbn:ANd9GcRRYc1aAiNMgQYWnRS1MBzmjdTo9C3cmXR_JndIs-Blni2QWmNy7GSKsxXoMy6fQRgLBppkqP2L2ndNLCjIVpH0BdQkU1En0GfL3aImMkaajZI9ULWL2CBk
Watch,Sylvi Imperial Analog Watch,1849.0,4.6,62,Sylvi,Free Delivery,https://encrypted-tbn0.gstatic.com/shopping?q=tbn:ANd9GcThFsVg_LbKR94EVbhn5FrMDpaL0hmRNvcSroI04MlHzrGXXSONDYXa6JID76YtEkcAcMRyJyQz-FUNj23MK49AzTFlfprHnDFvee38Xqwsa05zcqUZuWV2
Watch,Jaipur Watch Company The Rare Earth Jump Hour Watch,55000.0,4.6,62,Jaipur Watch,Free Delivery,https://encrypted-tbn2.gstatic.com/shopping?q=tbn:ANd9GcSsCS8eZrgYyCqssCDTeh7IUDKaGplxsQ2J_5rNaoQ_TM7Ylm4iQmtyzOLp_Ad0kzegEvwUxjUZojrljGSCwv6JyXzFqrVYV20KXQYiKrINHLHsR5sPlv-XAw
Watch,"AMERICANVIBER Modern Analog Watch, Silver and Black Two-Tone Stainless Steel Band, Octagonal Case, White Dial for Men",439.0,4.6,62,Amazon,Free Delivery,https://encrypted-tbn1.gstatic.com/shopping?q=tbn:ANd9GcRRL9W4VfbMzhfLoxPqnbTiPoth0SJwEk6dpMyFUk_MAqgpXKqyVKoVLGESYbWSQRea91IsC5Mixmg2FDUZDUjQN0WWSOXKOCGsVoVYcsWgZ17CWEL5OdVx
Watch,Casio B640WC-5ADF Vintage Unisex Digital Watch,5995.0,4.8,4500,Lifestylestores.Com,Free Delivery,https://encrypted-tbn0.gstatic.com/shopping?q=tbn:ANd9GcS08HDCMuKOvcl720GIkdWgRHgUOcJsQ5wfGXDEtRH0RersDn4zyNXje8O4WKfUS0bk33FBzoRWGaFPexld4vSJgatB0a0tJR1d6o75__Qjg5Fp-HqjCeawDg
Watch,Noise Twist Go Smartwatch,1899.0,4.6,219,Noise,Free Delivery,https://encrypted-tbn3.gstatic.com/shopping?q=tbn:ANd9GcSh0IQVmssQbguiv2510izrXCGAsneMC0sCk9verXoEGVsv4StJL__UdvKzD8rbryOnzPZ6HGYf1jutVJ7L2pNOD-c-IqxaAQ
Watch,Men's Analog Slim Two Hands Leather Strap Watches,288.0,4.6,62,Amazon,Free Delivery,https://encrypted-tbn0.gstatic.com/shopping?q=tbn:ANd9GcTWZqc6n4wvGxlg4-wAyhNxApXRbGSmVyO3dGlLpRSyqUHnMUov6GPLjaqnDzsik7qAfla-CYgk2L4mgcf5f0CUW_bDM6xBFjolxq-ZI1NQorGK9ktUQJv9KA
Watch,Timex Men's Green Round Dial Analog Watch,1397.0,4.8,6,Tata Cliq Fashion,"Free Delivery on ₹1,499+",https://encrypted-tbn1.gstatic.com/shopping?q=tbn:ANd9GcRPD9rj82dfY4yqd4DHi4DOLN-6k45Ol1mn5-h2eYyMuo7sShPk3iLmz3q2_N2-F1wjF_GxOz6Zq08321IDPP5Qz_L4mnrOTw
Watch,Sylvi Iconic Coffee Analog Digital Watch,1549.0,4.6,62,Sylvi,Free Delivery,https://encrypted-tbn3.gstatic.com/shopping?q=tbn:ANd9GcQ7G8lyxBhBpDHEfPOtAaVGA0ylMpCFwTMuAkWbXfgaYiTo1SP4-SuK3VLnMoM2SMLkjr9XZReir2-CJGjVj9VUaEqxm8alZ85vJe41iYt1-_NVCWckriygZA
Watch,Unisex Multifunction Digital Watch,599.0,4.6,62,Amazon,Free Delivery,https://encrypted-tbn3.gstatic.com/shopping?q=tbn:ANd9GcRWuG3OWsfuRJ4hYw6LiTxtrILtFchM05s34DUhj3TQpcDriuCaBUKGhXMfUAb_aLHnIEHf562VkietdGpnCHTON6PnsI2x-my5fUEhn6OBiUREkWUH59NH8Q
Watch,Noise ColorFit Icon 4 Smart Watch,2099.0,4.3,115,Reliance,Free Delivery by Sat,https://encrypted-tbn3.gstatic.com/shopping?q=tbn:ANd9GcRg7K6dALUTo4jdSqToav199LWqT3Me-CCkNPhnInZmpuVfjJ7mwDDk5BvXJqwntPcfDEzXzOQ-EMRYXm16Mcw4IW1jYrRnmpUW5IGrgu3JudrhXC4YUxn4
Watch,Fastrack Jupiter S3 Smartwatch,1439.0,4.6,5,Fastrack.In,Free Delivery,https://encrypted-tbn0.gstatic.com/shopping?q=tbn:ANd9GcSgi1-d-vIY_teRXFjEAd-ct9r3IWrf9HF-VTL5PKcQW3n-E8KLTBA0hZvSjwidOGF9Q6YHEL-jNQ03KhP7sBGoAPHXKGOCOAYwGrUYQLhOmaG1nGJPzm-4yQ
Watch,Daniel Hechter Men Paris Auber Black Dial Analog Watch,1953.0,4.6,62,Amazon,Free Delivery,https://encrypted-tbn3.gstatic.com/shopping?q=tbn:ANd9GcQrSLnTkODLY-DF2YeNi1b1Bdia1WwRcyRQdqVmYDQFjUVlAOe69pyknihdI012zYUaOhLzYqk9pjwZyK2Kr3pWiclvc0qYadQaFqsKTmI8qKyBg1yXXNNY6g
Watch,Tissot Everytime Swiss Quartz Analog Watch,34500.0,4.8,69,Tissot Official Store,Free Delivery,https://encrypted-tbn2.gstatic.com/shopping?q=tbn:ANd9GcSynKY3taEhvOdYLm7gPta9mvs-EX3fV9lezqQ3peNBnM-I_OzLZUnOXXVatThySttb2wZIklywPhnUGxTInTBlikoGLK2EGKmTQxqyIH-y174MgX7t8W-6gA
Watch,Stuhrling Original ST868 44mm Quartz Watch,72300.0,4.6,62,Stührling,Free Delivery,https://encrypted-tbn2.gstatic.com/shopping?q=tbn:ANd9GcRkRGD_6g2G6yT-monJ2wfVxJD_KO4Wp3vOddMid0teIP6UfAgMhs8edNCYnDY0GWVGpqgXUo8UJIHHfNkGulhtqy7W9gw0ra67AHyhdTsqpr0_PhBpHPlJvQ
Watch,"Forest Luxury Gold-Tone Dial Wrist Watches, Vintage Carved Pattern Band, Quartz Movement for Men",1999.0,4.6,62,Amazon,Free Delivery,https://encrypted-tbn2.gstatic.com/shopping?q=tbn:ANd9GcSjwBMVNlHvyB2dLUuaE9HEFOD9eNq-fCA0u5wIpBw51GKsf8vyByHNoF-WlUa8IrUHec3EAJ5CTQctLrdFCNkKcDHi0XQ6GGkNxxwy2K3H
Watch,Sylvi Urbane Silver Watch,1719.0,4.6,62,Sylvi,Free Delivery,https://encrypted-tbn2.gstatic.com/shopping?q=tbn:ANd9GcQp8Y4mHd9-xGpXfp5Bg1nMB3sFIDIiSZ-9pfBrDfYcLUG6sKO6jF4NNdiOiaDA0msV1s53MXbDuD9FJEK7Tu5hRxQfb_Th7O5xmKC9oM-0lqbiDmbFq84d
Watch,Casio Vintage Collection Digital Watch,1893.0,4.7,5300,Flipkart,Free Delivery,https://encrypted-tbn3.gstatic.com/shopping?q=tbn:ANd9GcTvUh8Gix20Hygxpj-ZMTza7uTZ4FGH3CYyoD0QAO-yYww0SWysZkg7qXLNDeM0Xgw6d0YhxFT0_FZ7fiUE0-16BneM1WEcb_glv_a1gN1mSHMHOMVkedEx3A
Watch,Matrix Arabian Aura Dial Analog Watch,315.0,4.6,62,Amazon,Free Delivery,https://encrypted-tbn0.gstatic.com/shopping?q=tbn:ANd9GcS05LOMyvcYxx2iiytQcv0UZFyn819-RZQzrRmrW9vN-v1UIP3GdQYfhCyXa9pUGHwM_BoGI4vSp06tCakU56-BYaw6ECJJVza7toRHm4oJdXQ9izrbZJQfMw
Watch,Lois Caron Trending Day & Date Series Green Dial Wrist Watch,283.0,4.6,62,Flipkart,Free Delivery by Tue,https://encrypted-tbn2.gstatic.com/shopping?q=tbn:ANd9GcTmIUzlQfzlbyAlcaRPsmarzg_4D5xCtHzLp4TDwgXKBUkjRKiOMJVQ0Poxl7Ug6ZSgpaq_ESpEverVpAVgoJ5cx0AgprQtB09jgogshjwp-P5NQDYNmEWIJA
Watch,Men Sylvi Timegrapher Black,1729.0,4.6,62,Sylvi,Free Delivery,https://encrypted-tbn3.gstatic.com/shopping?q=tbn:ANd9GcTbFxv0usbaHKwrK5_AYGmblCCPipV385kKXmRVgXfXKWeCAkTNH4QO3yuduBODy_6hP4mY-nXhCvcx8rXCA9QYowfsJM5qIsr2D0A6iYV-r_RNKI8dzqWmfQ
Watch,AMERICANVIBER Affordable Men’s Wrist Watch Under 499 |Men Watch | Classic Round Dial | Quartz Movement | Stainless Steel Belt | Lightweight & Durable,444.0,4.6,62,Amazon,Free Delivery,https://encrypted-tbn1.gstatic.com/shopping?q=tbn:ANd9GcSfsJTJDVN7Asghh4pQOHkbN5X25zPydd9orBMRU-Qn31lAfaEJUyHdeTRATwjxpc_y2Kz4y4vn6cd1TX5ciwKoXzriUkFFT6m6b8P1qHhSd9un9ndFUGOPNxc
Watch,Fastrack Astor FR2 Pro Smart Watch,2799.0,4.7,56,Fastrack.In,Free Delivery,https://encrypted-tbn2.gstatic.com/shopping?q=tbn:ANd9GcTNypLzg50KJkXnHVHIYEfZjyNvQD8MoWMY9R1Mjdbaw7eQW8yfO5jOsxZU-Q5OZ8PK9ZcSWzed17Zt7bVnbClr8T0E_ZE1gBxIexjz0OhT28dQv4zyjF-zRA
Watch,Rocsil Analog Watch,220.0,4.6,62,Flipkart,Free Delivery by Wed,https://encrypted-tbn1.gstatic.com/shopping?q=tbn:ANd9GcTdht9YzI1Ncld8lWIYquR67wRISI5eHwHBd5p8pHlay4hwb_Z4s3AsNJauLfx1kDB-rCin8v2XrV2Chp9UWJlzO2tv51oKR67g6fUT58A3PsDL7wQrRAcbyg
Watch,Sylvi Urbane Silver Watch,2449.0,4.6,62,Sylvi,Free Delivery,https://encrypted-tbn1.gstatic.com/shopping?q=tbn:ANd9GcSPUlgw39dI2Gxz6wiCfRoGNhAMUR353EWiSaE3S_BMpqA_F1Cev8JGPAiMZg-nFD3tBsSTWCeqfLYJkNm_9dUcaKnBsjJgWuiohwR2ckVSBC30Fvy64otU0A
Watch,Casio Men's AE1200WH Digital Watch,899.0,4.5,718,Amazon,Free Delivery,https://encrypted-tbn3.gstatic.com/shopping?q=tbn:ANd9GcTymTyV6W_nGm_e7Wc6ntTJvpRw7n4YsjHKlyZ8mCvyl5imZcUUqnu8HIM6_kYO95aPUvVg0lxCVna51wW6dlpgwRYXyoWWWDfdxFszT5re82i3bP8hswjc
Watch,boAt Storm Call 4 Smartwatch,1599.0,4.5,2,Boat,Free Delivery,https://encrypted-tbn1.gstatic.com/shopping?q=tbn:ANd9GcTPXtMo_9Mb9yXSpeiIOIhIILvdRU4CeA3G25k69CLRF56Lu3CLMiaYJ-CnH3T9t78-8rMd4CyoKiypQj_p3tYng_d-ijeEmiKplwSblAZgLgYP-3gDRLQJjA
Watch,Praizy Analog Watch - For Men,239.0,4.6,62,Flipkart,Free Delivery by Tue,https://encrypted-tbn1.gstatic.com/shopping?q=tbn:ANd9GcSKvYxZhEgrxEfv-JU7xrmNlS8ct2jjwCWNdg36znRAzlwxg5Z8wK39qTAQs-EG5MEsbUAQ8PF8INVlQ_izo_814gUL1LbXXc0C3iKJdcFDUnYG4oHmcutI
Watch,Oculus Men's Aura Charcoal Minimalist Octagonal Dial Wrist Watch,299.0,4.6,62,Amazon,Free Delivery,https://encrypted-tbn3.gstatic.com/shopping?q=tbn:ANd9GcT2VPitmZSCwLyvaIeRM-EoN0ovN9NG7Z2UY8Wm4VB7p-7h8Z_ZUgFBCLke8lIHgKhDiOEsSJDzWWfZNWGXAOVmrAUxHOqmw4c_bzBdC5veUj44Os3KOM_H
Watch,Titan Men's Multifunction Blue Dial Strap Watch,5435.0,4.4,360,Titan.Co.In,Free Delivery,https://encrypted-tbn1.gstatic.com/shopping?q=tbn:ANd9GcRySfvUDuIWvUF3cBdo_Ua1xvViyGHWv_d4zbMB_zK73gTVFWCadokqpmoj-bIGOXRQn46VNWKtSh8aXhW27RD2hTQgidPdBPdOJ-XIV8CVfaX2zaEp75O9
Watch,Guess Square 40mm Blue Dial Analog Men Watch,16995.0,4.6,62,Just In Time,Free Delivery,https://encrypted-tbn1.gstatic.com/shopping?q=tbn:ANd9GcS2JuZ4oaISICU-Zkm4MuoMdfLKxhicoozYKP-gth4dJyPicZWpxr1bgmevEnoy6ULP4ICvqqhn1W4BzF8QoY0JFAsvl7WW-fCSRDQsQ2x7dfBU_mPhgyAlGOoo
Watch,Fossil Blue Dial Men's Watch FS5237,9096.0,4.6,274,Amazon,Free Delivery,https://encrypted-tbn0.gstatic.com/shopping?q=tbn:ANd9GcTSQ8_ob3RaZ6yosgt7m_aJ08k91uWGdM4Ni_HwoA94jDEOYyfx5Y-Pv8gOdg4oaBPUoVlxA82MqPQshWB00M3s7Ba6L2gQ75MyfJekS-z8ig99vNIljUYK
Watch,boAt Wave Call 3 Smartwatch,1399.0,4.6,62,Amazon,Free Delivery,https://encrypted-tbn0.gstatic.com/shopping?q=tbn:ANd9GcSduqt853HYdSbfshqIZZRWBThzNXKK714IR-hH60H8OiXtf7yAoRm23jMtYbQ_eo2k35LG8zg-CpMAt8_k9RDI1LH0t1mRkzxtXBzdpJxDWapMK54NYYfelQ
Watch,Redmi Watch 5 Active,2999.0,4.8,9800,Mi.com,Free Delivery,https://encrypted-tbn1.gstatic.com/shopping?q=tbn:ANd9GcTZeZ6IIww-DVPiMPg4Vt7ujwXot6nKGCSmudSgIuwgPW8Jg_Z-W5_E2Tgws0ONohuo7g--0ZV69o3FIfbg2moOv2GtXY9rbNrqreZVqiwmh3miwrRN-y0J
Watch,Casio B640WC-5ADF Vintage Unisex Digital Watch,5995.0,4.8,4500,Luxe.Ajio.Com,Free Delivery,https://encrypted-tbn2.gstatic.com/shopping?q=tbn:ANd9GcSKcgx4uJWkfgR89QDAJ_bp6HItqKXW_p5foHGk7sFrg4iLSAhU5LCR4l8DBa6N_O0RkOcIHp6kaLOXW5VKDImPBN2LyRJcQjhF-qKOMXtaGtZfFwKsY8l_eP8
Watch,"AMERICANVIBER Glossy Stainless Steel Analogue Watch for Men | Black Dial, Date Function & Adjustable Lock | Premium Watches Under 499",428.0,4.6,62,Amazon,Free Delivery,https://encrypted-tbn0.gstatic.com/shopping?q=tbn:ANd9GcTvNbEeTramJkTsG8OexuxilkJYMGgQYU9N2rFyFU5UTWMq2vzE8xI8BgiDpz9PVkYm1nCtXEC6V6NrJUtCvBiqMJuIrIwNA86TkJyHt-Nd9H8baL0whNla
Watch,Luminex Men's Luxury Diamond Style Quartz Watch,1998.0,4.6,62,Amazon,Free Delivery,https://encrypted-tbn0.gstatic.com/shopping?q=tbn:ANd9GcS-CYboDUh7wJ9Grnyf3C4daKULkWQBFeFp0njXsoW04JaG_nv4tzsPBAYGtuq_s15dEcnYk_zCrIsWjQASVtY79t_-kalxGoSbFUGXyxM2TMTSiC687o-rVw
Watch,Aston Martin Luxury Men Black AML THRILL,26995.0,4.6,62,Tata Cliq Fashion,Free next-day Delivery,https://encrypted-tbn2.gstatic.com/shopping?q=tbn:ANd9GcSoWER35hh4tJnqx-ilGX3OE95tBcLPg4XNyFbysFj1ZjaXhKC27j7l3WTMxtm4JrMwRNKfh8DWoeygmKxHYG3Cff6HJNMP
Watch,Fastrack Men's Analog Watch,1495.0,4.6,501,Fastrack.In,Free Delivery,https://encrypted-tbn0.gstatic.com/shopping?q=tbn:ANd9GcRiKOmUin-dBhEoph27rQr8Lvqq9IbeKWUB9k9AcKbICE7Pjp9amWoQGFLf3_NhZICD1vpksib0LMVkMao9alE5koL34iHEk9A9uN7pGX-Ge5fsv1VYOxPT
Watch,Matrix Minimalist Dial Analog Wrist Watch,275.0,4.6,62,Amazon,Free Delivery,https://encrypted-tbn3.gstatic.com/shopping?q=tbn:ANd9GcThSLgY7NCg9YSNawufvF3a4_i0OkMOrQSo-fzTii91cbZ7Sr3lTNUttSlRX8z_AnH3ep83HkKoFaB3TIB82SfsqikNroe0TD0gZQUULIBGyKqAwHBBfDqq
Watch,Titan Heritage Premium Smartwatch,9000.0,3.8,12,Titan.Co.In,Free Delivery,https://encrypted-tbn0.gstatic.com/shopping?q=tbn:ANd9GcTwc4CqSokUJ6u1m3CD4b-KGnOvM__CJaA2X0aStcOmZPIanN5HuAZhhwaJVsxwfPDzoQ3u7ySgzZh3sNO8NP5M3vVQVEa09PF7plFL0uHSbNUngUnE606y
Watch,Men's Personalized Photo Print Dial Wrist Watch,657.06,4.6,62,Amazon,Free Delivery,https://encrypted-tbn2.gstatic.com/shopping?q=tbn:ANd9GcSW819wyj1Yh7lFpM-0NSk3fok5fgcUDY-FSCTcFNp2IvNNnmJcxE5pjzQis7IoVvz8VM8a9sq5yyL4ab9rrx2GBoAbfQ8fBnd7v39VYE_2DltbXZ8PwwFb
Watch,Sylvi Ocean-Y Premium Watch,1869.0,4.6,62,Sylvi,Free Delivery,https://encrypted-tbn3.gstatic.com/shopping?q=tbn:ANd9GcQUi9SkXZPl9Y09dl00qdi286neDk6wHnihjoNldeuEzPQBX7S2vR5N5SUaU4iu0wlPJqLMd1E7uN-C2_diScJJWHCpof0CXmPhxM1cuGOzZuDrvw-gwlUY
Watch,Men Praizy Analog Watch,280.0,4.6,62,Flipkart,Free Delivery by Tue,https://encrypted-tbn1.gstatic.com/shopping?q=tbn:ANd9GcSuqYOsFUAqE6BIoy7hE_jwSuqey-KBP0DwpqmgeuWcixsT-cEHGQgB5qGKcbaqYsM80MSVBqCFJk5DzprLNw-t-JlhoKjk-VgDsXemjXZFzgLa2EnjAh3N4A
Watch,boAt Valour Watch 1 GPS AMOLED Smartwatch,5999.0,5.0,2,Boat,Free Delivery,https://encrypted-tbn3.gstatic.com/shopping?q=tbn:ANd9GcQlFFn_XprZ4UNDWjWQMlkOMwx4C4L7kyU996qkN8J3s1COTCEDavDXAo89yXsvIrU2dDXsk4uJZt19Bbbgx2l4Hs4aDdpChLZCv-CR4tudARNACUohW2-Ubg
Watch,OLEVS Watches for Men Chronograph Business Wrist Watches Analog Quartz Moon Phase Stainless Steel Waterproof Luminous Dress Watches,3419.0,4.6,62,Amazon,Free Delivery,https://encrypted-tbn1.gstatic.com/shopping?q=tbn:ANd9GcRR3TqLSIQShaEywOKtez4Sa946xq96bfAH7SMZ_BI5zqWUxjWYVl08LIwsIxaO8HitGbXW0cQs-VEYkegR3ByD4R5FD4D9ElOEXTapcdYpHy_GtSSv3J8oXQ
Watch,Fastrack Unisex Analog Strap Watch,855.0,4.0,64,Fastrack.In,Free Delivery,https://encrypted-tbn3.gstatic.com/shopping?q=tbn:ANd9GcQPNpAzaumTJF5peFvi1aAwyT96ClwDuklnC5gi5z2lVnkZya6C8XbF5i_mGuKZRHMoBM-zaegkXpZxY4QAAFFAvNIbwWoYouNY4Ydsx1Fegy3SSq4ZIlWY
Watch,Women Salty Green Forest Dial Watch,1149.0,4.8,8,Salty,Free Delivery,https://encrypted-tbn2.gstatic.com/shopping?q=tbn:ANd9GcRhySGtTNup7rw9JFC4kxIBWQ5LMuiFg8cZ9CVgzVfXygwXnlGly_fmXzqmxxtr8b06BtwSA2CWf6ohUJYd7e1A6frkOdmCyzZGAOeZ0wHJ
Watch,Noise ColorFit Pro 6 Max,5399.0,4.6,59,Noise,Free Delivery,https://encrypted-tbn3.gstatic.com/shopping?q=tbn:ANd9GcTzcJc0Q7LdR5q6uy6T_SmDih7_WFOknrGZZTcibcFrvMdfQ_W0k9SDQZi599mRWHmKXOCroQb2WcX4Y82YU7rWaLE-DrpmCcL3RTg030Y0vZCt0uqme8C_
