keyword,title,price,rating,reviews,platform,delivery
Smart Phone,Vivo Y31 5G Mobile Phone,27999.0,4.6,89,Croma,Free Delivery
Smart Phone,OnePlus N6 5G Smartphone,26999.0,4.7,144,Amazon,Free Delivery
Smart Phone,Apple iPhone 17 Pro,134900.0,4.6,11000,Apple,Free Delivery
Smart Phone,Samsung Galaxy S25 Ultra 5G,129999.0,4.8,1,Samsung,Free Delivery by Sat
Smart Phone,Google Pixel 7a 5G Smartphone,28499.0,4.8,80,Amazon,Free Delivery
Smart Phone,Redmi 14c 5g,10894.0,4.7,324,Tata Neu,Free Delivery by Sat
Smart Phone,Motorola G06 Power 4GB 64GB Tapestry Mobile Phone,12990.0,4.4,264,Amazon,Free Delivery
Smart Phone,Google Pixel 10 5G,74999.0,5.0,3,Google Store,Free Delivery
Smart Phone,Nothing Phone,31999.0,4.8,234,Cainid.In,Free Delivery
Smart Phone,Tecno POP X 5G Fast Charger,15999.0,4.7,144,Amazon,Free Delivery
Smart Phone,Samsung Galaxy A17 5G Smartphone,18999.0,4.4,11000,Samsung,Free Delivery by Sat
Smart Phone,Realme 16 Pro 5G,42999.0,4.9,767,Croma,Free Delivery
Smart Phone,iQOO Z10 Lite 5G,16999.0,4.8,57,Amazon,Free Delivery
Smart Phone,Redmi 15 5G,18699.0,4.7,144,Zepto,Free next-day Delivery
Smart Phone,Apple iPhone 17 256GB Black,82900.0,4.8,53,Apple,Free Delivery
Smart Phone,LAVA Bold N2 Lite Android Mobile,8999.0,4.7,144,Amazon,Free Delivery
Smart Phone,Redmi Note 15 SE 5G Smartphone,23999.0,4.7,144,Mi.com,Free Delivery
Smart Phone,Nothing Phone Pro 5G,49999.0,4.8,128,Reliance,Free Delivery by Sat
Smart Phone,Oppo Reno14 5G,39900.0,5.0,15,Amazon,Free Delivery
Smart Phone,Samsung Galaxy A06 5G,15499.0,4.8,7400,Samsung,Free Delivery by Sat
Smart Phone,Apple iPhone 16,69900.0,4.5,12000,Apple,Free Delivery
Smart Phone,Realme Narzo 80 Lite Battery,12999.0,4.7,144,Amazon,Free Delivery
Smart Phone,Google Pixel 10a 5G,55999.0,4.6,1300,Google Store,Free Delivery
Smart Phone,Nothing Phone 4b 5G,34999.0,4.7,144,Vijay Sales,Free next-day Delivery
Smart Phone,Google Pixel 9a 5G Smartphone,48650.0,5.0,3,Amazon,Free Delivery
Smart Phone,Vivo Y21 5G Mobile Phone,23999.0,4.9,161,Darling Retail,Free Delivery
Smart Phone,Samsung Galaxy A27 5G Smartphone,31999.0,4.7,1100,Samsung,Free Delivery by Sat
Smart Phone,Motorola G06 Power 64GB Pantone Laurel Oak,13749.0,5.0,2,Amazon,Free Delivery
Smart Phone,Samsung Galaxy M36 5G Smartphone,21999.0,3.6,45,Reliance,Free Delivery by Sat
Smart Phone,Redmi A7 Sky Blue 3GB RAM 64GB Storage,12499.0,4.7,144,Amazon,Free Delivery
Smart Phone,Realme 15x 5G,25999.0,4.0,1,Croma,Free Delivery
Smart Phone,Samsung Galaxy M17e 5G Smartphone,15499.0,4.2,15,Samsung,Free Delivery by Sat
Smart Phone,"PEACE NOVA 16 Pro 4G Smartphone with 6.56-inch Display, Android 14, 4GB RAM, 64GB Storage, 20MP Camera, 5000mAh Battery (Silver)",9999.0,4.7,144,Amazon,Free Delivery
Smart Phone,Nothing Phone Lite 5G,27999.0,4.0,2,Vijay Sales,Free next-day Delivery
Smart Phone,Motorola G57 Power 128GB Advanced Smartphone,20790.0,4.7,144,Amazon,Free Delivery
Smart Phone,Oppo Reno16 5G Mobile Phone,66999.0,4.7,144,Reliance,Free Delivery by Sat
Smart Phone,Redmi 15C 5G Battery,20499.0,4.4,34,Mi.com,Free Delivery
Smart Phone,Realme Narzo 80 Lite 4G Mobile Phone,12999.0,4.7,144,Amazon,Free Delivery
Smart Phone,Samsung Galaxy S25 5G,63000.0,4.7,58000,Digihaat,Free Delivery
Smart Phone,OnePlus 13s 5G,54499.0,4.5,42,Addmecart,Free Delivery
Smart Phone,Oppo Reno16 5G Mobile Phone,72999.0,4.7,144,Reliance,Free Delivery by Sat
Smart Phone,Realme Narzo 100 Lite 5g,19999.0,4.5,2,Amazon,Free Delivery
Smart Phone,Realme 16 Pro 5G,39999.0,4.9,767,Croma,Free Delivery
Smart Phone,Samsung Galaxy A37 5G Smartphone,41949.0,4.8,3500,Mahajan Electronics,Free Delivery
Smart Phone,Acerpure Acerone Liquid Smartphone,8795.0,4.7,144,Amazon,Free Delivery
Smart Phone,Itel Zeno 200 4g,9999.0,4.7,144,Amazon,Free Delivery
Smart Phone,Samsung Galaxy M47 5G Smartphone,33499.0,4.7,144,Samsung,Free Delivery by Sat
Smart Phone,Oppo Reno15 5G,45999.0,4.8,7,Cainid.In,Free Delivery
Smart Phone,Redmi 15C 5G Mobile Phone,20499.0,4.7,144,Mi.com,Free Delivery
Smart Phone,OnePlus Nord 6 5G,46990.0,4.5,19,Nuevo Gadgets,Free Delivery by Wed
Smart Phone,Samsung Galaxy S25 5G,65799.0,4.7,58000,Amazon,Free Delivery
Smart Phone,Nothing Phone Lite 5G,27999.0,4.0,2,Reliance,Free Delivery by Sat
Smart Phone,Samsung Galaxy A54 5G Smartphone,38999.0,5.0,9,Ss Mobile,Free Delivery
Smart Phone,Nothing Phone 3 5G Smarter,49999.0,3.0,1,Amazon,Free Delivery
Smart Phone,Motorola Edge 50 Ultra 5G,34999.0,4.8,368,Motorola India,Free Delivery by Mon
Smart Phone,Realme 15 5G,29999.0,5.0,2,Reliance,Free Delivery by Sat
Smart Phone,Oppo Reno 16c 5G,45988.0,4.7,144,Amazon,Free Delivery
Smart Phone,Apple iPhone 17,82900.0,4.5,8000,Apple,Free Delivery
Smart Phone,OnePlus 15R,66999.0,4.6,322,Amazon,Free Delivery
Smart Phone,iQOO Z11x 5G,27499.0,4.9,75,Fliptwirls,Free Delivery
Smart Phone,Realme P3x 5g,13999.0,4.7,144,Reliance,Free Delivery by Sat
Smart Phone,Redmi 15C 5G Battery,14999.0,4.4,34,Bigbasket.Com,Free 10 min Delivery
Smart Phone,Realme Narzo Power 5G,28199.0,4.7,144,Zepto,Free next-day Delivery
Smart Phone,OnePlus Nord 6 5G,46999.0,4.5,19,Reliance,Free Delivery by Sat
Smart Phone,Nothing Phone 4a 5G,35467.0,4.3,1000,Amazon,Free Delivery
Smart Phone,Samsung Galaxy Z Fold8 5G,199999.0,4.9,13000,Samsung,Free Delivery
Smart Phone,Google Pixel 8,37699.0,4.4,2500,Amazon,Free Delivery
Smart Phone,Nothing Phone Pro 5G,49999.0,4.8,128,Vijay Sales,Free next-day Delivery
Smart Phone,Apple iPhone 17 Pro Max,149900.0,4.5,25000,Reliance,Free Delivery by Sat
Smart Phone,Motorola Edge 60 Pro 256GB Pantone Shadow,33799.0,4.4,85,Amazon,Free Delivery
Smart Phone,Samsung Galaxy Z Fold7 5G,186999.0,4.7,26000,Samsung,Free Delivery by Sat
Smart Phone,Oppo A6x 5G,16499.0,4.7,144,Cayroshop.Com,Free Delivery by Sat
Smart Phone,Samsung Galaxy A36 5G,31390.0,4.7,18000,Amazon,Free Delivery
Smart Phone,Infinix Note 60 Pro,39999.0,4.9,639,Digihaat,Free Delivery
Smart Phone,Samsung Galaxy S24 Ultra 5g Mobile Phone,119999.0,4.7,82000,Reliance,Free Delivery by Sat
Smart Phone,Google Pixel 10 5G,66200.0,5.0,3,Amazon,Free Delivery
Smart Phone,Apple iPhone 16 Plus,89900.0,4.6,5100,Apple,Free Delivery
Smart Phone,AI+ Nova 5G,12499.0,5.0,1,Addmecart,Free Delivery
Smart Phone,Samsung Galaxy S26 Ultra 5G,124999.0,4.8,55000,Amazon,Free Delivery
Smart Phone,OnePlus Nord 6 256GB Quick Silver,46999.0,4.7,144,Reliance,Free Delivery by Sat
Tv,LG Ultra HD 4K Led Smart Webos TV 2026 Edition Nano Detail Enhancer,33990.0,4.3,17,Lg Electronics India,Free Delivery
Tv,TCL V4C Series 32 inches HD Smart QLED Google TV,16490.0,4.9,619,Reliance,Free Delivery by Sat
Tv,Xiaomi 108 cm A Full HD Smart Google LED TV L43MB-AFIN,21999.0,5.0,1,Mi.com,Free Delivery
Tv,Philips 6100 Series 80 cm HD Smart LED Google TV,15999.0,3.9,23,Amazon,Free Delivery
Tv,Samsung Vision AI Smart TV,104990.0,4.7,17,Flipkart,Free Delivery by Wed
Tv,Sony BRAVIA 5 4K Ultra HD Smart Mini LED Google TV,109737.0,4.7,17,Indiamart,Free Delivery
Tv,VW Spectra Series 101 cm Smart QLED Android TV,14590.0,4.7,17,Emi Snapmint,Free Delivery
Tv,Onida 108 cm 4K Smart LED Fire TV,24199.0,4.7,17,Amazon,Free Delivery
Tv,VW OptimaX Series Full HD Smart QLED Android TV,13699.0,4.7,17,Reliance,Free Delivery by Sat
Tv,Xiaomi FX Pro QLED 4K Smart Fire TV,28999.0,4.7,17,Mi.com,Free Delivery
Tv,Acerpure Nitro 189.2 cm 75 Inch Qled Ultra Hd 4k Smart Google TV,53999.0,4.7,17,Flipkart,Free Delivery by Tue
Tv,Hisense 55 Inches 4K Ultra HD Smart QLED TV,54990.0,4.7,17,Amazon,Free Delivery
Tv,Foxsky 80 Cm 32 Inch HD Ready LED TV,7999.0,4.7,17,Foxskyindia.Com,Free Delivery
Tv,Samsung 65 Inches Crystal UHD 4K Smart TV,47990.0,5.0,1,Samsung,Free Delivery by Sat
Tv,"LG 32"" HD Smart LED TV",19790.0,3.0,3,Reliance,Free Delivery by Sat
Tv,AKAI 43 Inch HD Ready Smart Google TV,34790.0,4.7,17,Akai India,Free Delivery
Tv,Lumio Vision 7 2026 4k Ultra HD Smart QLED Google TV,32999.0,4.7,17,Amazon,Free Delivery
Tv,Compaq 109 cm 43 Inch Ultra Hd 4k Led Smart Android TV (2022),11999.0,4.7,17,Flipkart,Free Delivery by Tue
Tv,32 Inch Smart Led TV,6600.0,4.7,17,Cppluscctvonline.Com,Free Delivery
Tv,TCL 4k Ultra Hd Smart QD-Mini Led Google Tv,55990.0,4.8,3000,Reliance,Free Delivery by Sat
Tv,LG Q82 AI Series 4K Ultra Hd Smart Webos Mini Led TV,71999.0,4.5,10,Lg Electronics India,Free Delivery
Tv,Haier H5E Series 4K Ultra HD Smart LED Google TV,30490.0,4.7,17,Amazon,Free Delivery
Tv,Haves 40 Inch FHD Smart Frameless LED TV,12409.0,4.7,17,Haves Technology,Free Delivery
Tv,Samsung Micro RGB R95H 4K Smart TV,229990.0,4.8,915,Samsung,Free Delivery by Sat
Tv,Coocaa S4U Pro HD Smart Coolita TV,8399.0,4.7,17,Reliance,Free Delivery by Sat
Tv,Thomson Alpha Qled Smart Linux TV,9299.0,4.7,17,Flipkart,Free Delivery by Tue
Tv,Toshiba 98 Inches 4K Ultra HD Smart QLED TV,249999.0,4.7,17,Amazon,Free Delivery
Tv,Xiaomi X Series 55 inch 4K Ultra HD Smart TV,37999.0,4.7,17,Mi.com,Free Delivery
Tv,"Samsung Series 5 43"" Full HD Smart TV",12249.0,4.7,17,Tradeindia.Com,Free Delivery
Tv,LG Ur7500 Ultra Hd 4k Led Smart Webos Tv Alpha5 Ai Processor 4k Gen6,29990.0,4.7,798,Reliance,Free Delivery by Sat
Tv,Sony 32-Inch HD Smart TV,28990.0,4.7,17,Amazon,Free Delivery
Tv,Infinix 80 cm 32 Inch HD Ready Led Smart Linux TV,9999.0,4.7,17,Flipkart,Free Delivery by Tue
Tv,Samsung Crystal UHD 4k Samsung Vision Ai Smart TV,47990.0,4.7,17,Samsung,Free Delivery by Sat
Tv,LG Ai Qned65 Ultra Hd 4k Mini Led Smart Webos Tv 2026 Edition Dynamic Qned,58499.0,4.0,4,Lg Electronics India,Free Delivery
Tv,Hisense Vidaa 55E75Q 4K Ultra HD Smart QLED TV,53990.0,4.7,17,Amazon,Free Delivery
Tv,Philips 4K Ultra HD QLED Smart QD-Mini LED Google TV,85990.0,4.7,17,Jiomart Electronics,Free Delivery by Wed
Tv,TCL 4K Ultra HD Smart LED Google TV,49990.0,4.7,295,Flipkart,Free Delivery by Tue
Tv,Xiaomi TV Fx Mini LED,32999.0,4.7,17,Mi.com,Free Delivery
Tv,iffalcon 164 cm 4K UHD Smart LED Google TV,39999.0,4.7,17,Amazon,Free Delivery
Tv,VW 80 cm HD Ready LED TV,8299.0,4.7,17,Reliance,Free Delivery by Sat
Tv,Compaq Smart Coolita TV,9999.0,4.7,17,Flipkart,Free Delivery
Tv,Foxsky 24 Inch HD Ready LED TV,5990.0,4.7,17,Reliance,Free Delivery by Sat
Tv,VW Frameless Series HD Ready QLED TV,11299.0,4.7,17,Amazon,Free Delivery
Tv,Samsung Micro RGB R95H 4K Smart TV,499990.0,4.8,915,Samsung,Free Delivery by Sat
Tv,Sony BRAVIA 2 II 4K Ultra HD Smart LED Google TV,52240.0,4.4,9,Amazon,Free Delivery
Tv,Xiaomi X Pro QLED Series 43 Inch 4K Ultra HD Smart TV,31999.0,5.0,3,Mi.com,Free Delivery
Tv,LG 4K UHD Smart TV,50990.0,5.0,9,Poorvika,Free Delivery by Wed
Tv,Philips 8100 Series 4K Ultra HD Smart QLED Google TV,34999.0,4.0,20,Amazon,Free Delivery
Tv,"UNICRON TE 24” INCH HD Ready Android Smart LED TV, WiFi Enabled, 30W Sound Speaker, Built-in Apps Compatible (YouTube, Netflix, Prime Video), Mobile",7399.0,4.7,17,Amazon,Free Delivery
Tv,LG Ultra HD 4K Led Smart Webos TV 2026 Edition Nano Detail Enhancer,45991.0,4.3,17,Lg Electronics India,Free Delivery
Tv,Tcl 291 Cm 115 Inch Ultra Hd 4k Mini Led Smart Google Tv Largest Screen Ever | 20000+ Local Dimming Zones | T-screen Ultra Onkyo 6.2.2 Hi-fi System,2699990.0,4.7,17,Flipkart,Free Delivery by Tue
Tv,Croma 32 inch HD Ready LED TV,5719.0,4.7,17,Addmecart,Free Delivery
Tv,Samsung 32 Inch HD Smart LED TV,16784.0,4.7,17,Flipkart,Free Delivery by Tue
Tv,"LED TV - Plastic, 32 Inch, Matte Black | High Performance, Energy Efficient, Vivid Color Reproduction, Exceptional Contrast",1500.0,4.7,17,Tradeindia.Com,Free Delivery
Tv,Philips 6100 Series 80 cm HD Smart LED Google TV,15999.0,3.9,23,Flipkart,Free Delivery by Tue
Tv,Sony BRAVIA 2 II 4K Ultra HD Smart Google TV,63990.0,4.7,17,Amazon,Free Delivery
Tv,LG LB65 32 inch HD Smart TV,17999.0,4.2,5,Lg Electronics India,Free Delivery
Tv,LG 80cm HD Smart TV,11499.0,4.8,13,Addmecart,Free Delivery
Tv,"Xiaomi FX Series 43"" 4K Ultra HD Smart LED Fire TV",22800.0,4.7,17,Flipkart,Free Delivery
Tv,Smart 43 Inch Led TV,10900.0,4.7,17,Cppluscctvonline.Com,Free Delivery
Tv,Samsung Crystal 4K Ultra HD Smart LED TV,30490.0,4.7,17,Flipkart,Free Delivery by Tue
Tv,Samsung 32-Inch HD Smart TV,16990.0,3.4,5,Samsung,Free Delivery by Sat
Tv,Sony BRAVIA 5 98 Inch 4K Ultra HD Smart Mini LED Google TV,509990.0,4.7,17,Amazon,Free Delivery
Tv,Google TV,66660.0,4.7,17,Flipkart,Free Delivery by Tue
Tv,OnePlus Y Series 32 inch HD Smart Android TV,7080.0,4.2,29,Tradeindia.Com,Free Delivery
Tv,Xiaomi X Pro QLED Series 65 Inch 4K Smart TV,43999.0,4.0,2,Mi.com,Free Delivery
Tv,Samsung Micro RGB R95H 4K Smart TV,223956.0,4.8,915,Flipkart,Free Delivery
Tv,Acer Ultra I Series HD Smart LED Google TV,11499.0,4.7,17,Reliance,Free Delivery by Sat
Tv,Hisense 32-Inch HD Ready Smart LED TV,11199.0,4.7,17,Tradeindia.Com,Free Delivery
Tv,Samsung Vision AI 4K Smart TV,35990.0,4.6,2400,Amazon,Free Delivery
Tv,Xiaomi A Pro Series 32 inch QLED Smart TV,15499.0,4.9,55,Mi.com,Free Delivery
Ac,Voltas 1.5 Ton 3 Star Inverter Split Air Conditioner,35990.0,5.0,3,Reliance,Free Delivery by Sat
Ac,Carrier 3 Star Inverter Split Air Conditioner cai,33290.0,5.0,3,Flipkart,Free Delivery
Ac,Hitachi 1.5 Ton 3 Star New Star rated Inverter Split AC Smart View Display 4 Way Swing,36500.0,5.0,3,Amazon,Free Delivery
Ac,LG 3 Star Inverter Split AC AS-Q18TNXE1,35500.0,5.0,1,Emi Snapmint,Free Delivery
Ac,TCL 1 Ton 3 Star 5 in 1 Convertible Invertor Split AC,24990.0,5.0,3,Reliance,Free Delivery by Sat
Ac,Lloyd 1 Ton 3 Star 6 in 1 Convertible Inverter Split AC GLS12I3ASAHC,31990.0,5.0,3,Havells,Free Delivery
Ac,IFB 1.5 Ton 3 Star Inverter Split AC,33099.0,5.0,3,Flipkart,Free Delivery
Ac,Daikin 2026 1.5 Ton 3 Star Split Inverter AC,37490.0,5.0,3,Amazon,Free Delivery
Ac,Godrej 1.5 Ton 3 Star Inverter Split AC,28990.0,5.0,3,Reliance,Free Delivery by Sat
Ac,O General 5 Star Window Air Conditioner 2023 Model,22000.0,3.5,6,Tradeindia.Com,Free Delivery
Ac,Blue Star 1.5 Ton 3 Star,32709.0,5.0,3,Moglix,Free Delivery
Ac,GENERAL 1.5Ton BEE 2026 Inverter Split AC,49990.0,5.0,3,Amazon,Free Delivery
Ac,Samsung 1.5 Ton 5 Star Split Inverter,37990.0,5.0,3,Reliance,Free Delivery by Sat
Ac,Croma 7 in 1 Convertible 3 Star Inverter Split AC with 4 Way Auto Swing,34490.0,4.5,28,Croma,Free Delivery
Ac,Voltas Vertis AI Zest Gold 1.5 Ton 3 Star Inverter Split Air Conditioner,34999.0,5.0,1,Flipkart,Free Delivery
Ac,Panasonic CS White 1.5 Tons Star Inverter Split AC,47950.0,5.0,3,Amazon,Free Delivery
Ac,"LG 3 Star ~1.5"" Split AC",41555.0,5.0,3,Lg Electronics India,Free Delivery
Ac,O' General 1.5 Ton 5 Star Inverter Split AC 2026,60990.0,5.0,3,Reliance,Free Delivery by Sat
Ac,Voltas 1.5 Ton 5 Star Inverter Split Air Conditioner,28000.0,5.0,3,Tradeindia.Com,Free Delivery
Ac,"LG 5 Star Split AC AI Convertible 6-in-1 Viraat Mode,Diet Mode+",37999.0,5.0,3,Moglix,Free Delivery
Ac,Voltas Vertis 1.5 Ton 5 Star Inverter Split AC,45290.0,5.0,3,Amazon,Free Delivery
Ac,Godrej 2026 Model 1.5 Ton Star Split Inverter With 5-in-1 Convertible,32990.0,5.0,3,Flipkart,Free Delivery
Ac,Haier Clean Cool Plus Convertible 1 Ton 3 Star Inverter Split AC with 4 Way Swing,36990.0,5.0,2,Croma,Free Delivery
Ac,Bluestar 1 Ton 5 Star Inverter Split AC,39690.0,5.0,3,Reliance,Free Delivery by Sat
Ac,Hitachi 1.5 Ton 5 Star New Star rated Inverter Split AC,45500.0,5.0,3,Amazon,Free Delivery
Ac,Hisense 1.5 Ton 3 Star Inverter Split AC,34490.0,5.0,3,Emi Snapmint,Free Delivery
Ac,Daikin MTKL50XV16 1.5 Ton 3 Star Inverter Split AC,37490.0,5.0,3,Flipkart,Free Delivery
Ac,Panasonic Star Inverter Split AC,42990.0,5.0,3,Reliance,Free Delivery by Sat
Ac,Daikin Streamer Discharge Series 1.5 Ton 5 Star Inverter Split AC JTKJ50U,45000.0,5.0,5,Tradeindia.Com,Free Delivery
Ac,Carrier 1.5 Ton 3 Star New Star rated Wi-Fi Smart Flexicool Inverter Split AC,46990.0,5.0,3,Amazon,Free Delivery
Ac,LG 5 Star Dual Inverter Split Smart AC 2026,54555.0,5.0,2,Lg Electronics India,Free Delivery
Ac,Whirlpool Magicool Inverter Split AC,32240.0,5.0,3,Flipkart,Free Delivery
Ac,Lloyd Stylus 1.5 Ton 5 Star Wi-Fi Inverter Split AC,27049.0,5.0,3,Reliance,Free Delivery by Sat
Ac,Midea 1 Ton 3 Star Split Inverter Convertible 6--1,29490.0,5.0,3,Amazon,Free Delivery
Ac,7 in 1 Convertible 1.5 Ton 3 Star Inverter Split AC with Anti Viral Dust Filter (2026 Model),32990.0,5.0,1,Croma,Free Delivery
Ac,Akai 1.5 Ton 3 Star Inverter Split Air Conditioner | AC for Bedroom | AKSI-183PQE,36190.0,5.0,3,Akai India,Free Delivery
Ac,Voltas 1.5 Ton 3 Star 5 in 1 Adjustable Inverter Split AC,34943.0,5.0,3,Flipkart,Free Delivery
Ac,"Panasonic 1.5 Ton 5 Star Premium Wi-Fi Inverter Smart Split AC (Matter-MirAIe, AI, nanoe+AQI, DustBuster, Copper Condenser, 8in1 Convertible, 4-Way,",54990.0,5.0,3,Reliance,Free Delivery by Sat
Ac,Cruise 2 Ton 5 Star Heavy Duty Inverter Split AC,48990.0,5.0,3,Amazon,Free Delivery
Ac,BPL 1.5 Ton 5 Star Inverter Split AC,32490.0,5.0,3,Neverowned India,Free Delivery
Ac,Lloyd Stellar 1.5 Ton 5 Star Inverter Split AC,26703.0,5.0,3,Addmecart,Free Delivery
Ac,Whirlpool 1.5 Ton Split AC only Indoor Unit Copper Coil with Remote for Fixed Speed Split AC,11950.0,5.0,3,Aldahome Appliances,Free Delivery
Ac,ECOMISTIQ Portable Ac for Home Ductless Mini Split Air Conditioner with Remote | Mini Ac for Room Cooling Compatible | Mini Ac Replacement Accessory,3911.0,5.0,3,Amazon,Free Delivery
Ac,Voltas Adjustable Inverter Split AC,26390.0,5.0,3,Flipkart,Free Delivery
Ac,1 Ton 4 Star Window AC with Dust Filter,29494.0,1.0,1,Croma,Free Delivery
Ac,White Godrej Air Conditioner For Home Use With Low Power Consumption,10000.0,5.0,3,Tradeindia.Com,Free Delivery
Ac,Lloyd Stellar Classic 1.5 Ton 5 Star Inverter Split Air Conditioner,63490.0,5.0,3,Reliance,Free Delivery by Sat
Ac,Blue Star 1.5 Ton 5 Star WiFi Inverter Split AC,40490.0,4.0,5,Flipkart,Free Delivery
Ac,Helium Air Smart Inverter Split AC,22490.0,5.0,3,Amazon,Free Delivery
Ac,Voltas Split Air Conditioner,26399.0,5.0,5,Fliptwirls,Free Delivery
Ac,Club Bollywood Air Conditioner Remote or Touch Control Portable AC for Room Bedroom Kitchen|Home & Garden|Home & Garden|1 Portable Air Conditioner(UK,19171.0,5.0,3,Amazon,Free Delivery
Ac,Daikin 0.8 Ton 2 Star Split AC,26490.0,5.0,3,Croma,Free Delivery
Ac,Lloyd Stunnair 1.5 Ton 5 Star Inverter Split Air Conditioner,68990.0,5.0,3,Reliance,Free Delivery by Sat
Ac,ATORSE Portable Air Conditioners Fan Personal Air Conditioner for Bedroom Room Home,2412.0,5.0,3,Amazon,Free Delivery
Ac,Hitachi RAW318HIDO 1.5 Ton 3 Star Window AC,31490.0,5.0,7,Flipkart,Free Delivery
Ac,BLUESTAR 5 Star IC518DBTX Inverter Split AC,25000.0,5.0,3,Tradeindia.Com,Free Delivery
Ac,O General Advanced Hyper Tropical 2 Ton 4 Star Inverter Split AC,74490.0,5.0,3,Amazon,Free Delivery
Ac,"Wybor Portable AC 0.8 Ton | 100% Copper, Silent, Smart Cooling",25900.0,5.0,3,Neverowned India,Free Delivery
Ac,Godrej 2026 Model 1.5 Ton 5 Star Split Inverter AC,38159.0,5.0,3,Flipkart,Free Delivery
Ac,Sharp 2026 Model 0.95 Ton 3 Star Split Inverter,28940.0,5.0,3,Amazon,Free Delivery
Ac,Godrej 1.5 Ton 5 Star Inverter Split AC,39000.0,5.0,3,Tradeindia.Com,Free Delivery
Ac,Godrej 2025 Model 3 Star Split Inverter 5-in-1-convertible Cooling Heavy Duty Cooling At Extreme Temperature Ac,27999.0,5.0,3,Addmecart,Free Delivery
Ac,Thomson 2023 Model 1 Ton 2 Star Split Fixed Speed,36998.0,5.0,3,Flipkart,Free Delivery
Ac,LG 5 Star 1.5 Ton Dual Inverter Split AC,25000.0,5.0,3,Tradeindia.Com,Free Delivery
Ac,Hisense IntelliCool 1 Ton 3 Star Inverter Split AC,26990.0,5.0,3,Reliance,Free Delivery by Sat
Ac,Cruise 2 Ton 3 Star Inverter Split AC,39990.0,5.0,3,Amazon,Free Delivery
Ac,Voltas 1.5 Ton 3 Star Split AC,24600.0,5.0,3,Tradeindia.Com,Free Delivery
Ac,Godrej 1.5 Ton 3 Star 5 Years Comprehensive Warranty AI powered,24768.0,5.0,3,Addmecart,Free Delivery
Ac,Godrej 2026 Model 1 Ton 3 Star Split Inverter AC,31085.0,5.0,3,Flipkart,Free Delivery
Ac,O General Advance Hyper Tropical 2 Ton 3 Star Inverter Split AC 2026,62990.0,5.0,3,Amazon,Free Delivery
Ac,Godrej 2024 Model 1.5 Ton 5 Star Split Inverter 5-in-1 Convertible With Heavy Duty Cooling At Extreme Temperature Ac,28890.0,5.0,3,Flipkart,Free Delivery
Ac,MarQ by Flipkart 2025 0.75 ton 3 Star Split Inverter 4-in-1 ConvertibleAC - White (073IPG24WQV2),15867.0,5.0,3,Addmecart,Free Delivery
Ac,Hitachi 1.5 Ton 3 Star Split AC,17400.0,5.0,3,Tradeindia.Com,Free Delivery
Ac,Voltas Adjustable Inverter Split AC,31490.0,5.0,3,Amazon,Free Delivery
Ac,Blue Star 2023 1 Ton 4 Star Split Inverter AC,28625.0,5.0,3,Flipkart,Free Delivery
Ac,Blue Star 1 Ton Portable AC,33000.0,4.0,2,Aajjo.Com,Free Delivery
Ac,Godrej 2025 Model 1.5 Ton 5 Star Split Inverter AC,35000.0,5.0,3,Flipkart,Free Delivery
Ac,Carrier 1.5 Ton 3 Star Split Inverter AC,32990.0,5.0,3,Flipkart,Free Delivery
Ac,STYLEHEAVEN Air Conditioner Remote or Touch Control Portable AC for Room Bedroom Kitchen,16840.0,5.0,3,Amazon,Free Delivery
Ac,Haier 1.6 Ton 5 Star Split Inverter AC,43990.0,5.0,3,Flipkart,Free Delivery
Ac,Sansui 1.5 Ton 5 star 4 in 1 Convertible inverter split AC jse185si2301,30490.0,5.0,3,Reliance,Free Delivery by Sat
Ac,Godrej 2026 Model 1.5 Ton 5 Star Split Inverter AC,37690.0,5.0,3,Flipkart,Free Delivery
Ac,Acer 1.5 Ton 3 Star Smart Split AC,25490.0,5.0,3,Reliance,Free Delivery by Sat
Camera,Fujifilm X-M5 Mirrorless Camera,88000.0,4.9,74,Amazon,Free Delivery
Camera,DJI Osmo 360 Standard Combo,44990.0,4.6,445,Flipkart,Free Delivery
Camera,Sony Alpha 6700M Mirrorless Camera,150990.0,4.75,307,Shopatsc,Free Delivery
Camera,Kodak PIXPRO Astro Zoom AZ405 Digital Bridge Camera 40X Zoom,28499.0,4.1,156,Amazon,Free Delivery
Camera,Canon EOS R6 Mark III Mirrorless Camera,225990.0,4.8,187,Camera Club India,Free Delivery
Camera,DJI Osmo Nano Standard Combo,34990.0,4.9,486,Dji India,Free Delivery
Camera,Sony Cybershot DSC-RX100 Digital Camera,30790.0,4.5,736,Sony,Free Delivery
Camera,SNAPPSY 1080P HD Recording Retro Sensor Camera Anti-Stabilization Compact Digital Camera Built-in Flash Photography Equipment 50 Megapixels for,3324.0,4.75,307,Amazon,Free Delivery
Camera,Nikon Z30 Mirrorless Camera with 16-50mm and 50-250mm Lenses,76310.0,4.6,5,Croma,Free Delivery
Camera,4K Digital Camera,10426.0,4.9,284,Kentfaith Us,Free Delivery
Camera,Sony Alpha ILCE-6100K Mirrorless Digital SLR Camera,62990.0,4.3,54,Shopatsc,Free Delivery
Camera,Kodak PIXPRO FZ45 Digital Camera,14999.0,4.0,1500,Amazon,Free Delivery
Camera,DJI Osmo Pocket 3 Creator Combo,49990.0,4.8,8300,Flipkart,Free Delivery
Camera,Fujifilm Instax Mini LiPlay+ Instant Camera,17999.0,4.9,926,Instax,Free Delivery
Camera,Leica Q3 Digital Camera,820000.0,4.8,222,Leica Store,Free Delivery
Camera,Izi One+ 5k Ultra Hd 48mp Touch & Wifi Sports And Action Camera,8999.0,4.2,65,Amazon,Free Delivery
Camera,Canon PowerShot SX740 HS Digital Camera,59500.0,4.5,3500,J J Mehta And Sons,Free Delivery by Tue
Camera,Sony Alpha ZV-E10M2K Mirrorless Vlog Camera,88990.0,4.7,10,Shopatsc,Free Delivery
Camera,Kodak PIXPRO C1 Compact Digital Camera Compacts,13541.0,4.5,388,Amazon,Free Delivery
Camera,Sony Alpha Zv-e10k with Upgraded SELP1650 Power Zoom Lens,63990.0,5.0,1,Flipkart,Free Delivery
Camera,Nikon Z6III + 24-70mm f4 Kit,244995.0,4.9,61,Vijay Sales,Free next-day Delivery
Camera,Insta360 X5 Action Camera,58990.0,4.7,546,Kamal Imaging,Free Delivery
Camera,Sony Alpha ILCE-7M3M Mirrorless Camera,136490.0,4.7,350,Amazon,Free Delivery
Camera,Fujifilm Instax Mini LiPlay Hybrid Instant Camera,15999.0,4.8,1900,Imastudent.Com,Free Delivery by Mon
Camera,Canon EOS R50 Mirrorless Camera,66490.0,4.7,2600,Imaginext,Free next-day Delivery
Camera,GoPro Hero 12 Black,27999.0,4.8,56,Amazon,Free Delivery
Camera,Sony ZV-E1L Mirrorless Camera,206990.0,4.75,307,Flipkart,Free Delivery
Camera,Sony ZV-E1 Full-Frame Interchangeable-Lens Mirrorless vlog Camera,179990.0,5.0,1,Shopatsc,Free Delivery
Camera,Fujifilm Instax Mini 13 Instant Camera,8499.0,4.9,1000,Reliance,Free Delivery by Sat
Camera,Sony ZV-1F Vlog Camera,39990.0,4.6,2000,Amazon,Free Delivery
Camera,Digital Camera,10952.0,4.9,307,Kentfaith Us,Free Delivery
Camera,Kodak PIXPRO 16MP Digital Camera 5X Optical Zoom,16788.0,4.6,4200,Ubuy.Co.In,Free Delivery
Camera,Sony Fx Ilme-fx3a/Q In5 Mirrorless Camera,355990.0,4.75,307,Amazon,Free Delivery
Camera,Sony Alpha 6700 Mirrorless Camera,117990.0,4.6,323,Flipkart,Free Delivery
Camera,Sony Alpha ILCE-7CM2L Full-Frame Interchangeable Lens Mirrorless vlog Camera,206990.0,4.75,307,Shopatsc,Free Delivery
Camera,5K Digital Camera,7999.0,5.0,1,Amazon,Free Delivery
Camera,Canon EOS 1500D Camera,33879.0,4.8,140,Tradeindia.Com,Free Delivery
Camera,Leica M6 Rangefinder Camera,720000.0,4.3,12,Leica Store,Free Delivery
Camera,DJI Osmo Pocket 4 Creator Combo,69990.0,4.8,659,Flipkart,Free Delivery
Camera,ZEB-AHDPDSL24 Surveillance Dome Camera,1299.0,4.75,307,Amazon,Free Delivery
Camera,Sony Alpha 6400 Mirrorless Camera with 18-135mm Lens,87490.0,4.5,474,Flipkart,Free Delivery
Camera,Sony Alpha ILCE-7M3M Mirrorless Camera,136490.0,4.7,350,Flipkart,Free Delivery
Camera,DJI Osmo Pocket 3 Creator Combo,49990.0,4.8,8300,Amazon,Free Delivery
Camera,Kodak PIXPRO FZ45 Digital Camera,14573.0,4.0,1500,Ubuy.Co.In,Free Delivery
Camera,Sony Alpha ZV-E10 Mirrorless Camera,54489.0,4.4,92,Flipkart,Free Delivery
Camera,Nikon D7500 DSLR Camera,77000.0,4.8,3500,The Camera Shop,Free Delivery
Camera,DJI Osmo Action 6 Standard Combo,54489.0,4.9,2300,Addmecart,Free Delivery
Camera,Insta360 X4 Air Standard Action Camera,45990.0,4.8,64,Amazon,Free Delivery
Camera,Canon EOS R100 Mirrorless Camera with RF-S18-45mm Lens,48190.0,4.7,39,Imaginext,Free next-day Delivery
Camera,Fujifilm Instax Mini Evo Premium Edition Instant Camera,21999.0,5.0,3,Myntra,Free Delivery by Tue
Camera,Fujifilm Instax Mini 12 Instant Camera,6999.0,4.8,11000,Flipkart,Free Delivery
Camera,Sony Cyber-shot DSC-W810 Compact Camera,7790.0,4.2,1000,Sony,Free Delivery
Camera,Camkory Digital Camera,599.0,4.75,307,Amazon,Free Delivery
Camera,Fujifilm Instax Mini 13 Instant Camera,8499.0,4.9,1000,Amazon,Free Delivery
Camera,Canon PowerShot G7 X Mark III Digital Camera,69995.0,4.4,1400,Reliance,Free Delivery by Sat
Camera,"AiTechny 4K Cameras for Photography, Digital Point and Shoot Camera with 56Mp Autofocus 20X Zoom Anti Shake Video Camera with 32GB SD Card for Adults,",5999.0,4.75,307,Amazon,Free Delivery
Camera,Insta360 X3 Action Camera,29990.0,4.6,621,Flipkart,Free Delivery
Camera,Sony Alpha ILCE-6100X Mirrorless Digital SLR Camera,72999.0,4.3,54,Design Info,Free Delivery by Sat
Camera,Sony Alpha ILCE-7M3M Mirrorless Camera,136490.0,4.7,350,Shopatsc,Free Delivery
Camera,Nikon Z30 Mirrorless Camera,65999.0,4.7,498,Reliance,Free Delivery by Sat
Camera,Leica Q3 43 Digital Camera,760000.0,4.8,109,Leica Store,Free Delivery
Camera,Sony A7 III Mirrorless Digital Camera,1600.0,4.8,194,Royale Camera,Free Delivery
Camera,Sony W800/S 20.1 MP Digital Camera,22490.0,4.3,1100,Sony,Free Delivery
Camera,Sony Fx Ilme-fx3a/Q In5 Mirrorless Camera,355990.0,4.75,307,Flipkart,Free Delivery
Camera,Canon EOS R50 Mirrorless Camera,66999.0,4.9,358,Reliance,Free Delivery by Sat
Camera,DJI Osmo 360 Standard Combo,44990.0,4.6,445,Reisemoto,Free Delivery
Camera,Panasonic LUMIX S1 II Mirrorless Camera,269990.0,4.6,29,Kamal Imaging,Free Delivery
Camera,Nikon Z5 Mirrorless Camera,126990.0,4.7,687,Reliance,Free Delivery by Sat
Camera,Digitek DAC 201 8K Ultra HD Waterproof Action Camera,14999.0,5.0,2,Flipkart,Free Delivery
Camera,"Mini Digital Camera with Filter Modes, 1080p FHD Video, Flashlight & Keychain | Portable Cute Vlogging Camera for Travel, Gifts & Fun, Viral Camera (",2846.0,4.75,307,Amazon,Free Delivery
Camera,Canon EOS R50 V Mirrorless Camera,67489.0,4.6,191,Addmecart,Free Delivery
Camera,Leica M11-P Rangefinder Camera,1000000.0,4.6,33,Leica Store,Free Delivery
Camera,GoPro HERO13 Black Action Camera,27279.12,4.7,70,Vlebazaar.In,Free Delivery by Wed
Camera,Sony Alpha ZV-E10M2K Mirrorless Vlog Camera,88990.0,4.2,19,Amazon,Free Delivery
Camera,FUJIFILM Instax Mini 13 Instant Film Camera,10990.0,4.9,1000,Flipkart,Free Delivery
Camera,Canon EOS 1500D Camera,43490.0,4.8,140,Imaginext,Free next-day Delivery
Washing Machine,Samsung 7 KG Fully Automatic Front Load Washing Machine WW70R22EK0X/TL,29990.0,4.3,5,Flipkart,Free Delivery
Washing Machine,LG 7 KG 5 Star Fully-Automatic Front Load Washing Machine FHB1207Z2M,30490.0,4.6,7,Amazon,Free Delivery
Washing Machine,Bosch Washing Machine 6 Series,8390.0,3.2,10,Bigbasket.Com,Free 10 min Delivery
Washing Machine,Voltas Beko WST75BBRT 7.5 KG Semi Automatic Top Load Washer,5740.0,4.3,5,Flipkart,Free Delivery by Tue
Washing Machine,Onida 6.5 KG Washer WS65WLPT1LR,5299.0,4.3,5,Addmecart,Free Delivery
Washing Machine,Haier HWM60-AE 6 kg Fully Automatic Top Load Washing Machine,13890.0,4.3,5,Amazon,Free Delivery
Washing Machine,Croma 8 kg 5 Star Semi Automatic Washing Machine with Magic Filter,9990.0,4.3,22,Croma,Free Delivery
Washing Machine,LG 8.5 KG 5 Star Semi Automatic Top Load Washing Machine P8535SLMZ,15299.0,4.5,4,Flipkart,Free Delivery
Washing Machine,Portable Washing Machine,1676.0,4.3,5,Amazon,Free Delivery
Washing Machine,Samsung Fully Automatic Top Loading Washing Machin,5000.0,4.7,21,Tradeindia.Com,Free Delivery
Washing Machine,IFB 9kg Front Load Washing Machine OXN 9014K,38490.0,5.0,2,Flipkart,Free Delivery by Tue
Washing Machine,Marq By Flipkart 5 Star Rating Innowash Range Semi Automatic Top Load Washing Machine White,6499.0,4.3,5,Addmecart,Free Delivery
Washing Machine,"Portable Washing Machine, 16L Mini Washing Machine With Spin Basket, Small Portable Washer Machine Suitable for Underwear Small Clothes Dryer Deep",1499.0,4.3,5,Amazon,Free Delivery
Washing Machine,Voltas Beko WST75UC/BRSSWH2PTD 2024 Model 7.5 kg Semi automatic,5815.0,4.3,5,Flipkart,Free Delivery by Tue
Washing Machine,Croma 6.5kg Semi-Automatic Washing Machine,8290.0,3.7,11,Croma,Free Delivery
Washing Machine,LG 8 KG Fully Automatic Top Load Washing Machine T80VBMB1Z,20490.0,4.3,3,Reliance,Free Delivery by Sat
Washing Machine,Samsung 8 KG 5 Star Fully Automatic Top Load Washing Machine WA80F08B3BTL,26990.0,5.0,3,Amazon,Free Delivery
Washing Machine,Whirlpool 7 KG 5 Star Semi Automatic Washing Machine,10800.0,4.3,7,Flipkart,Free Delivery
Washing Machine,Thomson 7 kg Washer Only,4789.0,4.3,5,Addmecart,Free Delivery
Washing Machine,Samsung 7 KG 5 Star Semi Automatic Top Load Washing Machine WT70M3000UU/TL,9000.0,1.0,1,Tradeindia.Com,Free Delivery
Washing Machine,Godrej Smart Choice 7 kg 5 Star 5 Years Comprehensive Warranty AI Tech,14800.0,4.3,5,Flipkart,Free Delivery by Tue
Washing Machine,Ifb 7 KG 5 Star Deep Clean Technology AI Powered Fully Automatic Top Load Washing Machine TL701MG1,17990.0,4.3,5,Amazon,Free Delivery
Washing Machine,Samsung 6.5 KG 5 Star Semi-Automatic Top Load Washing Machine WT65R2200LL/TL,9990.0,4.0,1,Samsung,Free Delivery by Sat
Washing Machine,Samsung 8 KG 5 Star Fully-Automatic Top Load Washing Machine,18848.0,4.0,3,Flipkart,Free Delivery by Tue
Washing Machine,LG 8.5 kg 5 Star Semi-Automatic Top Load Washing Machine,15490.0,4.6,5,Amazon,Free Delivery
Washing Machine,Lloyd 7.5 KG 5 Star Semi-Automatic Top Load Washing Machine GLWMS75AVGEL,13099.0,5.0,1,Lotus Electronics,Free Delivery
Washing Machine,Bosch Series 4 Front Load Washing Machine WGA1320TIN,34659.0,4.4,10,Flipkart,Free Delivery by Tue
Washing Machine,VW 7.5 KG 5 Star Aqua Spin Semi Automatic Top Load Washing Machine,7490.0,4.3,5,Amazon,Free Delivery
Washing Machine,Voltas Beko 6.5 kg 5 Star Fully Automatic Top Load Washing Machine,13440.0,4.3,5,Voltas,Free Delivery
Washing Machine,Midea 7.5 KG Fully Automatic Top Load Washing Machine,12790.0,4.3,5,Flipkart,Free Delivery by Tue
Washing Machine,Samsung 7 KG 5 Star Semi Automatic Top Load Washing Machine WT70C3200LL/TL,10490.0,4.3,5,Tradeindia.Com,Free Delivery
Washing Machine,LG 8 KG 5 Star Smart Inverter Technology Fully Automatic Top Load Washing Machine T80VBMB4Z,21990.0,4.3,24,Amazon,Free Delivery
Washing Machine,Intex Fully Automatic Washing Machine FA65BGPT,10990.0,4.3,5,Flipkart,Free Delivery by Tue
Washing Machine,LG FHP1410Z3M 10kg Front Load Washing Machine,43690.5,4.4,5,Reliance,Free Delivery by Sat
Washing Machine,LG 8 KG Front Load Washing Machine FHB1208Z4M,37490.0,4.2,5,Amazon,Free Delivery
Washing Machine,Onida Top Load Washer W90W Lava Red,6384.0,4.3,5,Flipkart,Free Delivery by Tue
Washing Machine,Whirlpool 6.5kg 5 Star Magic Clean Semi-Automatic Top Load Washing Machine,9489.0,1.0,1,Addmecart,Free Delivery
Washing Machine,Samsung 7 KG 5 Star Ecobubble Washing Machine,17490.0,3.0,3,Samsung,Free Delivery by Sat
Washing Machine,Godrej 7 kg 5 Star AI Powered FabriSafe Drum,25290.0,4.3,5,Amazon,Free Delivery
Washing Machine,Reliance 8 kg Washer Only,6436.0,4.3,5,Flipkart,Free Delivery by Tue
Washing Machine,Bosch WAJ2846SIN 8 KG Fully Automatic Front Load Washing Machine,37836.45,2.9,21,Tradeindia.Com,Free Delivery
Washing Machine,Whirlpool 6.5kg 5 Star Magic Clean Semi-Automatic Top Load Washing Machine,10190.0,1.0,1,Amazon,Free Delivery
Washing Machine,Samsung Smart Choice 10 KG Top Load Washing Machine WA80F10E2L,25490.0,2.5,2,Flipkart,Free Delivery by Tue
Earbuds,OnePlus Nord Buds 3r,1999.0,4.5,293,Amazon,Free Delivery
Earbuds,boAt Airdopes ProClip Open-Ear Earbuds,1799.0,4.8,5,Boat,Free Delivery
Earbuds,Noise Buds VS102 Elite Truly Wireless Earbuds,999.0,4.8,517,Flipkart,Free Delivery
Earbuds,Hammer Airflow Neo Earbuds,599.0,4.5,142,Amazon,Free Delivery
Earbuds,pTron Bassbuds Indie in-Ear TWS Earbuds,599.0,4.5,142,Flipkart,Free Delivery by Tue
Earbuds,Portronics Harmonics Twins S3 Smart TWS Bluetooth 5.2 Earbuds,599.0,3.6,150,Fliptwirls,Free Delivery
Earbuds,Philips Truly Wireless in Ear Earbuds,999.0,4.5,142,Amazon,Free Delivery
Earbuds,boAt Airdopes Stride Open-Ear Earbuds,1499.0,5.0,1,Boat,Free Delivery
Earbuds,CMF by Nothing Buds 2a TWS ANC Earbuds,2199.0,4.5,1000,Flipkart,Free Delivery
Earbuds,Apple AirPods Pro 3,23900.0,4.9,44,Amazon,Free Delivery
Earbuds,Realme Buds T110 with Ai Enc for Calls,1699.0,4.4,4400,Myntra - Mnow,Free Delivery
Earbuds,Aroma Nb121 Pods Upto 40 Hours Playtime* Type C Fast Charging Dual Pairing Earbuds Bluetooth,300.0,4.5,142,Flipkart,Free Delivery by Wed
Earbuds,GOBOult Mustang Torq Wireless in Ear Earbuds,1799.0,5.0,12,Amazon,Free Delivery
Earbuds,Samsung Galaxy Buds Core with Galaxy AI,3849.0,4.7,5300,Lowestrate Shopping,Free Delivery
Earbuds,boAt Airdopes Prime 701 ANC Earbuds,2199.0,4.7,23,Boat,Free Delivery
Earbuds,Wireless Earbuds Bluetooth 5.1 TWS Earphones Full Touch Control Headphones Built-in Microphone Immersive Sound Quality Ensure Fast Stable & Connection,299.0,4.5,142,Amazon,Free Delivery
Earbuds,Noise ALT Buds Open Hi-Res Audio LDAC 35H Chosen,4499.0,4.7,26,Flipkart,Free Delivery
Earbuds,boAt Airdopes 219 Truly Wireless Bluetooth Earbuds,1099.0,4.7,90,Myntra,Free Delivery by Tue
Earbuds,HAmmer Ultra Pods 2026 TWS Wireless Bluetooth Earbuds,599.0,4.5,142,Amazon,Free Delivery
Earbuds,Realme Buds T200x TWS Earbuds,1549.0,4.2,189,Flipkart,Free Delivery
Earbuds,Noise Buds Trance Truly Wireless Earbuds,999.0,4.2,51,Noise,Free Delivery
Earbuds,GOBOult Mustang Torq TWS Earbuds,1799.0,4.3,405,Amazon,Free Delivery
Earbuds,CMF by Nothing Buds 2 Wireless Earbuds,2799.0,4.7,98,Flipkart,Free Delivery
Earbuds,boAt Airdopes Joy Wireless Earbuds,1099.0,4.0,142,Reliance,Free Delivery by Sat
Earbuds,Oppo Enco Buds 3Pro+ True Wireless in Ear Earbuds,2999.0,4.9,15,Amazon,Free Delivery
Earbuds,PTron Bassbuds Eon in-Ear TWS Earbuds,649.0,4.5,142,Flipkart,Free Delivery by Tue
Earbuds,boAt Airdopes 141 Gen 2 4 Mics ENx Tech 48 Hrs Playback Free Music Streaming,1099.0,4.5,10,Myntra - Mnow,Free Delivery
Earbuds,PTron Surge TWS Gaming Earbuds,799.0,4.5,142,Amazon,Free Delivery
Earbuds,Tws Earbuds Pro with Case True Wireless Bluetooth Earphones with 3 Hours of Playtime with Stylish Wa,363.0,4.5,142,Meesho,Free Delivery
Earbuds,boAt Airdopes Alpha True Wireless Earbuds,1099.0,4.3,233,Flipkart,Free Delivery
Earbuds,Noise Buds Play Truly Wireless Earbuds,1199.0,4.3,188,Noise,Free Delivery
Earbuds,OnePlus Nord Buds 4 TWS Earbuds,3299.0,4.5,142,Amazon,Free Delivery
Earbuds,Dubstep Buzz X8 Earbuds,499.0,4.5,142,Bigbasket.Com,Free 10 min Delivery
Earbuds,boAt Airdopes 181 Pro TWS Earbuds,1399.0,4.4,149,Flipkart,Free Delivery by Tue
Earbuds,Mivi DuoPods Echo TWS Earbuds,799.0,4.5,142,Amazon,Free Delivery
Earbuds,Samsung Galaxy Buds4 Pro Noise Cancelling Wireless Earbuds,16999.0,5.0,1,Samsung,Free Delivery
Earbuds,boAt Airdopes Prime 412 Wireless Earbuds,1399.0,4.5,2,Boat,Free Delivery
Earbuds,Amazon Basics True Wireless in Ear Earbuds,508.0,4.5,142,Amazon,Free Delivery
Earbuds,M19 Wireless Earbud,359.0,4.3,1600,Flipkart,Free Delivery by Tue
Earbuds,Noise Buds VS601 Truly Wireless Earbuds,1199.0,4.8,7,Noise,Free Delivery
Earbuds,OnePlus Nord Buds 3r,1799.0,4.5,293,Flipkart,Free Delivery
Earbuds,POCO Buds X1 TWS Earbuds,799.0,4.3,3,Reliance,Free Delivery by Sat
Earbuds,CMF by Nothing Buds 2a TWS ANC Earbuds,2399.0,4.5,1000,Flipkart,Free Delivery
Earbuds,Boult Z40 Bluetooth Gaming Earbuds,1299.0,4.5,357,Myntra - Mnow,Free Delivery
Earbuds,Realme Buds T01 True Wireless Earbuds,1099.0,4.1,197,Reliance,Free Delivery by Sat
Earbuds,pTron Bassbuds Spark TWS Earbuds,549.0,4.5,142,Flipkart,Free Delivery by Tue
Earbuds,Redmi Buds 5C,1499.0,3.6,12,Vijay Sales,Free next-day Delivery
Earbuds,boAt Airdopes Joy Wireless Earbuds,1099.0,4.0,142,Myntra - Mnow,Free Delivery
Earbuds,Noise Buds Trance Truly Wireless Earbuds,999.0,4.2,51,Amazon,Free Delivery
Earbuds,boAt Airdopes Drift TWS Earbuds,899.0,4.8,17,Dailydeals365.In,"Free Delivery on ₹1,000+"
Earbuds,boAt Airdopes 219 Truly Wireless Bluetooth Earbuds,1099.0,4.7,90,Flipkart,Free Delivery by Tue
Earbuds,Oppo Enco Buds3 Pro+ True Wireless Noise Cancelling in-Ear Earbuds,2999.0,4.0,1,Amazon,Free Delivery
Earbuds,Realme Buds T110 with Ai Enc for Calls,1699.0,4.4,4400,Flipkart,Free Delivery
Earbuds,CMF by Nothing Buds 2 Wireless Earbuds,2799.0,4.7,98,Amazon,Free Delivery
Earbuds,Sony WF-C510 Truly Wireless Earbuds,2799.0,4.7,4500,Unboxify,Free Delivery
Earbuds,boAt Airdopes 131 True Wireless Earbuds,799.0,3.5,9200,Digihaat,Free Delivery
Earbuds,boAt Immortal Gaming Earbuds,1279.0,4.7,3,Zepto,Free 10 min Delivery
Earbuds,Zebronics Monk Pro Wireless Earbuds,749.0,4.5,142,Flipkart,Free Delivery by Tue
Earbuds,Bose QuietComfort Ultra Earbuds,32900.0,4.5,2600,Amazon,Free Delivery
Earbuds,Allons Premium Pro Wireless ANC Ultra Earbuds,283.0,4.5,142,Flipkart,Free Delivery by Tue
Earbuds,OnePlus Nord Buds 3 TWS Earbuds,516.0,4.6,147,Meesho.Com,Free Delivery
Earbuds,M19 Bluetooth Earpods With Light TWS Wireless LED Bluetooth Earphones Digital Display Touch Emergency Noise-cancelling In-ear 9D Stereo,299.0,4.3,8000,Amazon,Free Delivery
Earbuds,Boat Airdopes True Wireless Earbuds,799.0,4.8,456,Flipkart,Free Delivery
Earbuds,Neutronics Airpods70 Bluetooth,297.0,4.5,142,Flipkart,Free Delivery
Earbuds,Wireless Ultrapods Earbuds - TWS Bluetooth 5.3 Earphones with Transparent Charging Case - LED Digital Display & Built-in Mic - Crystal Clear Aesthetic,345.0,4.7,122,Amazon,Free Delivery
Earbuds,boAt Airdopes Supreme Wireless Earbuds,899.0,4.7,178,Dailydeals365.In,"Free Delivery on ₹1,000+"
Earbuds,Shivay Enterprises New ANC Tws Ear Buds,289.0,4.5,142,Flipkart,Free Delivery by Tue
Earbuds,M19 TWS BT5.1 Wireless Earphones,330.0,4.5,1400,Meesho,Free Delivery
Earbuds,Boat Airdopes 161/163,799.0,4.8,456,Flipkart,Free Delivery
Earbuds,boAt Airdopes Ultra Pro Wireless Earbuds,999.0,3.9,16,Amazon,Free Delivery
Earbuds,Noise Air Buds Pro 4 True Wireless Earbuds,999.0,4.8,70,Flipkart,Free Delivery by Tue
Earbuds,OnePlus Nord Buds 3r,1999.0,4.5,293,Myntra - Mnow,Free Delivery
Earbuds,Techio Airdrops Pro 3 Wireless Bluetooth Earbuds,269.0,4.5,142,Flipkart,Free Delivery by Tue
Earbuds,boAt Airdopes 71,999.0,4.4,212,Zepto,Free 10 min Delivery
Earbuds,"Awd New Anc Tws, Ear Buds With 48hrs Battery, Fast Charge, Blutooth & Mic.A1_17 Bluetooth",684.0,4.5,142,Flipkart,Free Delivery by Wed
Earbuds,boAt Airdopes 141 Gen 2 4 Mics ENx Tech 48 Hrs Playback Free Music Streaming,799.0,4.5,10,Flipkart,Free Delivery
Earbuds,Mivi DuoPods i2 True Wireless Earbuds,699.0,4.5,142,Flipkart,Free Delivery by Tue
Earbuds,PTron Tango in-Ear Bassbuds,699.0,4.5,142,Amazon,Free Delivery
Earbuds,"Hammer Airflow Neo TWS - 80H Playtime, 13mm Titanium Driver, ENC Bubblegum",649.0,4.5,142,Hammer,Free Delivery
Earbuds,Caidea Probeats Air 25h Earbuds,364.0,4.5,142,Flipkart,Free Delivery by Tue
Earbuds,Yildiz Nord Buds 3r Wireless Tws Earbuds With Deep Bass 10min Charge For 8hr-9 Bluetooth,497.0,4.5,142,Flipkart,Free Delivery by Wed
Earbuds,Boat Nirvana Ion True Wireless Earbuds,999.0,4.2,463,Dailydeals365.In,"Free Delivery on ₹1,000+"
Earbuds,"in-Ear True Wireless Earbuds for All Micro USB Mobiles/Devices TWS Ear Buds with mic (Misty Grey, 2R, SZ.C5)",999.0,4.5,142,Amazon,Free Delivery
Earbuds,boAt Airdopes 131 True Wireless Earbuds,194.0,3.5,9200,Desertcart.In,Free Delivery
Earbuds,"Radhe New Anc Tws, Ear Buds With 48hrs Battery, Fast Charge, Blutooth & Mic.D157 Bluetooth",699.0,4.5,142,Flipkart,Free Delivery
Earbuds,"boAt Airdopes 311 Pro TWS in-Ear Earbuds w/Up to 50 HRS Playtime, (Dusk Blue)",899.0,4.3,113,93Mobiles,Free Delivery
Earbuds,Zebronics Pods K2 Wireless Earbuds,899.0,4.5,142,Amazon,Free Delivery
Earbuds,Techio True Wireless Stereo Noise Cancelling Bluetooth Earbuds,298.0,4.5,142,Flipkart,Free Delivery by Tue
Earbuds,GoBoult Z40 Pro v2.0 ANC Indigo Rust,1499.0,4.9,65,Myntra - Mnow,Free Delivery
Earbuds,Circuitlab Airdrops Pro 3 Wireless Bluetooth Earbuds,339.0,4.5,142,Flipkart,Free Delivery by Tue
Earbuds,Havit TW976 Wireless Headphones,999.0,4.8,28,Amazon,Free Delivery
Earbuds,Trending TWS Bluetooth Wireless Bluetooth Headphones Earbuds With Stylish Best Quality LED Watch Wireless Bluetooth Headphones & Earphones Touch,310.0,4.5,142,Meesho.Com,Free Delivery
Earbuds,Lufina Probeats Air 25h Earbuds,367.0,4.5,142,Flipkart,Free Delivery by Tue
Speaker,PTron Fusion ONE 48W Bluetooth Party Speaker,1889.0,4.8,144,Flipkart,Free Delivery
Speaker,Krisons Cylender 40W Bluetooth Party Speaker with Mic,283.0,4.8,144,Amazon,Free Delivery
Speaker,boAt Stone 350 Bluetooth Speaker,1499.0,4.8,172,Boat,Free Delivery
Speaker,Zebronics County Pro 11 Bluetooth Speaker,1249.0,4.8,144,Flipkart,Free Delivery
Speaker,"Prolet Ultra Boost Mini Portable Bluetooth Wireless Speaker | Heavy Bass, Clear Sound, Round Metal Design, Fast Charging & Long Battery Backup for",279.0,4.8,144,Amazon,Free Delivery
Speaker,Marshall Emberton III Portable Bluetooth Speaker,17999.0,4.8,2900,Vijay Sales,Free next-day Delivery
Speaker,Modget Instarock Party Speaker,3999.0,4.8,144,Reliance,Free Delivery by Sat
Speaker,Frontech RGB USB Speakers,498.0,5.0,1,Flipkart,Free Delivery
Speaker,Xiaomi Sound Outdoor Bluetooth Speaker,3799.0,4.9,144,Mi.com,Free Delivery
Speaker,boAt Aavante Bar 480 Bluetooth Soundbar,1099.0,4.8,5,Boat,Free Delivery
Speaker,Artis Mini 2.0 USB Multimedia Speakers,399.0,5.0,1,Amazon,Free Delivery
Speaker,Mivi Fort S24 Soundbar,1499.0,4.8,144,Flipkart,Free Delivery
Speaker,"Zebronics ZEB-COUNTY 3W Wireless Bluetooth Portable Speaker With Supporting Carry Handle, USB, SD Card, AUX, FM & Call Function. (Green)",67.0,4.8,144,Amazon,Free Delivery
Speaker,JBL PartyBox Stage 320 Bluetooth Speaker,44999.0,4.8,6000,Reliance,Free Delivery by Sat
Speaker,Marshall Woburn III Bluetooth Speaker,54999.0,4.8,1200,Vijay Sales,Free next-day Delivery
Speaker,Zebronics Astra 35 Bluetooth Speaker,849.0,4.8,144,Amazon,Free Delivery
Speaker,Edifier R1280DB Bookshelf Speakers,13490.0,4.8,2900,Flipkart,Free Delivery
Speaker,boAt Stone 180 5W Bluetooth Speaker,1299.0,4.4,39,Boat,Free Delivery
Speaker,Hammer Wave 10W Bluetooth Speaker,699.0,4.8,144,Reliance,Free Delivery by Sat
Speaker,GOBOult Bassbox Q20 Bluetooth Speaker,1899.0,4.4,19,Goboult.Co.In,Free Delivery
Speaker,E GATE C212 20W Wireless Bluetooth Speaker,890.0,4.8,144,Amazon,Free Delivery
Speaker,boAt Stone 1200 Pro 60W Bluetooth Speaker,4999.0,4.0,3,Flipkart,Free Delivery
Speaker,Bowers & Wilkins Zeppelin Wireless Speaker,86900.0,4.9,15,Vplak.Com,Free Delivery
Speaker,boAt Stone 208 Portable Bluetooth Speaker,1099.0,4.5,4,Reliance,Free Delivery by Sat
Speaker,Zebronics Zeb Pluto 2.0 Speaker,242.0,4.8,144,Amazon,Free Delivery
Speaker,boAt Party Pal 320 Party Speaker,9655.0,4.6,5,Flipkart,Free Delivery
Speaker,Sonos Era 100,22999.0,4.5,22000,Sonos,Free Delivery
Speaker,boAt Aavante 2.1 1200 Soundbar,5499.0,5.0,7,Boat,Free Delivery
Speaker,JBL Go 4 Ultra-Portable Wireless Bluetooth Speaker,3499.0,4.8,19000,Amazon,Free Delivery
Speaker,boAt Aavante 2.0 150 Portable Soundbar,1499.0,5.0,4,Myntra - Mnow,Free Delivery
Speaker,Msnr Soundbar Premium Black Partypal Bluetooth Wireless Auxiliary Usb Fm Speaker,896.0,4.8,144,Flipkart,Free Delivery
Speaker,"TRONICA Super King 5.1 | Bluetooth Home Theater System | 40W Multimedia Speaker with Subwoofer & Deep Bass | Sound System for TV, Laptop, Phone, Music",2573.0,4.8,144,Amazon,Free Delivery
Speaker,Marshall Acton III Bluetooth Home Speaker,26999.0,4.8,3300,Tata Cliq - Fashion,Free Delivery by Tue
Speaker,Noise Vibe 2 5W Wireless Speaker,1099.0,4.3,20,Reliance,Free Delivery by Sat
Speaker,pTron Fusion Party V2 40W Bluetooth Speaker,3439.0,4.8,144,Ptron,Free Delivery
Speaker,FRONTECH 2.0 Multimedia Speaker,520.0,4.8,144,Amazon,Free Delivery
Speaker,Zebronics Sound FEAST 450 Portable Wireless Speaker,3489.0,4.8,144,Flipkart,Free Delivery
Speaker,boAt Aavante Bar 490 Bluetooth Soundbar,1099.0,4.5,11,Boat,Free Delivery
Speaker,Portronics Fynix Mini 20W Portable Bluetooth Speaker TWS,1699.0,4.8,144,Amazon,Free Delivery
Speaker,Amazon Echo Pop Smart Speaker,3499.0,5.0,8,Dailydeals365.In,Free Delivery by Wed
Speaker,boAt Stone Arc Pro Wireless Speaker,2125.0,1.0,1,Flipkart,Free Delivery
Speaker,JBL Flip 6 Portable Bluetooth Speaker,5631.12,4.6,10000,Vlebazaar.In,Free Delivery by Wed
Speaker,Sonos Five Wireless Speaker,54999.0,4.5,11000,Amazon,Free Delivery
Speaker,boAt Stone 1200 Pro 60W Bluetooth Speaker,4999.0,4.0,3,Boat,Free Delivery
Speaker,boAt Stone 310 Wireless Speaker,1299.0,5.0,1,Myntra,Free Delivery by Tue
Speaker,Marshall Emberton III Portable Bluetooth Speaker,17949.0,4.8,2900,Tata Cliq Luxury,Free Delivery
Speaker,Zebronics Sonic Pod 15 5W BT Speaker,679.0,4.8,144,Amazon,Free Delivery
Speaker,boAt Stone Arc Bluetooth Speaker,2299.0,4.3,3,Flipkart,Free Delivery
Speaker,Klipsch Austin Portable Bluetooth Speaker,9499.0,4.9,219,The Sound Factor,Free Delivery
Speaker,JBL Go 3 Portable Bluetooth Speaker,2999.0,4.8,17000,Flipkart,Free Delivery
Speaker,Creative Pebble 2.0 USB-Powered 4.4W Desktop Speakers,2199.0,4.8,4300,Amazon,Free Delivery
Speaker,IT 120 2.0 Desktop Speaker,699.0,4.8,144,Amazon,Free Delivery
Speaker,Blaupunkt Sba20+ 20 W Bluetooth Soundbar,1199.0,4.4,38,Flipkart,Free Delivery
Speaker,Tribit XSound Go Portable Wireless Speaker,1885.0,4.9,889,Zop,Free Delivery
Speaker,Zebronics Sound FEAST 450 Portable Wireless Speaker,3499.0,4.8,144,Zebronics,Free Delivery
Speaker,Ambrane Evoke Cube Plus 5W Portable Bluetooth Speaker,599.0,4.8,144,Amazon,Free Delivery
Speaker,boAt Stone 352 Bluetooth Speaker with 10W RMS Stereo,1099.12,4.6,39,Vlebazaar.In,Free Delivery by Wed
Speaker,Edifier R33BT Speaker,5990.0,4.8,382,Edifier,Free Delivery by Mon
Speaker,Edifier R1080BT Bookshelf Speaker,8990.0,4.8,238,Amazon,Free Delivery
Speaker,Dubstep Pop 1400 Portable Bluetooth Speaker,699.0,4.8,144,Amazon,Free Delivery
Speaker,Sonos Era 300,44999.0,4.7,6800,Tata Cliq Luxury,Free Delivery
Speaker,Portronics Dash 4 Portable Wireless Party Speaker,5999.0,4.4,8,Amazon,Free Delivery
Speaker,Zebronics Party Fyre 100 Portable Bluetooth Speaker,7999.0,4.8,144,Zebronics,Free Delivery
Speaker,boAt Aavante 2.1 1600D Soundbar,6499.0,4.5,2,Boat,Free Delivery
Speaker,JBL Charge 5 Portable Bluetooth Speaker,14999.0,4.7,14000,Flipkart,Free Delivery
Speaker,Ahuja SRX-50XT Speaker,5359.0,4.8,144,Ahuja World,Free Delivery
Speaker,boAt Stone 350 Pro Plus 16W Bluetooth Speaker,1799.0,5.0,1,Boat,Free Delivery
Laptop,Lenovo IdeaPad 3 11th Gen Intel Core i3 Laptop,35658.0,4.5,29,Flipkart,Free Delivery
Laptop,HP Laptop 15 13th Gen Intel Core i3-1315U,55900.0,5.0,9,Amazon,Free Delivery
Laptop,Prittec Intel Celeron Dual Core N4200 Laptop,25799.0,4.5,29,Flipkart,Free Delivery
Laptop,ASUS Vivobook Go 15 AMD Ryzen 5 7520U Laptop,48990.0,4.6,25,Reliance,Free Delivery by Sat
Laptop,Lenovo IdeaPad 3 Intel Core 11th Gen Laptop,51990.0,4.5,4600,Amazon,Free Delivery
Laptop,HP 14s AMD Ryzen 5-5500U Laptop,56998.0,4.5,29,Flipkart,Free Delivery
Laptop,Dell Inspiron 14 Plus 7000 2-in-1 ビジネスノートパソコン(14インチ FHDタッチスクリーン、Intel Core Ultra 7 256V (> i7-1355U)、16GB DDR5、1TB SSD、IST Dock)バックライト付きKB、指紋、24時間,5240.0,4.6,936,Desertcart.In,Free Delivery
Laptop,JioBook 11 2023,9999.0,4.5,29,Amazon,Free Delivery
Laptop,Acer Aspire 13th Gen Intel Core i5 Laptop,64990.0,4.5,29,Flipkart,Free Delivery
Laptop,Lenovo Ideapad Slim 3 Intel Core 12th Gen 8 Gb Ssd/Windows 11 Home 15iau7 Thin And Light Laptop,35099.0,4.5,29,Flipkart,Free Delivery
Laptop,ASUS Vivobook Go 14 Laptop AMD Ryzen 3 7320U 512,56899.0,4.8,82,Flipkart,Free Delivery
Laptop,HP 15 AMD Ryzen 3 7320U Quad Core,53840.0,4.5,29,Amazon,Free Delivery
Laptop,"Lenovo Legion 7i Gaming Laptop, 16'' 2.5K OLED 240Hz 500 nits(2560 x 1600), Intel-15 Core Ultra 9 275HX(24 Cores), NVIDIA GeForce RTX 5070, 8GB GDDR7,",6186.0,4.7,442,Desertcart.In,Free Delivery
Laptop,Samsung Galaxy Book5 Laptop,87990.0,4.5,1100,Flipkart,Free Delivery
Laptop,Lenovo IdeaPad Slim 3 Gen 8 Laptop,61800.0,4.6,203,Amazon,Free Delivery
Laptop,Asus Vivobook Go 15 Laptop,48990.0,3.9,14,Flipkart,Free Delivery
Laptop,Acer Aspire 5 A515-56-52SH Laptop,18000.0,4.6,114,Gameloot,Free Delivery
Laptop,Lenovo IdeaPad 3 12th Gen Intel Core i3 Laptop,54890.0,5.0,22,Amazon,Free Delivery
Laptop,HP Laptop AMD Ryzen 3 7320U,51990.0,4.5,29,Flipkart,Free Delivery
Laptop,"Apple 2025 MacBook Air 13-inch Laptop with M4 chip, 16GB Unified Memory, 1TB SSD Storage - Silver",2129.0,4.8,5700,Desertcart.In,Free Delivery
Laptop,"ASUS Vivobook 16"" Snapdragon X Laptop",63990.0,3.8,48,Amazon,Free Delivery
Laptop,"Lenovo IdeaPad 1 15"" AMD Ryzen 5 Laptop",47290.0,4.5,29,Flipkart,Free Delivery
Laptop,"Lenovo IdeaPad Slim 3 15.6"" FHD AMD Ryzen 3 7320U Laptop",37999.0,4.5,29,Reliance,Free Delivery by Sat
Laptop,"HP 15.6"" AMD Ryzen 3 Laptop",51990.0,4.5,29,Flipkart,Free Delivery
Laptop,Acer One 15 AMD Ryzen 3 Octa Core 7320U Laptop,39090.0,4.5,29,Amazon,Free Delivery
Laptop,ASUS Vivobook 15 2026,54964.0,4.1,22,Flipkart,Free Delivery
Laptop,Dell Inspiron 3511 Laptop Intel Core,50998.0,4.4,185,Flipkart,Free Delivery
Laptop,Lenovo IdeaPad Slim 3X 2025 Everyday AI Laptop,66500.0,4.5,29,Amazon,Free Delivery
Laptop,"(CTO) Apple 15-inch MacBook Air: M5 chip w 10-core CPU - 10-core GPU, 24GB, 512GB, Silver, 40W - Z1LQ000RE - (2026)",2560.0,4.9,1600,Desertcart.In,Free Delivery
Laptop,"Lenovo IdeaPad Slim 3 15.6"" Intel Celeron N4020 Laptop",27990.0,4.5,29,Flipkart,Free Delivery
Laptop,ASUS Vivobook 15 Intel Core i3 Laptop,52990.0,4.7,3,Amazon,Free Delivery
Laptop,HP Pavilion Plus 13th Gen Intel Core i5 Laptop,69990.0,4.5,29,Flipkart,Free Delivery
Laptop,"Samsung Galaxy Book4 15.6"" Intel Core 5 120U Laptop",62995.0,4.5,29,Reliance,Free Delivery by Sat
Laptop,"ASUS Vivobook 15.6"" i5 14th Gen Laptop",63990.0,4.3,22,Amazon,Free Delivery
Laptop,"HP Laptop 39.6 cm 15.6"" 15-fc0500AU Silver",52990.0,4.7,3,Flipkart,Free Delivery
Laptop,ASUS Vivobook 15 Laptop,58990.0,3.4,16,Flipkart,Free Delivery
Laptop,HP 15 Laptop,66400.0,4.5,29,Amazon,Free Delivery
Laptop,ASUS Vivobook 15 AMD Ryzen 5 150 Laptop,68236.0,5.0,2,Flipkart,Free Delivery
Laptop,Lenovo IdeaPad 1 15AMN7 AMD Ryen 3 Laptop,18000.0,4.4,144,Gameloot,Free Delivery
Laptop,HP HP 15 AMD Ryzen Core,48850.0,4.2,54,Amazon,Free Delivery
Laptop,ASUS ROG Strix G16 Gaming Laptop,154990.0,4.5,29,Flipkart,Free Delivery
Laptop,HP Victus Gaming Laptop,81990.0,4.0,8,Reliance,Free Delivery by Sat
Laptop,Apple MacBook Neo,79900.0,4.8,5100,Apple,Free Delivery
Laptop,"Acer Chromebook, MediaTek Kompanio 540 Octa-Core Processor, 4GB RAM, 64GB eMMC, Full HD, 11.6""/27.94cm Display, Chrome OS, Black, 1.2 KG, C725, Arm",19990.0,4.5,29,Amazon,Free Delivery
Laptop,Asus ROG Zephyrus G16 2026,449990.0,4.5,29,Saumyasstore,Free Delivery
Laptop,Lenovo V15 G4 AMD Athlon Silver 7120U Laptop,44999.0,4.5,29,Amazon,Free Delivery
Laptop,Acer Aspire 3 Intel Core Celeron N4500 Laptop,37290.0,4.5,29,Flipkart,Free Delivery
Laptop,Lenovo Laptops,12500.0,4.5,29,Tradeindia.Com,Free Delivery
Laptop,Apple MacBook Air M2 chip,48400.0,4.7,5500,Lowestrate Shopping,Free Delivery
Laptop,HP 15-fc0805AU AMD Ryzen 5-7520U Laptop,54990.0,4.9,15,Amazon,Free Delivery
Laptop,Lenovo IdeaPad Slim 3i Chromebook,24890.0,4.5,29,Flipkart,Free Delivery
Laptop,Samsung Galaxy Book6 16GB 512GB Gray,117990.0,4.5,29,Samsung,Free Delivery by Sat
Laptop,ASUS Chromebook CM32 Detachable 2026,37990.0,4.5,29,Amazon,Free Delivery
Laptop,ASUS TUF Gaming A15 Laptop,73490.0,4.2,137,Gadgets Now,Free Delivery by Wed
Laptop,Asus Zenbook A14 Oled,86305.0,4.0,42,Flipkart,Free Delivery
Laptop,Dell 15 AI Powered Laptop,75990.0,4.5,29,Amazon,Free Delivery
Laptop,"HP 14"" HD Laptop (2022)",25000.0,3.6,82,Tradeindia.Com,Free Delivery
Laptop,Lenovo IdeaPad Slim 3 15IRU8 Laptop,49999.0,4.5,29,Jiomart,Free Delivery by Tue
Laptop,ASUS TUF Gaming F16 Gaming Laptop,104990.0,4.1,108,Reliance,Free Delivery by Sat
Laptop,MSI Thin 15 Gaming Laptop,82400.0,4.5,29,Amazon,Free Delivery
Laptop,Lenovo IdeaPad 1 Intel Celeron N4020 Laptop,27290.0,4.5,29,Flipkart,Free Delivery
Laptop,Acer Aspire Lite AMD Ryzen 3 7330U Laptop,47999.0,4.5,29,Acer Store - India,Free Delivery
Laptop,ASUS Vivobook Go 14,48990.0,4.0,4,Amazon,Free Delivery
Laptop,Apple MacBook Air M5 chip,149900.0,4.9,2900,Apple,Free Delivery
Laptop,Asus Chromebook Cx14 Intel Celeron Dual Core N50 - 4 Gb/128 Gb Emmc Storage/Chrome Os Cx1405cta-s60621 Chromebook Laptop,24490.0,4.5,29,Flipkart,Free Delivery
Laptop,"Samsung Galaxy Book4 Edge 15.6"" FHD Anti-Glare Laptop",72999.0,4.5,29,Amazon,Free Delivery
Laptop,"ASUS ROG Zephyrus Duo 16"" Gaming Laptop Intel Core Ultra 9 386H",1233801.0,4.5,29,Desertcart.In,Free Delivery
Laptop,Lenovo IdeaPad Slim 3 Laptop 83k,94990.0,4.5,29,Lenovo,Free Delivery
Laptop,HP Omen Slim Gaming Laptop,166990.0,4.5,29,Amazon,Free Delivery
Laptop,Primebook S WiFi Laptop,14500.0,4.5,29,Flipkart,Free Delivery
Laptop,ASUS Chromebook CM1505,30990.0,4.5,29,Amazon,Free Delivery
Laptop,"Acer Aspire Lite 15.6"" Intel Core i3-1115G4 Laptop",50599.0,4.5,29,Vijay Sales,Free next-day Delivery
Laptop,HP 15-fc0782AU AMD Ryzen 5 Laptop,66990.0,4.8,7,Croma,Free Delivery
Laptop,Acer Aspire Lite AMD Ryzen 5 5625U Laptop,51990.0,4.5,29,Flipkart,Free Delivery
Laptop,HP Omen Gaming Laptop,146990.0,4.5,29,Amazon,Free Delivery
Laptop,Lenovo LOQ 13th Gen Gaming Laptop,116990.0,5.0,1,Gadgets Now,Free Delivery by Wed
Laptop,ASUS Vivobook Go 15 Laptop,50690.0,3.7,41,Flipkart,Free Delivery
Laptop,"HP 15.6"" AMD Ryzen 3 Laptop",49962.0,4.5,29,Flipkart,Free Delivery
Laptop,Asus Vivobook Go 15 Laptop,44990.0,3.9,14,Flipkart,Free Delivery
Laptop,Macbook Air M2 13.6-Inch 256Gb,2670.0,5.0,4,Desertcart.In,Free Delivery
Laptop,"ASUS Vivobook 16"" Snapdragon X Laptop",68500.0,3.8,48,Flipkart,Free Delivery
Laptop,"HP 15.6"" Intel Core i3-1315U Laptop",37990.0,4.5,29,Amazon,Free Delivery
Laptop,Lenovo V15 AMD Ryzen 3 Quad Core 7th Gen 7320U Laptop,30990.0,4.5,29,Ibox Services,Free Delivery
Laptop,HP Laptop AMD Ryzen 3 7320U,52990.0,4.5,29,Flipkart,Free Delivery
Laptop,Samsung Galaxy Book4 Edge Series Laptop,73690.0,5.0,1,Flipkart,Free Delivery
Laptop,MSI Modern 14 Laptop,49990.0,4.5,29,Amazon,Free Delivery
Laptop,Asus Vivobook 15 Laptop,42990.0,5.0,2,Flipkart,Free Delivery
Laptop,"ASUS VivoBook 15 12th Gen Core i3 8GB RAM 512GB SSD 15.6"" Laptop",56500.0,3.6,77,Flipkart,Free Delivery
Laptop,ASUS Vivobook 15 Core i5 13th Gen 13420H Laptop,65990.0,3.8,29,Amazon,Free Delivery
Laptop,"HP Envy x360 2-in-1 Laptop 15.6"" Touch-Screen - Intel Core i5-8GB Memory - 256GB SSD - Natural Silver (Renewed)",3097.0,4.5,29,Desertcart.In,Free Delivery
Laptop,ASUS Vivobook 15 Intel Core i5-120U Laptop,65980.0,4.5,31,Flipkart,Free Delivery
Laptop,ASUS Vivobook Go 15,54991.0,3.9,19,Flipkart,Free Delivery
Laptop,"Lenovo IdeaPad 1 15"" AMD Ryzen 5 Laptop",58899.0,4.5,29,Flipkart,Free Delivery
Laptop,Lenovo IdeaPad 1 AMD Ryzen 3 3250U Laptop,55000.0,4.5,29,Flipkart,Free Delivery
Laptop,ASUS Vivobook 15 2026,67990.0,5.0,2,Amazon,Free Delivery
Laptop,Lenovo IdeaPad Slim 3i 12th Gen Intel Core i5-12450H Laptop,69990.0,5.0,5,Flipkart,Free Delivery
Laptop,Lenovo IdeaPad Slim 3 15ABR8 AMD Ryzen 5 Laptop,61890.0,4.5,29,Flipkart,Free Delivery
Laptop,ASUS Vivobook 16 Intel Core Ultra 5 Laptop,75890.0,4.2,100,Amazon,Free Delivery
Laptop,HP 15s-eq1560AU Laptop,52890.0,4.5,29,Flipkart,Free Delivery
Laptop,"Acer Aspire Lite AL15-52 15.6"" Intel Core i3 12th Gen Laptop",17500.0,4.5,29,Gameloot,Free Delivery
Laptop,"HP Laptop 39.6 cm 15.6"" 15-fc0500AU Silver",55763.0,4.7,3,Flipkart,Free Delivery
Laptop,Lenovo V15 AMD Ryzen 3 7320U Laptop,49999.0,5.0,5,Amazon,Free Delivery
Laptop,"Lenovo IdeaPad Flex 5 14"" AMD Ryzen 5 7530U Laptop",60490.0,4.5,29,Flipkart,Free Delivery
Laptop,ASUS Vivobook 15 Intel Core i3 13th Gen Laptop,57500.0,2.8,7,Flipkart,Free Delivery
Laptop,"HP (Upgraded) Omen 16-wf0000 Laptop (2023) | 16.1"" 1920x1080 FHD | Core i7-13700HX - 1TB SSD Hard Drive - 16GB RAM - Nvidia GeForce RTX 4060 | 16",4871.0,4.9,13,Desertcart.In,Free Delivery
Laptop,HP HP 15 AMD Ryzen Core,51800.0,4.2,54,Flipkart,Free Delivery
Tablet,Samsung Galaxy Tab A11+ 5G Tablet,26498.0,4.7,3300,Flipkart,Free Delivery
Tablet,"Redmi Pad SE 11"" Wi-Fi Android Tablet",11499.0,4.8,89,93Mobiles,Free Delivery
Tablet,Android 15 Tablet 10 Inch 12GB RAM 64GB ROM 1TB Expandable 2 in 1 Tablets Keyboard/,8599.0,3.4,5,Amazon,Free Delivery
Tablet,Samsung Galaxy Tab A11 Plus Wi-Fi Android Tablet,24985.0,4.6,12000,Flipkart,Free Delivery
Tablet,Motorola Pad 60 Neo 8 Gb Ram 128 Gb Rom 11 Inch With Wi-fi+5g Tablet,16631.12,5.0,20,Vlebazaar.In,Free Delivery by Wed
Tablet,Android 15 Tablet 10 inch 12GB RAM 64GB ROM 1TB Max,11806.0,4.8,89,Amazon,Free Delivery
Tablet,Redmi Pad Ram,12499.0,4.8,50,Flipkart,Free Delivery
Tablet,"Lenovo Idea Tab 11"" 128GB/8GB WiFi Grey Tablet + Pen",1115.0,4.5,438,Desertcart.In,Free Delivery
Tablet,HONOR Pad 8 12-inch Wi-Fi Tablet,9999.0,4.8,368,93Mobiles,Free Delivery
Tablet,OnePlus Pad Go,17999.0,4.6,17,Flipkart,Free Delivery
Tablet,"tablet, 10 inch Android Tablet with 128GB ROM, 16GB RAM (up to 2TB), Octa-Core Processor, 5G WiFi Tablet, with Keyboard and Mouse Case, 13MP+8MP",13809.0,4.8,89,Amazon,Free Delivery
Tablet,Samsung Galaxy Tab A9,11999.0,4.7,8000,Reliance,Free Delivery by Sat
Tablet,Redmi Pad SE 4G Tablet,10999.0,4.7,34,Flipkart,Free Delivery
Tablet,Redmi Pad Pro 5G,34499.0,4.8,268,Amazon,Free Delivery
Tablet,Redmi Pad 2 Wi-fi+4g Android Tablet,22999.0,4.9,466,Mi.com,Free Delivery
Tablet,Lenovo Tab M10 Plus 3rd Gen 10.61-inch Wi-Fi Tablet,13899.0,4.8,89,Flipkart,Free Delivery
Tablet,"10.1"" Android Tablet",15900.0,4.8,89,Amazon,Free Delivery
Tablet,Redmi Pad Tablet,4000.0,4.8,89,Gameloot,Free Delivery
Tablet,OnePlus Pad Lite 11-inch Tablet,19999.0,4.6,60,Flipkart,Free Delivery
Tablet,Lenovo Tab M11 11 Inch Wi-Fi Android Tablet,14999.0,4.4,117,Zepto,Free 10 min Delivery
Tablet,"Tablet 10.1 inch Android 14 Tablets, 6GB RAM 64GB ROM 1TB Expand, Quad-Core Tablet with Case, 1280x800 IPS Touch Screen, 6000mAh, BT5.0, Dual Camera,",14999.0,4.8,89,Amazon,Free Delivery
Tablet,Realme Pad 2 11.5 Inch Wi-Fi+4G Tablet,28000.0,4.9,20,Flipkart,Free Delivery
Tablet,SAMSUNG Galaxy Tab S6 LITE Wi-Fi 10.4-inch Android Tablet 4GB RAM 64GB Storage Model 2024 Edition - Mint,1407.0,4.7,2100,Desertcart.In,Free Delivery
Tablet,CUPEISI 10 inch Android 13 Tablet,12438.67,4.8,89,Amazon,Free Delivery
Tablet,Oppo Pad SE 11-inch Wi-Fi+4G Android Tablet,20999.0,5.0,5,Flipkart,Free Delivery
Tablet,Redmi Pad Pro 5G Android Tablet,19799.12,4.8,89,Vlebazaar.In,Free Delivery by Wed
Tablet,Apple iPad Wi-Fi,49900.0,4.8,70000,Apple,Free Delivery
Tablet,"Android Tablet, 10.1 Inch, Android 14 Tablets, 6GB RAM, 64GB ROM, 1TB Expansion, 1280x800 IPS HD Touchscreen, 6000mAh Battery, Bluetooth, Dual Camera,",13388.93,4.8,89,Amazon,Free Delivery
Tablet,Redmi Pad SE 4G Android Tablet,10999.0,4.8,89,Flipkart,Free Delivery
Tablet,Redmi Pad 2 11-inch Wi-Fi Android Tablet,18999.0,4.8,89,Mi.com,Free Delivery
Tablet,"7 Inch Tablet with Case, Five Core Android 15 Tablets, 8GB RAM 32GB Storage 1TB Expand, 5G WiFi,1024x600 IPS HD Screen, 3500mAh, Dual Camera, Type C",6845.0,4.8,89,Amazon,Free Delivery
Tablet,Lenovo Tab Plus Wi-Fi Tablet,21999.0,4.6,474,Flipkart,Free Delivery
Tablet,"Samsung Galaxy Tab A11+, Android Tablet, AI Features, Sleek and Modern Design, 11 Inch 90Hz Display, 128GB Storage, 6GB Memory, With Dolby Quad",1483.0,4.6,12000,Desertcart.In,Free Delivery
Tablet,"Samsung Galaxy Tab A9 22.10 cm (8.7 inch) Display, Gray,RAM 4 GB, ROM 64 GB Expandable, Wi-Fi+4G, Tablet, Gray",11099.0,4.8,633,Jiomart,Free Delivery by Tue
Tablet,IWEGGO Android 15 Tablet,11999.0,4.8,89,Amazon,Free Delivery
Tablet,Moto Pad 60 Neo 11 Inch WiFi + 5G Tablet,27999.0,4.8,89,Flipkart,Free Delivery
Tablet,Samsung Galaxy Tab A9+,6000.0,4.6,17000,Gameloot,Free Delivery
Tablet,Lenovo Tab M10 HD 2nd Gen,11990.0,4.3,588,Amazon,Free Delivery
Tablet,"Acer Iconia Tab iM10-22 10.36"" Touchscreen Tablet",20990.0,4.8,89,Flipkart,Free Delivery
Tablet,"Samsung Galaxy Tab S11 Ultra, AI Tablet, Wi-Fi, Light Design, Multi-Modal AI Tools, DeX Connect, 512GB Storage, 12GB Memory, Long Battery Life, Silver",2186.0,4.8,2800,Desertcart.In,Free Delivery
Tablet,iKall N7 7-inch Wi-Fi Android Tablet,4089.0,5.0,6,Amazon,Free Delivery
Tablet,i17 Pro 5G Tablet - 5G Android Smart Tablet,8999.0,4.8,89,Zone Alpha,Free Delivery
Tablet,Samsung Galaxy Tab A9 8.7-inches Wi-Fi+4G,14699.0,4.8,10,Reliance,Free Delivery by Sat
Tablet,"Redmi Pad SE 11"" Wi-Fi Android Tablet",11999.0,4.8,89,Flipkart,Free Delivery
Tablet,Redmi Pad 2 Wi-fi+4g Android Tablet,18999.0,4.9,466,Mi.com,Free Delivery
Tablet,"Redmi Pad 2 11"" Android Tablet",15047.12,5.0,2,Vlebazaar.In,Free Delivery by Wed
Tablet,Motorola Pad 60 Neo 8 Gb Ram 128 Gb Rom 11 Inch With Wi-fi+5g Tablet,20499.0,5.0,20,Flipkart,Free Delivery
Tablet,OnePlus Pad Go 2,29999.0,5.0,73,Amazon,Free Delivery
Tablet,Apple iPad Air 2 Tablet,2099.0,4.4,10000,Ovantica.Com,Free Delivery
Tablet,Samsung Galaxy Tab A9,15999.0,4.7,8000,Reliance,Free Delivery by Sat
Tablet,CUPEISI 10 inch Android 13 Tablet,7525.0,4.8,89,Ubuy.Co.In,Free Delivery
Tablet,"Android 13 Tablet with Keyboard, 2024 Newest 10 Inch 2-in-1 Tablet, 8GB RAM+128GB ROM/1TB Expandable Tablet PC, Quad-Core 2.0GHz CPU 10 Inch HD Screen",11775.0,4.8,89,Amazon,Free Delivery
Tablet,Samsung Galaxy Tab S11 Ultra,121999.0,4.8,2800,Samsung,Free Delivery by Sat
Tablet,Samsung Galaxy Tab S10 Lite 10.9-inch Wi-Fi Tablet,33790.0,4.7,4000,Flipkart,Free Delivery
Tablet,Lenovo Tab 10.1 Inch Tablet,18998.0,4.8,89,Amazon,Free Delivery
Tablet,Redmi Pad SE 4G Tablet,9499.0,4.7,34,Addmecart,Free Delivery
Tablet,Motorola Pad 60 Neo WiFi Only,21499.0,4.8,4,Flipkart,Free Delivery
Tablet,HOTTABLET 7Inch Android 14.0 Tablet,6076.82,4.8,89,Amazon,Free Delivery
Tablet,Apple iPad mini Wi-Fi,69900.0,4.8,6000,Apple,Free Delivery
Tablet,Realme Pad 3 With Biggest Battery In Segment 8 Gb Ram 128 Gb Rom 11.6 Inch,39999.0,4.9,89,Reliance,Free Delivery by Sat
Tablet,"Samsung Galaxy Tab A11+ 11"" Wi-Fi+5G Tablet",26849.0,5.0,5,Flipkart,Free Delivery
Tablet,CUPEISI Android 14 Tablet,6149.32,4.8,89,Amazon,Free Delivery
Tablet,Acer ICONIA Tab iM11-12M 29.08 cm 90 Hz IPS Display 450 nits 8GB RAM + storage 16MP Rear + 8MP Front Camera Fingerprint Reader Wi,28490.0,4.8,89,Acer Store - India,Free Delivery
Tablet,"Xiaomi Pad 8 Wi-Fi Android Tablet (11.2 Inch, 8GB RAM, 128GB ROM, Graphite Grey)",38999.0,4.8,79,Croma,Free Delivery
Tablet,OnePlus Pad 4 13.2 Inch Wi-Fi Android Tablet,59999.0,4.8,23,Flipkart,Free Delivery
Tablet,"Brave Ark (SmartChoice) Android Tablet with Pen| 12.95""(32cm) 2.8K 144Hz Display| Snapdragon 8s Gen 3| AI-Enabled|12GB RAM, 256GB ROM| Segment's",37999.0,4.8,89,Amazon,Free Delivery
Tablet,Xiaomi Pad 8 Wi-Fi Android Tablet,38999.0,4.5,2,Vijay Sales,Free next-day Delivery
Tablet,Apple 13-inch iPad Air M4,131900.0,4.4,1500,Apple,Free Delivery
Tablet,IWEGGO Android 15 Tablet,10238.0,4.8,89,Amazon,Free Delivery
Tablet,Lenovo Idea Tab Plus 30.73 cms Tablet,31991.0,4.0,2,Lenovo,Free Delivery
Tablet,Samsung Galaxy Tab A11,22499.0,4.5,3700,Flipkart,Free Delivery
Tablet,Xiaomi Redmi Pad 2 4gb/128gb 11 Tablet,19999.0,4.9,230,Mi.com,Free Delivery
Tablet,Samsung Galaxy Tab A11,12999.0,4.5,3700,Samsung,Free Delivery by Sat
Tablet,OnePlus Pad Go,17999.0,4.6,17,Reliance,Free Delivery by Sat
Tablet,"Lenovo Tab M11 11"" 90 Hz Tablet",13249.0,4.8,89,Zepto,Free 10 min Delivery
Tablet,OnePlus Pad Lite 11-inch Tablet,19999.0,4.6,60,Amazon,Free Delivery
Tablet,Redmi Pad SE 4G Android Tablet,11999.0,4.8,89,Reliance,Free Delivery by Sat
Tablet,Motorola Pad 60 Neo 8 Gb Ram 128 Gb Rom 11 Inch With Wi-fi+5g Tablet,18299.0,5.0,20,Jiomart,Free Delivery by Tue
Tablet,Apple iPad Wi-Fi,47490.0,4.8,70000,Croma,Free Delivery
Tablet,OnePlus Pad Go 2,29999.0,5.0,73,Vijay Sales,Free next-day Delivery
Tablet,Redmi Pad SE 4G Tablet,11999.0,4.7,34,Reliance,Free Delivery by Sat
Tablet,Oppo Pad Air Tablet,11990.0,4.7,15,Unboxify,Free Delivery
Tablet,"IKALL N11 Tablet – 7 inch HD Display, Android 8.0, Quad-Core Processor, 2GB RAM, 16GB Storage & 3000mAh Battery - Black",2998.0,4.8,89,Addmecart,Free Delivery
Tablet,OnePlus Pad Lite 11 inch Wi-Fi Tablet,19999.0,4.8,89,Jiomart Electronics,Free Delivery by Wed
Tablet,Moto Pad 60 Neo 11 Inch WiFi + 5G Tablet,29999.0,4.8,89,Reliance,Free Delivery by Sat
Tablet,Samsung Galaxy Tab S10+,79999.0,5.0,1,Amazon,Free Delivery
Tablet,Lenovo Tab Plus 11.5 Inch Android Tablet,23999.0,4.6,50,Amazon,Free Delivery
Tablet,Acer ICONIA Tab iM11-12M 29.08 cm 90 Hz IPS Display 2.2K resolution450 nits 8 GB RAM + 128 GB Storage 16MP Rear + 8MP Front Camera Fingerprin,21999.0,4.8,89,Acer Store - India,Free Delivery
Tablet,OnePlus Pad 4 13.2 Inch Wi-Fi Android Tablet,59999.0,4.8,23,Reliance,Free Delivery by Sat
Tablet,"10"" Android 15 Tablet with Case, 12GB RAM + 64GB ROM (Expand to 1TB), Quad Core Processor, 5G WiFi 6, BT5.0, 1280x800 HD Display, 6000mAh, Dual Camera",11349.0,4.8,89,Amazon,Free Delivery
Tablet,Samsung Galaxy Tab S11 Wi-Fi Android Tablet with S Pen,96999.0,5.0,8,Samsung,Free Delivery by Sat
Tablet,"Lenovo Tab 10.1"" 4G Tablet",17099.05,4.8,89,Reliance,Free Delivery by Sat
Tablet,"IKALL N8 Plus Tablet – 7"" WiFi Android Tablet | 2GB RAM, 16GB ROM | 2MP Rear Camera | 3000mAh Battery | Quad-Core Processor| Android 8.0 (Black)",2998.0,4.8,89,Addmecart,Free Delivery
Tablet,"HNVHNV Android 15 Tablet 7 Inch Tablet, 9GB RAM 32GB ROM 1TB Expansion, Quad-core Processor, Dual Camera, 5G/2.4G WiFi, Bluetooth, Parental Control,",6634.23,4.8,89,Amazon,Free Delivery
Tablet,Moto Pad 70 Pro Gaming Tablet,40999.0,4.8,89,Reliance,Free Delivery by Sat
Watch,GOLDENIZE Fashion Branded Men's Sport Quartz Watch Car Wheel Multicolour Dial Wheel Dial 360 Rotating Casual Fashion Stainless Steel Alloy Mens &Boy's,498.0,4.6,62,Amazon,Free Delivery
Watch,Casio Vintage Collection Digital Watch,1895.0,4.7,5300,Myntra,Free Delivery by Tue
Watch,Men Sylvi Timegrapher Black,1779.0,4.6,62,Sylvi,Free Delivery
Watch,Titan Karishma Analog Black Dial Men's Watch,1966.0,4.6,62,Amazon,Free Delivery
Watch,boAt Storm Infinity 1.83 inch HD Display,1499.0,4.6,29,Vijay Sales,Free next-day Delivery
Watch,Casio D002 Vintage Series Digital Watch,1295.0,4.8,4600,Amazon,Free Delivery
Watch,Sylvi Iconic Branded Men's Watches,1549.0,4.6,62,Sylvi,Free Delivery
Watch,Fastrack Unisex Fastfit Quartz Analog Watch,995.0,4.1,46,Fastrack.In,Free Delivery
Watch,Shocknshop Digital Sports Stylish Multifunctional Electronic LED Black Dial Wrist Watch,499.0,4.6,62,Amazon,Free Delivery
Watch,Movado Men's Bold Chronograph Watch,90000.0,4.6,62,Helios - The Watch Store,Free Delivery
Watch,Noise ColorFit Pulse 4 Max Smart Watch,2499.0,4.8,49,Noise,Free Delivery
Watch,Timex Men's Analog Watch,1048.66,4.6,62,Amazon,Free Delivery
Watch,Boys Sylvi Bolt Silver Black Digital Watch,1249.0,4.6,62,Sylvi,Free Delivery
Watch,Jaipur Watch Company Roman Baagh Steel Watch,60000.0,4.6,62,Jaipur Watch,Free Delivery
Watch,Matrix Dial Day & Date Functioning Strap Analog Watch,295.0,4.6,62,Amazon,Free Delivery
Watch,Fossil Grant Blue Chronograph Men Watch,14495.0,4.4,21,Tata Cliq Luxury,Free Delivery
Watch,Titan Karishma Zing Quartz Analog Green Dial Strap Watch,1945.0,4.4,297,Myntra,Free Delivery by Tue
Watch,SWADESI Men's Date Display Wrist Analogue Watch,449.0,4.6,62,Amazon,Free Delivery
Watch,CMF by Nothing Watch Pro Smartwatch,4319.0,4.4,57,Zepto,Free 10 min Delivery
Watch,Apple Watch SE 3 GPS 40mm Starlight Aluminium Case with Sport Band,25900.0,4.8,3400,Apple,Free Delivery
Watch,Sonata Men's Analog White Dial Watch,699.0,4.4,41,Amazon,Free Delivery
Watch,NoiseFit Halo Smartwatch,2999.0,4.9,195,Noise,Free Delivery
Watch,Samsung Galaxy Watch8 Classic,27599.0,4.6,8500,Reliance,Free Delivery by Sat
Watch,Fossil Townsman Automatic Men,21994.0,5.0,4,Amazon,Free Delivery
Watch,Sylvi Imperial Analog Watch,1849.0,4.6,62,Sylvi,Free Delivery
Watch,Jaipur Watch Company The Rare Earth Jump Hour Watch,55000.0,4.6,62,Jaipur Watch,Free Delivery
Watch,"AMERICANVIBER Modern Analog Watch, Silver and Black Two-Tone Stainless Steel Band, Octagonal Case, White Dial for Men",439.0,4.6,62,Amazon,Free Delivery
Watch,Casio B640WC-5ADF Vintage Unisex Digital Watch,5995.0,4.8,4500,Lifestylestores.Com,Free Delivery
Watch,Noise Twist Go Smartwatch,1899.0,4.6,219,Noise,Free Delivery
Watch,Men's Analog Slim Two Hands Leather Strap Watches,288.0,4.6,62,Amazon,Free Delivery
Watch,Timex Men's Green Round Dial Analog Watch,1397.0,4.8,6,Tata Cliq Fashion,"Free Delivery on ₹1,499+"
Watch,Sylvi Iconic Coffee Analog Digital Watch,1549.0,4.6,62,Sylvi,Free Delivery
Watch,Unisex Multifunction Digital Watch,599.0,4.6,62,Amazon,Free Delivery
Watch,Noise ColorFit Icon 4 Smart Watch,2099.0,4.3,115,Reliance,Free Delivery by Sat
Watch,Fastrack Jupiter S3 Smartwatch,1439.0,4.6,5,Fastrack.In,Free Delivery
Watch,Daniel Hechter Men Paris Auber Black Dial Analog Watch,1953.0,4.6,62,Amazon,Free Delivery
Watch,Tissot Everytime Swiss Quartz Analog Watch,34500.0,4.8,69,Tissot Official Store,Free Delivery
Watch,Stuhrling Original ST868 44mm Quartz Watch,72300.0,4.6,62,Stührling,Free Delivery
Watch,"Forest Luxury Gold-Tone Dial Wrist Watches, Vintage Carved Pattern Band, Quartz Movement for Men",1999.0,4.6,62,Amazon,Free Delivery
Watch,Sylvi Urbane Silver Watch,1719.0,4.6,62,Sylvi,Free Delivery
Watch,Casio Vintage Collection Digital Watch,1893.0,4.7,5300,Flipkart,Free Delivery
Watch,Matrix Arabian Aura Dial Analog Watch,315.0,4.6,62,Amazon,Free Delivery
Watch,Lois Caron Trending Day & Date Series Green Dial Wrist Watch,283.0,4.6,62,Flipkart,Free Delivery by Tue
Watch,Men Sylvi Timegrapher Black,1729.0,4.6,62,Sylvi,Free Delivery
Watch,AMERICANVIBER Affordable Men’s Wrist Watch Under 499 |Men Watch | Classic Round Dial | Quartz Movement | Stainless Steel Belt | Lightweight & Durable,444.0,4.6,62,Amazon,Free Delivery
Watch,Fastrack Astor FR2 Pro Smart Watch,2799.0,4.7,56,Fastrack.In,Free Delivery
Watch,Rocsil Analog Watch,220.0,4.6,62,Flipkart,Free Delivery by Wed
Watch,Sylvi Urbane Silver Watch,2449.0,4.6,62,Sylvi,Free Delivery
Watch,Casio Men's AE1200WH Digital Watch,899.0,4.5,718,Amazon,Free Delivery
Watch,boAt Storm Call 4 Smartwatch,1599.0,4.5,2,Boat,Free Delivery
Watch,Praizy Analog Watch - For Men,239.0,4.6,62,Flipkart,Free Delivery by Tue
Watch,Oculus Men's Aura Charcoal Minimalist Octagonal Dial Wrist Watch,299.0,4.6,62,Amazon,Free Delivery
Watch,Titan Men's Multifunction Blue Dial Strap Watch,5435.0,4.4,360,Titan.Co.In,Free Delivery
Watch,Guess Square 40mm Blue Dial Analog Men Watch,16995.0,4.6,62,Just In Time,Free Delivery
Watch,Fossil Blue Dial Men's Watch FS5237,9096.0,4.6,274,Amazon,Free Delivery
Watch,boAt Wave Call 3 Smartwatch,1399.0,4.6,62,Amazon,Free Delivery
Watch,Redmi Watch 5 Active,2999.0,4.8,9800,Mi.com,Free Delivery
Watch,Casio B640WC-5ADF Vintage Unisex Digital Watch,5995.0,4.8,4500,Luxe.Ajio.Com,Free Delivery
Watch,"AMERICANVIBER Glossy Stainless Steel Analogue Watch for Men | Black Dial, Date Function & Adjustable Lock | Premium Watches Under 499",428.0,4.6,62,Amazon,Free Delivery
Watch,Luminex Men's Luxury Diamond Style Quartz Watch,1998.0,4.6,62,Amazon,Free Delivery
Watch,Aston Martin Luxury Men Black AML THRILL,26995.0,4.6,62,Tata Cliq Fashion,Free next-day Delivery
Watch,Fastrack Men's Analog Watch,1495.0,4.6,501,Fastrack.In,Free Delivery
Watch,Matrix Minimalist Dial Analog Wrist Watch,275.0,4.6,62,Amazon,Free Delivery
Watch,Titan Heritage Premium Smartwatch,9000.0,3.8,12,Titan.Co.In,Free Delivery
Watch,Men's Personalized Photo Print Dial Wrist Watch,657.06,4.6,62,Amazon,Free Delivery
Watch,Sylvi Ocean-Y Premium Watch,1869.0,4.6,62,Sylvi,Free Delivery
Watch,Men Praizy Analog Watch,280.0,4.6,62,Flipkart,Free Delivery by Tue
Watch,boAt Valour Watch 1 GPS AMOLED Smartwatch,5999.0,5.0,2,Boat,Free Delivery
Watch,OLEVS Watches for Men Chronograph Business Wrist Watches Analog Quartz Moon Phase Stainless Steel Waterproof Luminous Dress Watches,3419.0,4.6,62,Amazon,Free Delivery
Watch,Fastrack Unisex Analog Strap Watch,855.0,4.0,64,Fastrack.In,Free Delivery
Watch,Women Salty Green Forest Dial Watch,1149.0,4.8,8,Salty,Free Delivery
Watch,Noise ColorFit Pro 6 Max,5399.0,4.6,59,Noise,Free Delivery
office chair ergonomic,HP office chair ergonomic Model 603,36225.0,3.7,3241,croma,2 Days
microwave oven convection,Samsung microwave oven convection Model 524,23503.0,4.7,1294,amazon,Free Delivery
power bank fast charging,Samsung power bank fast charging Model 402,26802.0,3.9,3070,croma,Free Delivery
microwave oven convection,Dell microwave oven convection Model 877,2507.0,4.7,3446,flipkart,Free Delivery
men running shoes,Dell men running shoes Model 536,2176.0,3.8,2031,croma,5 Days
power bank fast charging,Samsung power bank fast charging Model 562,5331.0,3.9,4124,reliance digital,5 Days
air fryer india,Philips air fryer India Model 259,23754.5,2.8,1761,croma,5 Days
office chair ergonomic,Philips office chair ergonomic Model 836,4564.0,3.0,1540,amazon,Free Delivery
microwave oven convection,Boat microwave oven convection Model 588,21830.0,4.0,126,croma,Free Delivery
office chair ergonomic,Puma office chair ergonomic Model 591,19233.0,4.6,3911,reliance digital,5 Days
men running shoes,Boat men running shoes Model 859,20381.0,3.7,684,amazon,2 Days
office chair ergonomic,Puma office chair ergonomic Model 417,8744.0,4.9,3832,croma,2 Days
power bank fast charging,Dell power bank fast charging Model 575,69744.0,4.5,4367,croma,Free Delivery
power bank fast charging,Sony power bank fast charging Model 896,5150.0,5.0,2220,croma,2 Days
air fryer india,Philips air fryer India Model 339,45304.0,2.7,1761,reliance digital,2 Days
men running shoes,Philips men running shoes Model 418,9160.0,3.7,2887,amazon,5 Days
power bank fast charging,LG power bank fast charging Model 382,10945.0,2.9,3032,amazon,Free Delivery
microwave oven convection,HP microwave oven convection Model 409,17931.0,2.9,4166,amazon,2 Days
office chair ergonomic,Puma office chair ergonomic Model 198,15160.0,3.2,1275,flipkart,2 Days
microwave oven convection,Samsung microwave oven convection Model 810,23503.0,3.3,105,croma,Free Delivery
air fryer india,Sony air fryer India Model 266,45361.0,3.1,2934,croma,5 Days
men running shoes,Puma men running shoes Model 233,22136.0,4.2,4990,flipkart,Free Delivery
power bank fast charging,Puma power bank fast charging Model 621,48199.0,3.9,203,amazon,2 Days
microwave oven convection,LG microwave oven convection Model 479,23503.0,3.6,1335,amazon,5 Days
men running shoes,Nike men running shoes Model 602,22310.0,3.8,255,croma,5 Days
microwave oven convection,LG microwave oven convection Model 351,31911.0,4.4,2073,reliance digital,2 Days
office chair ergonomic,Nike office chair ergonomic Model 173,33852.0,4.4,3965,amazon,2 Days
men running shoes,HP men running shoes Model 796,16321.0,4.8,4474,flipkart,5 Days
power bank fast charging,Puma power bank fast charging Model 343,889.0,4.9,3557,reliance digital,5 Days
microwave oven convection,Nike microwave oven convection Model 438,1670.0,3.9,1982,amazon,2 Days
office chair ergonomic,Sony office chair ergonomic Model 955,28760.0,3.6,2169,flipkart,2 Days
microwave oven convection,Nike microwave oven convection Model 917,4484.0,3.0,3422,reliance digital,5 Days
air fryer india,Dell air fryer India Model 250,25576.0,2.9,1041,flipkart,5 Days
power bank fast charging,Boat power bank fast charging Model 977,0.0,3.3,2070,amazon,5 Days
microwave oven convection,Dell microwave oven convection Model 272,73109.0,4.5,351,reliance digital,5 Days
air fryer india,LG air fryer India Model 797,10526.0,4.7,4373,reliance digital,2 Days
office chair ergonomic,LG office chair ergonomic Model 187,7370.0,4.9,324,flipkart,5 Days
power bank fast charging,LG power bank fast charging Model 927,5380.0,2.6,1069,croma,Free Delivery
office chair ergonomic,Boat office chair ergonomic Model 251,10118.0,3.7,2270,amazon,2 Days
men running shoes,Philips men running shoes Model 769,6357.0,3.3,255,reliance digital,5 Days
power bank fast charging,Dell power bank fast charging Model 326,35283.0,3.8,4008,amazon,2 Days
men running shoes,Dell men running shoes Model 450,2830.0,2.9,3675,amazon,2 Days
power bank fast charging,LG power bank fast charging Model 330,28981.0,3.8,4349,croma,2 Days
office chair ergonomic,LG office chair ergonomic Model 365,42218.0,3.0,138,amazon,Free Delivery
men running shoes,LG men running shoes Model 272,20795.0,4.1,1456,flipkart,2 Days
microwave oven convection,HP microwave oven convection Model 260,10399.0,4.8,1364,croma,2 Days
power bank fast charging,Puma power bank fast charging Model 256,26802.0,3.9,3436,amazon,Free Delivery
men running shoes,HP men running shoes Model 980,22136.0,4.4,2269,croma,Free Delivery
power bank fast charging,Boat power bank fast charging Model 625,38621.0,3.5,2443,amazon,2 Days
office chair ergonomic,HP office chair ergonomic Model 850,47613.0,4.9,4909,croma,5 Days
microwave oven convection,Boat microwave oven convection Model 255,9089.0,4.1,3138,croma,5 Days
air fryer india,Sony air fryer India Model 404,10311.0,2.9,2685,croma,Free Delivery
air fryer india,Philips air fryer India Model 313,38075.0,3.5,1080,amazon,Free Delivery
microwave oven convection,Puma microwave oven convection Model 765,8497.0,2.6,1408,croma,2 Days
microwave oven convection,LG microwave oven convection Model 377,15541.0,3.8,1848,reliance digital,5 Days
power bank fast charging,Nike power bank fast charging Model 332,20043.0,3.7,2355,flipkart,2 Days
microwave oven convection,Puma microwave oven convection Model 583,33632.0,4.5,2547,reliance digital,Free Delivery
men running shoes,Philips men running shoes Model 437,8752.0,4.7,3962,amazon,5 Days
microwave oven convection,Sony microwave oven convection Model 873,35455.0,3.7,2825,flipkart,5 Days
microwave oven convection,Boat microwave oven convection Model 875,6446.0,4.6,613,amazon,2 Days
microwave oven convection,Sony microwave oven convection Model 369,4789.0,4.6,589,amazon,5 Days
men running shoes,Dell men running shoes Model 900,8466.0,3.2,3377,croma,2 Days
men running shoes,Philips men running shoes Model 503,46885.0,4.4,986,amazon,Free Delivery
microwave oven convection,Sony microwave oven convection Model 912,23503.0,4.0,1238,reliance digital,2 Days
men running shoes,Samsung men running shoes Model 630,22136.0,2.7,1756,amazon,2 Days
men running shoes,HP men running shoes Model 956,1861.0,3.9,652,croma,5 Days
air fryer india,Dell air fryer India Model 284,36220.0,3.6,2875,croma,Free Delivery
microwave oven convection,Dell microwave oven convection Model 370,41318.0,3.8,4161,reliance digital,2 Days
office chair ergonomic,Puma office chair ergonomic Model 514,24626.0,4.4,3775,croma,5 Days
men running shoes,Samsung men running shoes Model 311,47745.0,3.7,1278,flipkart,Free Delivery
microwave oven convection,Nike microwave oven convection Model 591,23503.0,2.7,3821,reliance digital,5 Days
air fryer india,Dell air fryer India Model 810,10588.0,3.9,4559,croma,5 Days
air fryer india,HP air fryer India Model 922,15908.0,3.0,2532,reliance digital,5 Days
power bank fast charging,Boat power bank fast charging Model 137,26802.0,3.9,1650,reliance digital,5 Days
microwave oven convection,HP microwave oven convection Model 231,15909.0,3.3,3043,reliance digital,Free Delivery
office chair ergonomic,Nike office chair ergonomic Model 462,23777.0,3.7,1783,croma,2 Days
microwave oven convection,Puma microwave oven convection Model 380,17378.0,4.6,4702,flipkart,5 Days
men running shoes,HP men running shoes Model 157,35128.0,4.7,2310,reliance digital,2 Days
office chair ergonomic,LG office chair ergonomic Model 374,24626.0,4.5,1364,croma,5 Days
men running shoes,Philips men running shoes Model 776,12533.0,4.8,208,flipkart,Free Delivery
air fryer india,Samsung air fryer India Model 961,14116.0,2.6,2903,croma,Free Delivery
power bank fast charging,Nike power bank fast charging Model 363,702.0,4.5,1477,flipkart,2 Days
men running shoes,Dell men running shoes Model 705,20430.0,4.6,4958,croma,2 Days
microwave oven convection,Samsung microwave oven convection Model 692,49213.0,4.9,4261,amazon,Free Delivery
microwave oven convection,HP microwave oven convection Model 498,36910.0,3.3,1021,flipkart,2 Days
microwave oven convection,Boat microwave oven convection Model 460,16391.0,4.4,4959,croma,2 Days
office chair ergonomic,Boat office chair ergonomic Model 748,27212.0,3.0,2333,flipkart,Free Delivery
power bank fast charging,LG power bank fast charging Model 928,23555.0,4.9,506,flipkart,Free Delivery
office chair ergonomic,HP office chair ergonomic Model 934,42606.0,3.0,3555,flipkart,Free Delivery
power bank fast charging,Sony power bank fast charging Model 242,17801.0,3.4,2910,croma,2 Days
microwave oven convection,Dell microwave oven convection Model 190,41050.0,4.4,1230,reliance digital,Free Delivery
power bank fast charging,Philips power bank fast charging Model 319,38764.0,3.9,416,croma,5 Days
power bank fast charging,Samsung power bank fast charging Model 461,2621.0,4.9,112,amazon,Free Delivery
power bank fast charging,Boat power bank fast charging Model 133,4165.0,3.4,2655,croma,5 Days
office chair ergonomic,Philips office chair ergonomic Model 510,48400.0,4.8,469,reliance digital,Free Delivery
men running shoes,Boat men running shoes Model 369,22136.0,3.6,1998,flipkart,2 Days
microwave oven convection,Sony microwave oven convection Model 340,0.0,4.3,4487,reliance digital,5 Days
office chair ergonomic,Nike office chair ergonomic Model 416,0.0,3.7,1943,croma,Free Delivery
air fryer india,Philips air fryer India Model 746,23754.5,4.0,4869,croma,Free Delivery
men running shoes,LG men running shoes Model 542,22136.0,3.8,2690,reliance digital,5 Days
air fryer india,Philips air fryer India Model 250,32487.0,4.5,2194,reliance digital,Free Delivery
men running shoes,LG men running shoes Model 220,13243.0,3.7,1513,flipkart,Free Delivery
microwave oven convection,Dell microwave oven convection Model 363,27413.0,3.1,1596,flipkart,2 Days
power bank fast charging,HP power bank fast charging Model 389,18862.0,4.7,4825,flipkart,5 Days
air fryer india,Puma air fryer India Model 420,19293.0,3.5,721,amazon,2 Days
air fryer india,Dell air fryer India Model 471,25906.0,2.8,2582,reliance digital,Free Delivery
men running shoes,Puma men running shoes Model 302,46676.0,3.0,1248,flipkart,Free Delivery
air fryer india,Sony air fryer India Model 232,44203.0,4.7,2799,croma,Free Delivery
power bank fast charging,Dell power bank fast charging Model 386,26802.0,4.2,962,reliance digital,Free Delivery
microwave oven convection,HP microwave oven convection Model 285,23503.0,3.8,2826,flipkart,2 Days
air fryer india,Puma air fryer India Model 349,30268.0,4.2,3941,croma,Free Delivery
men running shoes,Boat men running shoes Model 401,61582.0,3.2,1261,reliance digital,5 Days
power bank fast charging,Nike power bank fast charging Model 369,44892.0,3.9,383,amazon,2 Days
microwave oven convection,HP microwave oven convection Model 284,44322.0,4.3,2946,croma,5 Days
air fryer india,Boat air fryer India Model 908,41753.0,4.3,3905,reliance digital,Free Delivery
office chair ergonomic,LG office chair ergonomic Model 572,23787.0,4.4,2192,croma,Free Delivery
men running shoes,Nike men running shoes Model 761,22667.0,4.7,1929,flipkart,Free Delivery
office chair ergonomic,LG office chair ergonomic Model 655,41827.0,4.1,2272,flipkart,Free Delivery
air fryer india,LG air fryer India Model 811,33630.0,4.0,1597,reliance digital,Free Delivery
microwave oven convection,Puma microwave oven convection Model 556,73109.0,4.3,4490,croma,2 Days
air fryer india,LG air fryer India Model 528,48545.0,4.5,309,flipkart,5 Days
microwave oven convection,LG microwave oven convection Model 606,30148.0,2.7,4899,croma,5 Days
power bank fast charging,Dell power bank fast charging Model 949,26802.0,2.9,3666,flipkart,Free Delivery
power bank fast charging,HP power bank fast charging Model 389,0.0,3.9,1152,croma,5 Days
power bank fast charging,Sony power bank fast charging Model 531,32369.0,2.6,2525,flipkart,Free Delivery
men running shoes,Samsung men running shoes Model 624,22136.0,3.7,4218,croma,5 Days
office chair ergonomic,Nike office chair ergonomic Model 985,46962.0,3.6,526,croma,2 Days
power bank fast charging,HP power bank fast charging Model 469,23432.0,3.3,2355,croma,2 Days
power bank fast charging,Samsung power bank fast charging Model 954,16114.0,3.1,3197,reliance digital,2 Days
power bank fast charging,Puma power bank fast charging Model 144,36520.0,3.1,3011,reliance digital,5 Days
office chair ergonomic,Nike office chair ergonomic Model 799,48982.0,3.3,3233,amazon,Free Delivery
power bank fast charging,Samsung power bank fast charging Model 447,14024.0,4.0,3085,reliance digital,Free Delivery
air fryer india,LG air fryer India Model 152,28647.0,3.9,3757,flipkart,5 Days
office chair ergonomic,Nike office chair ergonomic Model 321,17858.0,3.7,666,flipkart,5 Days
air fryer india,Nike air fryer India Model 609,34421.0,2.8,660,amazon,Free Delivery
power bank fast charging,Boat power bank fast charging Model 295,17152.0,3.9,1879,flipkart,Free Delivery
power bank fast charging,Samsung power bank fast charging Model 308,780.0,2.9,2239,croma,2 Days
men running shoes,Puma men running shoes Model 846,1264.0,4.2,1855,croma,5 Days
air fryer india,Dell air fryer India Model 255,26154.0,3.4,1644,flipkart,Free Delivery
power bank fast charging,Sony power bank fast charging Model 220,35128.0,4.3,1617,amazon,5 Days
air fryer india,Boat air fryer India Model 553,23754.5,4.5,1543,amazon,2 Days
microwave oven convection,HP microwave oven convection Model 161,34850.0,4.7,1498,amazon,5 Days
power bank fast charging,Puma power bank fast charging Model 131,8933.0,3.8,143,amazon,2 Days
office chair ergonomic,Puma office chair ergonomic Model 677,20577.0,3.6,3338,croma,5 Days
power bank fast charging,LG power bank fast charging Model 664,34516.0,4.0,2812,amazon,Free Delivery
microwave oven convection,Puma microwave oven convection Model 871,11766.0,4.5,4784,reliance digital,5 Days
men running shoes,HP men running shoes Model 660,22136.0,4.1,1332,croma,5 Days
power bank fast charging,Philips power bank fast charging Model 956,22658.0,4.3,4250,amazon,2 Days
air fryer india,HP air fryer India Model 320,23754.5,3.4,381,reliance digital,Free Delivery
air fryer india,Puma air fryer India Model 328,22632.0,4.8,2008,amazon,Free Delivery
microwave oven convection,Boat microwave oven convection Model 117,12123.0,4.6,4412,flipkart,5 Days
microwave oven convection,Philips microwave oven convection Model 955,23503.0,4.3,4330,flipkart,5 Days
power bank fast charging,HP power bank fast charging Model 832,30429.0,4.4,4501,flipkart,Free Delivery
power bank fast charging,Sony power bank fast charging Model 552,1240.0,4.0,1072,flipkart,Free Delivery
men running shoes,Nike men running shoes Model 523,19303.0,4.7,3172,amazon,2 Days
office chair ergonomic,Sony office chair ergonomic Model 587,2295.0,3.7,4417,croma,5 Days
microwave oven convection,Nike microwave oven convection Model 158,73109.0,3.5,4292,croma,5 Days
office chair ergonomic,Puma office chair ergonomic Model 360,24626.0,2.8,3256,croma,Free Delivery
power bank fast charging,Dell power bank fast charging Model 204,49421.0,2.6,1928,flipkart,Free Delivery
air fryer india,Nike air fryer India Model 534,17928.0,3.4,3731,reliance digital,2 Days
men running shoes,LG men running shoes Model 145,30111.0,3.1,702,reliance digital,Free Delivery
air fryer india,Philips air fryer India Model 360,17016.0,3.5,2921,reliance digital,Free Delivery
power bank fast charging,HP power bank fast charging Model 824,3841.0,3.8,1977,amazon,5 Days
microwave oven convection,Samsung microwave oven convection Model 836,17755.0,3.3,903,reliance digital,Free Delivery
power bank fast charging,Samsung power bank fast charging Model 858,4182.0,4.4,2560,amazon,Free Delivery
power bank fast charging,LG power bank fast charging Model 466,49248.0,3.9,1875,amazon,5 Days
men running shoes,Nike men running shoes Model 143,44839.0,2.6,3003,flipkart,Free Delivery
power bank fast charging,LG power bank fast charging Model 591,26802.0,3.4,2625,amazon,Free Delivery
office chair ergonomic,Boat office chair ergonomic Model 149,17627.0,3.6,2289,amazon,2 Days
power bank fast charging,LG power bank fast charging Model 249,26802.0,2.8,2046,flipkart,Free Delivery
office chair ergonomic,Puma office chair ergonomic Model 996,66760.0,3.1,2181,reliance digital,5 Days
office chair ergonomic,Philips office chair ergonomic Model 390,0.0,3.7,2563,reliance digital,5 Days
power bank fast charging,LG power bank fast charging Model 549,32260.0,4.7,1850,reliance digital,5 Days
power bank fast charging,Philips power bank fast charging Model 461,26802.0,3.1,4526,amazon,2 Days
office chair ergonomic,Sony office chair ergonomic Model 269,35424.0,3.8,886,amazon,5 Days
air fryer india,Philips air fryer India Model 729,21132.0,2.7,4262,croma,Free Delivery
men running shoes,Philips men running shoes Model 417,12377.0,4.1,1839,flipkart,5 Days
power bank fast charging,Nike power bank fast charging Model 843,21420.0,4.5,465,flipkart,Free Delivery
office chair ergonomic,Nike office chair ergonomic Model 207,18384.0,3.9,3798,flipkart,2 Days
microwave oven convection,HP microwave oven convection Model 936,39408.0,4.2,3196,croma,5 Days
air fryer india,Philips air fryer India Model 269,23754.5,3.6,1770,flipkart,5 Days
office chair ergonomic,LG office chair ergonomic Model 518,37579.0,3.0,2735,amazon,2 Days
men running shoes,Boat men running shoes Model 196,6965.0,4.7,281,amazon,Free Delivery
power bank fast charging,LG power bank fast charging Model 926,5841.0,3.5,1593,croma,5 Days
power bank fast charging,Samsung power bank fast charging Model 204,35892.0,4.0,4811,amazon,2 Days
men running shoes,Boat men running shoes Model 488,34899.0,4.3,2120,amazon,5 Days
air fryer india,Philips air fryer India Model 777,24223.0,2.9,2765,reliance digital,5 Days
office chair ergonomic,Puma office chair ergonomic Model 336,24626.0,3.3,4418,flipkart,2 Days
air fryer india,LG air fryer India Model 328,0.0,3.9,2799,reliance digital,5 Days
microwave oven convection,LG microwave oven convection Model 465,35692.0,3.1,560,flipkart,2 Days
men running shoes,Philips men running shoes Model 921,6136.0,3.7,3343,croma,Free Delivery
men running shoes,Sony men running shoes Model 459,42264.0,3.5,3067,flipkart,2 Days
office chair ergonomic,Puma office chair ergonomic Model 906,23890.0,3.7,2464,reliance digital,2 Days
power bank fast charging,Puma power bank fast charging Model 949,69744.0,4.8,1988,amazon,Free Delivery
men running shoes,HP men running shoes Model 911,9329.0,4.5,418,amazon,5 Days
air fryer india,HP air fryer India Model 837,20648.0,3.8,866,reliance digital,5 Days
power bank fast charging,LG power bank fast charging Model 340,40436.0,3.9,4359,reliance digital,2 Days
men running shoes,Nike men running shoes Model 543,22136.0,3.7,2416,flipkart,5 Days
microwave oven convection,Nike microwave oven convection Model 856,27091.0,4.1,277,croma,5 Days
men running shoes,Boat men running shoes Model 803,20987.0,4.5,3826,flipkart,2 Days
power bank fast charging,Philips power bank fast charging Model 895,26802.0,4.6,2596,croma,2 Days
office chair ergonomic,Nike office chair ergonomic Model 698,18380.0,3.1,1698,reliance digital,Free Delivery
office chair ergonomic,Dell office chair ergonomic Model 875,32126.0,3.2,3250,reliance digital,5 Days
air fryer india,Philips air fryer India Model 596,21238.0,4.8,2607,flipkart,Free Delivery
men running shoes,Boat men running shoes Model 933,22136.0,3.7,4626,reliance digital,5 Days
air fryer india,Samsung air fryer India Model 271,23754.5,3.0,2163,reliance digital,5 Days
office chair ergonomic,HP office chair ergonomic Model 303,1279.0,4.9,4932,amazon,2 Days
office chair ergonomic,Philips office chair ergonomic Model 477,10866.0,3.7,4350,croma,5 Days
power bank fast charging,Philips power bank fast charging Model 642,28225.0,4.6,2579,reliance digital,2 Days
air fryer india,Nike air fryer India Model 718,29744.0,4.3,767,croma,5 Days
men running shoes,Puma men running shoes Model 786,46190.0,4.4,4850,reliance digital,2 Days
air fryer india,Philips air fryer India Model 430,23754.5,3.8,2842,amazon,2 Days
power bank fast charging,Puma power bank fast charging Model 482,45981.0,4.7,4614,croma,Free Delivery
air fryer india,Samsung air fryer India Model 258,23754.5,3.4,1089,croma,2 Days
office chair ergonomic,Puma office chair ergonomic Model 101,24626.0,4.7,2219,amazon,Free Delivery
air fryer india,Philips air fryer India Model 969,34115.0,3.7,2589,reliance digital,2 Days
men running shoes,Puma men running shoes Model 582,28024.0,3.7,80,flipkart,Free Delivery
men running shoes,Puma men running shoes Model 698,10209.0,4.2,1801,reliance digital,5 Days
air fryer india,Samsung air fryer India Model 828,46174.0,3.8,996,flipkart,2 Days
power bank fast charging,Samsung power bank fast charging Model 560,26802.0,3.9,3606,reliance digital,5 Days
power bank fast charging,Boat power bank fast charging Model 839,14552.0,3.0,3900,amazon,Free Delivery
power bank fast charging,Boat power bank fast charging Model 674,37226.0,4.0,240,amazon,Free Delivery
microwave oven convection,Dell microwave oven convection Model 467,2674.0,4.7,1877,amazon,2 Days
office chair ergonomic,LG office chair ergonomic Model 721,29876.0,4.9,2562,croma,Free Delivery
office chair ergonomic,HP office chair ergonomic Model 674,25437.0,3.0,2042,croma,2 Days
microwave oven convection,Samsung microwave oven convection Model 355,19714.0,2.5,658,amazon,Free Delivery
men running shoes,HP men running shoes Model 182,47672.0,3.9,2202,reliance digital,2 Days
men running shoes,HP men running shoes Model 331,29643.0,4.6,359,reliance digital,2 Days
power bank fast charging,Sony power bank fast charging Model 702,26802.0,4.7,4883,croma,5 Days
office chair ergonomic,Boat office chair ergonomic Model 293,14351.0,3.9,1098,flipkart,5 Days
air fryer india,Nike air fryer India Model 642,6086.0,3.8,4274,flipkart,5 Days
air fryer india,HP air fryer India Model 311,43097.0,3.6,1168,reliance digital,2 Days
office chair ergonomic,HP office chair ergonomic Model 929,48052.0,3.8,37,croma,2 Days
office chair ergonomic,Nike office chair ergonomic Model 400,14284.0,4.7,1381,croma,Free Delivery
men running shoes,Nike men running shoes Model 617,17198.0,3.8,3865,croma,5 Days
power bank fast charging,HP power bank fast charging Model 745,30753.0,4.6,884,reliance digital,2 Days
men running shoes,Philips men running shoes Model 827,22136.0,2.7,2023,flipkart,Free Delivery
microwave oven convection,LG microwave oven convection Model 103,45883.0,4.5,1488,flipkart,2 Days
microwave oven convection,Nike microwave oven convection Model 484,35539.0,3.8,461,reliance digital,Free Delivery
microwave oven convection,Nike microwave oven convection Model 744,14102.0,3.3,355,reliance digital,Free Delivery
power bank fast charging,HP power bank fast charging Model 251,29650.0,4.0,2211,amazon,5 Days
men running shoes,Nike men running shoes Model 881,0.0,4.3,3162,amazon,Free Delivery
men running shoes,Philips men running shoes Model 830,37227.0,3.2,2415,flipkart,Free Delivery
men running shoes,Sony men running shoes Model 146,15396.0,4.5,1884,flipkart,5 Days
power bank fast charging,Puma power bank fast charging Model 127,10720.0,4.3,629,reliance digital,Free Delivery
men running shoes,Samsung men running shoes Model 413,14199.0,3.9,4628,reliance digital,Free Delivery
air fryer india,Samsung air fryer India Model 611,3868.0,2.7,4042,croma,2 Days
power bank fast charging,LG power bank fast charging Model 130,49897.0,3.0,2424,reliance digital,5 Days
office chair ergonomic,Nike office chair ergonomic Model 962,24626.0,4.6,2246,flipkart,5 Days
office chair ergonomic,Boat office chair ergonomic Model 306,33632.0,3.7,803,reliance digital,2 Days
microwave oven convection,Boat microwave oven convection Model 962,13198.0,4.3,3270,amazon,2 Days
microwave oven convection,Puma microwave oven convection Model 409,19446.0,3.8,2308,croma,2 Days
air fryer india,HP air fryer India Model 794,27642.0,4.9,22,reliance digital,5 Days
power bank fast charging,Boat power bank fast charging Model 410,7209.0,3.8,4713,flipkart,Free Delivery
microwave oven convection,Boat microwave oven convection Model 217,4482.0,3.2,779,croma,2 Days
power bank fast charging,LG power bank fast charging Model 610,32170.0,3.4,852,reliance digital,Free Delivery
power bank fast charging,Samsung power bank fast charging Model 384,11076.0,4.4,2498,amazon,Free Delivery
air fryer india,Puma air fryer India Model 890,22607.0,3.3,2977,reliance digital,2 Days
microwave oven convection,HP microwave oven convection Model 255,73109.0,4.8,644,reliance digital,Free Delivery
microwave oven convection,LG microwave oven convection Model 538,23503.0,4.3,3962,reliance digital,5 Days
men running shoes,Nike men running shoes Model 445,6514.0,3.1,3970,amazon,Free Delivery
power bank fast charging,Nike power bank fast charging Model 184,26802.0,2.8,1599,croma,2 Days
power bank fast charging,Puma power bank fast charging Model 391,21690.0,3.2,3331,flipkart,2 Days
office chair ergonomic,LG office chair ergonomic Model 994,13287.0,4.6,414,croma,Free Delivery
microwave oven convection,Sony microwave oven convection Model 718,0.0,4.0,1163,croma,5 Days
power bank fast charging,Philips power bank fast charging Model 285,26802.0,3.0,2704,amazon,5 Days
men running shoes,HP men running shoes Model 483,61582.0,3.3,4703,amazon,2 Days
men running shoes,Boat men running shoes Model 963,1439.0,3.7,2268,reliance digital,Free Delivery
air fryer india,Sony air fryer India Model 556,4039.0,3.1,2150,amazon,5 Days
microwave oven convection,Nike microwave oven convection Model 557,26380.0,4.7,3235,flipkart,Free Delivery
microwave oven convection,HP microwave oven convection Model 907,38823.0,3.2,214,croma,2 Days
air fryer india,Nike air fryer India Model 938,6967.0,2.7,2732,reliance digital,5 Days
microwave oven convection,Philips microwave oven convection Model 214,23503.0,2.5,343,reliance digital,Free Delivery
office chair ergonomic,LG office chair ergonomic Model 506,41093.0,3.2,3648,flipkart,5 Days
men running shoes,Nike men running shoes Model 469,8496.0,4.5,969,croma,2 Days
air fryer india,HP air fryer India Model 735,6304.0,3.9,3336,amazon,5 Days
men running shoes,Samsung men running shoes Model 267,27684.0,4.4,2165,flipkart,5 Days
men running shoes,LG men running shoes Model 927,10893.0,3.7,3220,flipkart,Free Delivery
air fryer india,Boat air fryer India Model 822,62267.38,3.8,912,reliance digital,2 Days
power bank fast charging,Boat power bank fast charging Model 237,40605.0,4.1,4794,reliance digital,Free Delivery
men running shoes,Samsung men running shoes Model 400,49074.0,3.4,3514,reliance digital,2 Days
air fryer india,Sony air fryer India Model 728,40235.0,4.9,1832,croma,Free Delivery
office chair ergonomic,Boat office chair ergonomic Model 324,81108.5,4.1,3258,amazon,Free Delivery
microwave oven convection,Puma microwave oven convection Model 672,32574.0,3.8,4159,reliance digital,2 Days
office chair ergonomic,LG office chair ergonomic Model 906,47981.0,3.7,4032,flipkart,5 Days
air fryer india,Nike air fryer India Model 478,18795.0,4.7,4940,reliance digital,Free Delivery
office chair ergonomic,Puma office chair ergonomic Model 268,19653.0,3.7,2571,amazon,5 Days
microwave oven convection,Philips microwave oven convection Model 749,12002.0,4.2,1195,flipkart,2 Days
microwave oven convection,Puma microwave oven convection Model 481,35873.0,3.1,4742,amazon,5 Days
power bank fast charging,LG power bank fast charging Model 622,13442.0,4.9,2243,amazon,5 Days
microwave oven convection,LG microwave oven convection Model 140,48117.0,2.7,1141,flipkart,5 Days
air fryer india,Philips air fryer India Model 646,11773.0,4.6,2746,croma,Free Delivery
office chair ergonomic,Puma office chair ergonomic Model 799,7517.0,3.7,2856,croma,2 Days
power bank fast charging,Sony power bank fast charging Model 905,21605.0,3.2,4282,flipkart,5 Days
men running shoes,LG men running shoes Model 336,10645.0,2.6,1588,amazon,2 Days
microwave oven convection,HP microwave oven convection Model 797,23503.0,4.1,3378,amazon,Free Delivery
office chair ergonomic,Sony office chair ergonomic Model 805,33876.0,4.2,4729,flipkart,2 Days
air fryer india,Sony air fryer India Model 387,23754.5,3.4,3668,flipkart,2 Days
microwave oven convection,LG microwave oven convection Model 265,36060.0,2.7,1104,amazon,Free Delivery
men running shoes,Boat men running shoes Model 103,11594.0,3.9,3659,amazon,5 Days
microwave oven convection,LG microwave oven convection Model 421,1377.0,5.0,1203,reliance digital,Free Delivery
power bank fast charging,Sony power bank fast charging Model 720,8143.0,5.0,1895,amazon,2 Days
power bank fast charging,HP power bank fast charging Model 730,8200.0,2.7,633,flipkart,5 Days
microwave oven convection,Boat microwave oven convection Model 912,14301.0,3.4,3397,croma,5 Days
air fryer india,Philips air fryer India Model 480,48641.0,3.4,436,flipkart,Free Delivery
office chair ergonomic,Samsung office chair ergonomic Model 401,17691.0,4.1,4739,flipkart,2 Days
air fryer india,HP air fryer India Model 467,24241.0,3.6,2577,croma,5 Days
microwave oven convection,Philips microwave oven convection Model 811,40899.0,3.1,4061,croma,5 Days
office chair ergonomic,HP office chair ergonomic Model 686,40569.0,4.9,2457,amazon,2 Days
men running shoes,Samsung men running shoes Model 708,44224.0,3.7,4643,reliance digital,Free Delivery
air fryer india,Sony air fryer India Model 785,23754.5,2.8,460,amazon,Free Delivery
microwave oven convection,Dell microwave oven convection Model 732,22414.0,4.5,4065,flipkart,2 Days
air fryer india,Philips air fryer India Model 717,21851.0,4.4,1283,reliance digital,2 Days
air fryer india,Philips air fryer India Model 486,32783.0,3.0,3444,reliance digital,Free Delivery
men running shoes,Samsung men running shoes Model 420,25585.0,4.4,382,reliance digital,Free Delivery
men running shoes,HP men running shoes Model 244,27366.0,4.7,171,amazon,5 Days
office chair ergonomic,Samsung office chair ergonomic Model 268,24626.0,3.8,1147,reliance digital,Free Delivery
men running shoes,Boat men running shoes Model 359,22136.0,3.6,4967,croma,2 Days
office chair ergonomic,Sony office chair ergonomic Model 515,28389.0,4.6,685,croma,Free Delivery
office chair ergonomic,Philips office chair ergonomic Model 257,17699.0,2.6,1407,flipkart,Free Delivery
microwave oven convection,Dell microwave oven convection Model 900,36248.0,2.9,3267,flipkart,Free Delivery
men running shoes,Dell men running shoes Model 531,7064.0,4.9,2725,reliance digital,2 Days
men running shoes,HP men running shoes Model 526,45586.0,3.7,483,reliance digital,2 Days
men running shoes,Nike men running shoes Model 884,0.0,4.0,1629,flipkart,2 Days
men running shoes,Sony men running shoes Model 823,0.0,3.7,3112,flipkart,Free Delivery
men running shoes,Puma men running shoes Model 666,23630.0,3.4,982,flipkart,5 Days
air fryer india,Sony air fryer India Model 991,7436.0,4.9,1081,flipkart,Free Delivery
power bank fast charging,Boat power bank fast charging Model 457,18723.0,3.9,3760,amazon,2 Days
men running shoes,Nike men running shoes Model 985,5261.0,4.0,947,reliance digital,2 Days
office chair ergonomic,Philips office chair ergonomic Model 290,12568.0,3.3,1037,amazon,Free Delivery
office chair ergonomic,Samsung office chair ergonomic Model 945,24626.0,3.0,3165,amazon,Free Delivery
power bank fast charging,Boat power bank fast charging Model 929,26802.0,2.7,1299,flipkart,2 Days
microwave oven convection,HP microwave oven convection Model 705,21357.0,4.3,1751,amazon,2 Days
microwave oven convection,LG microwave oven convection Model 704,23503.0,2.6,4942,flipkart,Free Delivery
men running shoes,Samsung men running shoes Model 751,49670.0,4.6,900,reliance digital,2 Days
men running shoes,LG men running shoes Model 786,22136.0,3.1,3910,croma,2 Days
office chair ergonomic,Dell office chair ergonomic Model 101,24626.0,3.0,3442,reliance digital,2 Days
air fryer india,Dell air fryer India Model 609,23754.5,3.8,862,reliance digital,2 Days
microwave oven convection,LG microwave oven convection Model 443,11089.0,4.4,3882,amazon,2 Days
microwave oven convection,Dell microwave oven convection Model 722,25560.0,4.3,844,reliance digital,Free Delivery
men running shoes,Philips men running shoes Model 308,42168.0,3.6,667,reliance digital,5 Days
men running shoes,Philips men running shoes Model 169,45637.0,3.1,3481,amazon,5 Days
office chair ergonomic,HP office chair ergonomic Model 913,15034.0,3.3,3503,reliance digital,5 Days
office chair ergonomic,Philips office chair ergonomic Model 989,8904.0,3.0,3739,amazon,2 Days
office chair ergonomic,Puma office chair ergonomic Model 321,44831.0,4.3,4897,flipkart,Free Delivery
power bank fast charging,HP power bank fast charging Model 100,9092.0,3.8,811,croma,Free Delivery
power bank fast charging,HP power bank fast charging Model 956,49324.0,4.9,4798,amazon,5 Days
office chair ergonomic,HP office chair ergonomic Model 726,49015.0,2.9,3373,reliance digital,5 Days
microwave oven convection,Samsung microwave oven convection Model 999,12362.0,3.6,3512,croma,5 Days
men running shoes,Dell men running shoes Model 938,18469.0,3.7,3920,amazon,5 Days
men running shoes,Boat men running shoes Model 821,11806.0,3.7,3346,amazon,2 Days
microwave oven convection,Sony microwave oven convection Model 983,9278.0,3.2,937,amazon,Free Delivery
power bank fast charging,Samsung power bank fast charging Model 567,2958.0,4.1,4103,croma,2 Days
office chair ergonomic,HP office chair ergonomic Model 586,3054.0,3.7,2790,reliance digital,2 Days
men running shoes,LG men running shoes Model 131,43158.0,4.2,184,flipkart,2 Days
power bank fast charging,Samsung power bank fast charging Model 205,69744.0,3.9,2729,flipkart,5 Days
microwave oven convection,LG microwave oven convection Model 469,23503.0,3.7,712,reliance digital,2 Days
power bank fast charging,Puma power bank fast charging Model 586,7191.0,3.9,1373,croma,2 Days
men running shoes,Nike men running shoes Model 359,14330.0,3.9,4643,amazon,Free Delivery
air fryer india,Boat air fryer India Model 311,36987.0,4.2,1543,amazon,Free Delivery
air fryer india,HP air fryer India Model 211,39993.0,3.8,149,amazon,Free Delivery
men running shoes,Puma men running shoes Model 305,49243.0,3.5,515,croma,2 Days
microwave oven convection,Boat microwave oven convection Model 453,44884.0,4.0,122,flipkart,Free Delivery
microwave oven convection,HP microwave oven convection Model 472,42957.0,3.2,3026,croma,5 Days
microwave oven convection,Dell microwave oven convection Model 838,73109.0,2.8,2066,reliance digital,5 Days
power bank fast charging,Sony power bank fast charging Model 509,38591.0,2.7,969,reliance digital,5 Days
microwave oven convection,Sony microwave oven convection Model 848,9020.0,3.0,1410,amazon,2 Days
power bank fast charging,Philips power bank fast charging Model 190,38421.0,3.9,234,flipkart,Free Delivery
men running shoes,LG men running shoes Model 449,15824.0,2.9,2382,reliance digital,2 Days
office chair ergonomic,Philips office chair ergonomic Model 887,9713.0,3.7,3026,flipkart,2 Days
men running shoes,Nike men running shoes Model 850,38043.0,3.3,2625,flipkart,2 Days
office chair ergonomic,Nike office chair ergonomic Model 830,22701.0,4.6,868,amazon,Free Delivery
men running shoes,Samsung men running shoes Model 677,31281.0,3.2,1859,amazon,5 Days
microwave oven convection,Samsung microwave oven convection Model 830,39906.0,3.7,2247,reliance digital,Free Delivery
power bank fast charging,Nike power bank fast charging Model 406,69744.0,3.9,3636,reliance digital,Free Delivery
air fryer india,Puma air fryer India Model 297,15008.0,4.6,3256,croma,5 Days
microwave oven convection,Philips microwave oven convection Model 423,15450.0,3.5,2281,croma,2 Days
power bank fast charging,Dell power bank fast charging Model 417,26802.0,3.5,1552,flipkart,Free Delivery
office chair ergonomic,Dell office chair ergonomic Model 787,40869.0,3.4,141,reliance digital,5 Days
power bank fast charging,Philips power bank fast charging Model 149,4795.0,4.1,942,croma,2 Days
power bank fast charging,Philips power bank fast charging Model 528,26802.0,2.6,3719,amazon,5 Days
men running shoes,Nike men running shoes Model 733,61582.0,4.1,4924,flipkart,Free Delivery
power bank fast charging,Sony power bank fast charging Model 747,29596.0,4.3,934,reliance digital,2 Days
microwave oven convection,Sony microwave oven convection Model 408,41193.0,3.8,2034,amazon,2 Days
power bank fast charging,Nike power bank fast charging Model 824,26802.0,4.1,3827,croma,Free Delivery
microwave oven convection,Samsung microwave oven convection Model 326,2525.0,3.8,3415,croma,5 Days
men running shoes,Samsung men running shoes Model 836,712.0,4.6,819,flipkart,2 Days
power bank fast charging,HP power bank fast charging Model 709,24141.0,3.2,2688,croma,2 Days
microwave oven convection,Puma microwave oven convection Model 523,44457.0,4.5,760,croma,2 Days
power bank fast charging,Sony power bank fast charging Model 711,10504.0,3.5,3408,croma,Free Delivery
microwave oven convection,Sony microwave oven convection Model 360,42530.0,3.4,4316,flipkart,2 Days
men running shoes,Puma men running shoes Model 511,19924.0,4.5,902,flipkart,2 Days
microwave oven convection,Samsung microwave oven convection Model 533,6933.0,3.8,4407,croma,5 Days
office chair ergonomic,Samsung office chair ergonomic Model 192,20680.0,2.8,934,amazon,2 Days
men running shoes,Dell men running shoes Model 277,10071.0,4.9,4560,croma,5 Days
power bank fast charging,Samsung power bank fast charging Model 321,34057.0,4.5,3652,amazon,5 Days
air fryer india,Sony air fryer India Model 833,15593.0,3.1,4956,croma,5 Days
air fryer india,LG air fryer India Model 739,21483.0,4.4,1545,flipkart,Free Delivery
air fryer india,Dell air fryer India Model 150,5659.0,4.2,270,amazon,5 Days
air fryer india,Nike air fryer India Model 258,17028.0,3.0,3583,flipkart,5 Days
office chair ergonomic,Sony office chair ergonomic Model 546,11042.0,3.0,571,flipkart,Free Delivery
microwave oven convection,HP microwave oven convection Model 690,47857.0,3.3,4944,amazon,Free Delivery
air fryer india,Boat air fryer India Model 361,23754.5,3.0,3322,flipkart,5 Days
power bank fast charging,Philips power bank fast charging Model 708,12594.0,4.1,4687,reliance digital,Free Delivery
office chair ergonomic,Boat office chair ergonomic Model 303,9335.0,3.7,844,reliance digital,Free Delivery
air fryer india,HP air fryer India Model 426,23754.5,3.2,1962,amazon,2 Days
office chair ergonomic,Nike office chair ergonomic Model 994,33453.0,4.3,1126,reliance digital,Free Delivery
air fryer india,Samsung air fryer India Model 440,18612.0,2.6,3055,croma,5 Days
office chair ergonomic,LG office chair ergonomic Model 874,35478.0,4.9,3461,amazon,5 Days
air fryer india,LG air fryer India Model 428,8757.0,4.9,2023,croma,Free Delivery
men running shoes,Boat men running shoes Model 882,29336.0,2.8,199,flipkart,5 Days
office chair ergonomic,Samsung office chair ergonomic Model 854,24626.0,3.7,4401,reliance digital,5 Days
microwave oven convection,HP microwave oven convection Model 721,38318.0,3.8,2831,reliance digital,5 Days
power bank fast charging,Nike power bank fast charging Model 593,26802.0,3.9,1615,amazon,Free Delivery
power bank fast charging,Puma power bank fast charging Model 333,7947.0,3.3,3734,croma,5 Days
power bank fast charging,Nike power bank fast charging Model 373,49953.0,4.9,2218,flipkart,Free Delivery
office chair ergonomic,LG office chair ergonomic Model 643,24626.0,3.3,3552,reliance digital,5 Days
power bank fast charging,Sony power bank fast charging Model 300,9342.0,3.9,3843,croma,2 Days
air fryer india,HP air fryer India Model 869,38110.0,4.6,4859,flipkart,2 Days
microwave oven convection,Dell microwave oven convection Model 140,36301.0,3.8,2443,amazon,5 Days
power bank fast charging,Sony power bank fast charging Model 678,44668.0,3.2,2300,flipkart,5 Days
microwave oven convection,Sony microwave oven convection Model 705,10551.0,3.0,1713,croma,Free Delivery
men running shoes,Dell men running shoes Model 628,61582.0,4.6,4015,croma,5 Days
men running shoes,Nike men running shoes Model 571,10750.0,4.4,586,croma,2 Days
men running shoes,Sony men running shoes Model 922,29370.0,4.6,1501,amazon,Free Delivery
air fryer india,LG air fryer India Model 691,43902.0,4.8,2395,croma,5 Days
air fryer india,Puma air fryer India Model 696,8987.0,4.8,2999,reliance digital,Free Delivery
office chair ergonomic,Philips office chair ergonomic Model 733,2022.0,3.7,2272,flipkart,2 Days
men running shoes,Boat men running shoes Model 961,3146.0,2.9,521,amazon,Free Delivery
air fryer india,HP air fryer India Model 627,22353.0,4.0,4304,flipkart,2 Days
air fryer india,LG air fryer India Model 628,41688.0,3.0,987,reliance digital,Free Delivery
power bank fast charging,Boat power bank fast charging Model 932,15951.0,4.9,3521,reliance digital,2 Days
microwave oven convection,Dell microwave oven convection Model 915,17906.0,4.2,1947,amazon,2 Days
power bank fast charging,Puma power bank fast charging Model 122,26802.0,4.7,3770,croma,2 Days
office chair ergonomic,HP office chair ergonomic Model 117,19227.0,4.4,3149,reliance digital,2 Days
air fryer india,Nike air fryer India Model 240,45088.0,4.2,3926,amazon,2 Days
air fryer india,HP air fryer India Model 114,15280.0,4.2,4970,reliance digital,5 Days
power bank fast charging,HP power bank fast charging Model 526,20759.0,4.2,1884,amazon,5 Days
microwave oven convection,Dell microwave oven convection Model 367,32317.0,3.6,434,amazon,Free Delivery
air fryer india,HP air fryer India Model 618,9220.0,2.9,326,croma,Free Delivery
microwave oven convection,Boat microwave oven convection Model 424,73109.0,4.9,858,amazon,2 Days
microwave oven convection,LG microwave oven convection Model 603,49245.0,4.3,1944,croma,2 Days
microwave oven convection,HP microwave oven convection Model 129,30496.0,3.8,4979,amazon,5 Days
office chair ergonomic,Nike office chair ergonomic Model 106,8923.0,4.6,2822,flipkart,5 Days
air fryer india,LG air fryer India Model 774,17078.0,3.2,2604,croma,5 Days
power bank fast charging,Dell power bank fast charging Model 852,27435.0,4.3,1773,amazon,Free Delivery
air fryer india,Samsung air fryer India Model 721,0.0,3.8,4645,reliance digital,5 Days
air fryer india,LG air fryer India Model 285,35864.0,4.1,4369,amazon,Free Delivery
air fryer india,HP air fryer India Model 314,0.0,4.3,2352,amazon,Free Delivery
microwave oven convection,Boat microwave oven convection Model 227,48663.0,3.8,4019,flipkart,Free Delivery
office chair ergonomic,Philips office chair ergonomic Model 723,45041.0,2.6,3099,reliance digital,5 Days
men running shoes,HP men running shoes Model 425,1105.0,3.7,69,amazon,5 Days
power bank fast charging,Boat power bank fast charging Model 924,33465.0,3.0,939,amazon,5 Days
office chair ergonomic,Sony office chair ergonomic Model 865,17134.0,3.5,2274,amazon,Free Delivery
power bank fast charging,Puma power bank fast charging Model 422,20958.0,3.3,427,amazon,5 Days
men running shoes,Sony men running shoes Model 146,17182.0,3.5,500,amazon,Free Delivery
air fryer india,Dell air fryer India Model 222,46717.0,4.4,4987,amazon,2 Days
air fryer india,Samsung air fryer India Model 964,40114.0,4.5,2842,croma,5 Days
men running shoes,Samsung men running shoes Model 589,2849.0,2.7,4466,amazon,2 Days
air fryer india,Nike air fryer India Model 172,28087.0,4.2,2788,croma,Free Delivery
microwave oven convection,Nike microwave oven convection Model 875,23503.0,2.7,221,croma,Free Delivery
microwave oven convection,HP microwave oven convection Model 749,11799.0,3.8,2729,croma,2 Days
microwave oven convection,Puma microwave oven convection Model 258,36850.0,4.9,1104,reliance digital,Free Delivery
men running shoes,HP men running shoes Model 608,22065.0,4.9,2727,amazon,Free Delivery
power bank fast charging,Puma power bank fast charging Model 468,43895.0,4.0,4829,croma,5 Days
office chair ergonomic,Dell office chair ergonomic Model 627,25413.0,4.4,1324,flipkart,5 Days
office chair ergonomic,Dell office chair ergonomic Model 330,35292.0,2.7,4225,reliance digital,2 Days
men running shoes,Philips men running shoes Model 659,7470.0,3.5,3046,croma,2 Days
power bank fast charging,Dell power bank fast charging Model 883,34235.0,2.7,200,reliance digital,Free Delivery
office chair ergonomic,HP office chair ergonomic Model 873,43509.0,3.7,4035,reliance digital,2 Days
men running shoes,Samsung men running shoes Model 200,13528.0,3.3,2011,flipkart,Free Delivery
office chair ergonomic,Puma office chair ergonomic Model 753,1131.0,3.9,4694,reliance digital,2 Days
men running shoes,HP men running shoes Model 563,42681.0,3.5,3907,flipkart,5 Days
air fryer india,Dell air fryer India Model 284,44863.0,4.8,4625,flipkart,Free Delivery
air fryer india,LG air fryer India Model 400,36846.0,4.5,1363,croma,2 Days
men running shoes,LG men running shoes Model 614,1680.0,2.7,4120,reliance digital,Free Delivery
office chair ergonomic,Boat office chair ergonomic Model 922,11394.0,3.7,2272,reliance digital,5 Days
microwave oven convection,Boat microwave oven convection Model 757,23503.0,4.1,3765,amazon,5 Days
men running shoes,Boat men running shoes Model 296,10726.0,3.7,3096,flipkart,Free Delivery
men running shoes,Dell men running shoes Model 338,22136.0,4.8,541,reliance digital,5 Days
power bank fast charging,Philips power bank fast charging Model 166,43776.0,3.3,3844,croma,5 Days
air fryer india,Puma air fryer India Model 883,62267.38,4.3,4194,amazon,5 Days
men running shoes,Sony men running shoes Model 835,5646.0,4.2,3419,amazon,5 Days
power bank fast charging,Boat power bank fast charging Model 483,26374.0,4.4,2145,flipkart,2 Days
microwave oven convection,Boat microwave oven convection Model 957,23854.0,4.8,3087,flipkart,5 Days
men running shoes,Puma men running shoes Model 709,22136.0,2.6,4933,amazon,5 Days
power bank fast charging,Boat power bank fast charging Model 651,11700.0,4.4,1813,reliance digital,2 Days
air fryer india,HP air fryer India Model 603,46330.0,4.4,1403,amazon,5 Days
air fryer india,Dell air fryer India Model 962,33577.0,2.9,991,amazon,Free Delivery
air fryer india,Puma air fryer India Model 736,0.0,3.5,2305,croma,2 Days
microwave oven convection,Boat microwave oven convection Model 128,20084.0,3.8,2575,amazon,Free Delivery
microwave oven convection,Puma microwave oven convection Model 943,18372.0,4.2,367,croma,5 Days
office chair ergonomic,Nike office chair ergonomic Model 944,21252.0,3.0,3789,reliance digital,2 Days
men running shoes,Puma men running shoes Model 319,34307.0,4.1,1256,flipkart,Free Delivery
office chair ergonomic,Puma office chair ergonomic Model 984,0.0,4.6,2494,flipkart,Free Delivery
air fryer india,Puma air fryer India Model 791,35653.0,3.6,4443,reliance digital,5 Days
men running shoes,Samsung men running shoes Model 540,17273.0,3.6,561,croma,Free Delivery
air fryer india,Boat air fryer India Model 608,10828.0,3.3,4277,flipkart,5 Days
men running shoes,Boat men running shoes Model 710,46350.0,3.6,2345,reliance digital,Free Delivery
air fryer india,Philips air fryer India Model 545,5049.0,4.4,557,amazon,2 Days
power bank fast charging,LG power bank fast charging Model 952,43614.0,5.0,3948,croma,2 Days
microwave oven convection,LG microwave oven convection Model 640,23503.0,3.4,2664,amazon,Free Delivery
microwave oven convection,Puma microwave oven convection Model 551,23503.0,2.7,4482,amazon,5 Days
power bank fast charging,Samsung power bank fast charging Model 946,17773.0,3.6,587,amazon,Free Delivery
power bank fast charging,Boat power bank fast charging Model 239,4103.0,4.7,4335,amazon,2 Days
air fryer india,HP air fryer India Model 541,44752.0,4.6,3692,reliance digital,2 Days
men running shoes,Boat men running shoes Model 227,61582.0,2.9,1574,croma,2 Days
microwave oven convection,Puma microwave oven convection Model 925,32710.0,3.1,3780,reliance digital,2 Days
men running shoes,Nike men running shoes Model 773,12222.0,4.3,3755,amazon,5 Days
microwave oven convection,LG microwave oven convection Model 518,23503.0,3.5,2553,amazon,5 Days
men running shoes,Boat men running shoes Model 475,10153.0,2.9,3274,amazon,5 Days
microwave oven convection,Puma microwave oven convection Model 774,23503.0,3.2,3544,amazon,Free Delivery
air fryer india,HP air fryer India Model 607,28433.0,3.8,2110,amazon,2 Days
power bank fast charging,Sony power bank fast charging Model 131,6862.0,3.9,1670,croma,5 Days
microwave oven convection,Samsung microwave oven convection Model 132,2008.0,4.8,2465,croma,5 Days
men running shoes,Dell men running shoes Model 598,32326.0,4.8,3889,croma,2 Days
men running shoes,Puma men running shoes Model 152,39884.0,3.0,491,reliance digital,2 Days
microwave oven convection,Dell microwave oven convection Model 270,35994.0,2.7,2870,flipkart,5 Days
air fryer india,Dell air fryer India Model 786,28304.0,4.4,2261,reliance digital,2 Days
air fryer india,Samsung air fryer India Model 883,5559.0,3.8,3803,croma,Free Delivery
microwave oven convection,Boat microwave oven convection Model 754,2828.0,3.2,1712,reliance digital,5 Days
power bank fast charging,Sony power bank fast charging Model 631,35507.0,3.1,4810,amazon,5 Days
microwave oven convection,LG microwave oven convection Model 213,40084.0,3.6,1704,croma,Free Delivery
office chair ergonomic,LG office chair ergonomic Model 315,39361.0,3.9,405,croma,Free Delivery
office chair ergonomic,Sony office chair ergonomic Model 904,32777.0,4.4,774,croma,Free Delivery
power bank fast charging,Sony power bank fast charging Model 298,16898.0,4.2,4324,reliance digital,Free Delivery
office chair ergonomic,Puma office chair ergonomic Model 876,81108.5,3.3,2499,flipkart,Free Delivery
air fryer india,Puma air fryer India Model 363,28760.0,4.9,1266,reliance digital,Free Delivery
office chair ergonomic,Sony office chair ergonomic Model 246,40731.0,4.7,4537,reliance digital,Free Delivery
microwave oven convection,HP microwave oven convection Model 564,8799.0,3.5,4884,amazon,Free Delivery
microwave oven convection,Puma microwave oven convection Model 837,45797.0,4.4,3484,amazon,5 Days
microwave oven convection,Boat microwave oven convection Model 306,16492.0,2.6,4233,reliance digital,5 Days
office chair ergonomic,Sony office chair ergonomic Model 231,19356.0,3.3,3401,reliance digital,Free Delivery
microwave oven convection,Philips microwave oven convection Model 970,23503.0,3.6,387,amazon,5 Days
microwave oven convection,LG microwave oven convection Model 208,4378.0,3.8,646,amazon,2 Days
microwave oven convection,Samsung microwave oven convection Model 981,24681.0,4.6,2547,flipkart,5 Days
men running shoes,HP men running shoes Model 362,43372.0,2.9,705,reliance digital,5 Days
office chair ergonomic,HP office chair ergonomic Model 442,18356.0,3.3,1514,croma,5 Days
microwave oven convection,Sony microwave oven convection Model 539,25404.0,3.3,3211,reliance digital,5 Days
power bank fast charging,Puma power bank fast charging Model 689,44441.0,3.3,3789,amazon,2 Days
air fryer india,Dell air fryer India Model 524,18745.0,4.4,1310,flipkart,Free Delivery
power bank fast charging,Nike power bank fast charging Model 495,45830.0,4.5,3175,croma,2 Days
office chair ergonomic,HP office chair ergonomic Model 581,20763.0,3.4,4476,croma,Free Delivery
air fryer india,LG air fryer India Model 402,20591.0,4.8,3083,flipkart,5 Days
power bank fast charging,LG power bank fast charging Model 599,26802.0,5.0,4919,croma,2 Days
power bank fast charging,Philips power bank fast charging Model 444,46465.0,3.9,451,reliance digital,Free Delivery
microwave oven convection,HP microwave oven convection Model 412,30081.0,3.1,1743,croma,Free Delivery
microwave oven convection,Boat microwave oven convection Model 458,23503.0,3.1,1093,amazon,5 Days
men running shoes,Dell men running shoes Model 919,32059.0,4.1,692,amazon,2 Days
office chair ergonomic,Philips office chair ergonomic Model 756,28361.0,3.7,159,reliance digital,Free Delivery
men running shoes,Philips men running shoes Model 538,18724.0,3.7,4023,flipkart,5 Days
microwave oven convection,HP microwave oven convection Model 932,23503.0,3.7,4405,reliance digital,5 Days
air fryer india,Sony air fryer India Model 462,23754.5,3.8,3710,flipkart,2 Days
men running shoes,Samsung men running shoes Model 620,10627.0,2.6,1998,amazon,2 Days
office chair ergonomic,Nike office chair ergonomic Model 625,4607.0,2.9,1964,reliance digital,5 Days
microwave oven convection,Philips microwave oven convection Model 363,545.0,4.5,3336,reliance digital,2 Days
office chair ergonomic,Samsung office chair ergonomic Model 816,24626.0,3.5,4253,reliance digital,Free Delivery
power bank fast charging,Puma power bank fast charging Model 877,3589.0,3.1,2943,amazon,2 Days
air fryer india,Nike air fryer India Model 672,23754.5,2.6,1638,amazon,Free Delivery
microwave oven convection,Boat microwave oven convection Model 689,73109.0,4.7,4390,amazon,5 Days
men running shoes,Boat men running shoes Model 745,49612.0,3.7,4854,amazon,Free Delivery
microwave oven convection,Dell microwave oven convection Model 311,41787.0,3.0,4005,amazon,5 Days
air fryer india,Boat air fryer India Model 698,46221.0,3.8,1104,reliance digital,2 Days
air fryer india,Sony air fryer India Model 515,9979.0,4.4,424,croma,2 Days
microwave oven convection,Sony microwave oven convection Model 488,23503.0,3.1,2333,amazon,Free Delivery
men running shoes,Nike men running shoes Model 468,47880.0,3.1,3824,reliance digital,2 Days
men running shoes,Dell men running shoes Model 209,22136.0,4.0,674,amazon,5 Days
men running shoes,LG men running shoes Model 853,22136.0,2.8,1611,croma,5 Days
power bank fast charging,Nike power bank fast charging Model 679,26131.0,4.4,209,flipkart,5 Days
microwave oven convection,Boat microwave oven convection Model 520,6468.0,4.1,4876,amazon,Free Delivery
power bank fast charging,HP power bank fast charging Model 689,46669.0,4.3,2589,amazon,5 Days
microwave oven convection,LG microwave oven convection Model 441,1788.0,4.4,713,flipkart,Free Delivery
men running shoes,Sony men running shoes Model 238,12511.0,4.8,910,flipkart,2 Days
air fryer india,LG air fryer India Model 409,30972.0,3.5,2526,croma,5 Days
microwave oven convection,Philips microwave oven convection Model 744,12043.0,3.9,3591,croma,5 Days
power bank fast charging,Puma power bank fast charging Model 707,34331.0,3.9,662,amazon,5 Days
air fryer india,HP air fryer India Model 138,23754.5,4.6,1009,amazon,5 Days
microwave oven convection,Samsung microwave oven convection Model 702,16855.0,3.4,1687,amazon,Free Delivery
air fryer india,Samsung air fryer India Model 320,25030.0,3.7,3449,reliance digital,Free Delivery
men running shoes,HP men running shoes Model 115,6514.0,3.7,2024,amazon,Free Delivery
men running shoes,Boat men running shoes Model 613,37203.0,3.5,4794,reliance digital,5 Days
air fryer india,LG air fryer India Model 455,14463.0,4.6,3414,reliance digital,2 Days
microwave oven convection,Sony microwave oven convection Model 900,23503.0,3.8,2547,reliance digital,Free Delivery
power bank fast charging,LG power bank fast charging Model 410,14986.0,3.1,2293,reliance digital,5 Days
office chair ergonomic,LG office chair ergonomic Model 901,10247.0,3.6,2696,reliance digital,2 Days
air fryer india,Sony air fryer India Model 538,0.0,4.0,39,flipkart,Free Delivery
power bank fast charging,Philips power bank fast charging Model 534,35646.0,4.7,2485,amazon,Free Delivery
men running shoes,Philips men running shoes Model 324,24783.0,3.0,1077,croma,2 Days
air fryer india,Sony air fryer India Model 915,21233.0,4.6,57,croma,2 Days
office chair ergonomic,Dell office chair ergonomic Model 372,24626.0,3.6,389,croma,2 Days
men running shoes,Boat men running shoes Model 178,22136.0,4.9,2712,croma,Free Delivery
power bank fast charging,HP power bank fast charging Model 937,45235.0,2.5,1819,reliance digital,2 Days
men running shoes,Nike men running shoes Model 692,6110.0,2.9,3598,croma,2 Days
power bank fast charging,HP power bank fast charging Model 815,5912.0,3.6,80,reliance digital,Free Delivery
men running shoes,Dell men running shoes Model 679,0.0,3.5,19,reliance digital,5 Days
power bank fast charging,Sony power bank fast charging Model 101,35363.0,4.4,2354,amazon,Free Delivery
power bank fast charging,Puma power bank fast charging Model 415,8944.0,3.7,2974,amazon,2 Days
air fryer india,HP air fryer India Model 947,26570.0,4.9,1076,croma,2 Days
microwave oven convection,Puma microwave oven convection Model 212,12632.0,3.0,2291,flipkart,Free Delivery
office chair ergonomic,HP office chair ergonomic Model 314,40602.0,4.0,4062,amazon,Free Delivery
air fryer india,Nike air fryer India Model 150,26407.0,2.9,3910,reliance digital,Free Delivery
men running shoes,HP men running shoes Model 129,42006.0,4.5,3287,flipkart,5 Days
air fryer india,Dell air fryer India Model 363,23530.0,4.0,641,flipkart,2 Days
men running shoes,Nike men running shoes Model 347,31724.0,3.1,612,reliance digital,2 Days
microwave oven convection,Philips microwave oven convection Model 280,23316.0,2.5,1090,flipkart,2 Days
power bank fast charging,Samsung power bank fast charging Model 440,13597.0,3.6,4156,amazon,2 Days
microwave oven convection,Philips microwave oven convection Model 635,12598.0,4.1,3062,amazon,2 Days
men running shoes,Sony men running shoes Model 596,12685.0,5.0,1964,flipkart,2 Days
air fryer india,LG air fryer India Model 884,3840.0,4.9,2735,croma,5 Days
air fryer india,Nike air fryer India Model 458,9171.0,2.5,3658,reliance digital,2 Days
men running shoes,Samsung men running shoes Model 561,22136.0,3.5,4897,amazon,2 Days
men running shoes,Boat men running shoes Model 997,44964.0,3.6,802,amazon,2 Days
air fryer india,LG air fryer India Model 348,23754.5,4.3,806,reliance digital,Free Delivery
power bank fast charging,Puma power bank fast charging Model 235,44793.0,4.2,4777,flipkart,5 Days
microwave oven convection,Sony microwave oven convection Model 224,5069.0,4.3,2597,reliance digital,2 Days
office chair ergonomic,Puma office chair ergonomic Model 226,14746.0,3.1,1199,croma,2 Days
power bank fast charging,Nike power bank fast charging Model 262,19476.0,4.0,4865,amazon,Free Delivery
men running shoes,HP men running shoes Model 563,26629.0,3.8,371,croma,Free Delivery
office chair ergonomic,LG office chair ergonomic Model 315,24626.0,2.5,517,amazon,Free Delivery
microwave oven convection,Dell microwave oven convection Model 822,0.0,2.8,4732,croma,5 Days
power bank fast charging,Philips power bank fast charging Model 553,26802.0,4.6,1856,flipkart,Free Delivery
power bank fast charging,HP power bank fast charging Model 573,34168.0,4.3,1223,flipkart,2 Days
microwave oven convection,Sony microwave oven convection Model 911,1095.0,3.5,2227,reliance digital,5 Days
microwave oven convection,Puma microwave oven convection Model 342,24507.0,2.7,389,amazon,5 Days
microwave oven convection,Sony microwave oven convection Model 764,26390.0,4.1,1905,croma,Free Delivery
men running shoes,Boat men running shoes Model 978,42076.0,3.7,2971,amazon,5 Days
microwave oven convection,Samsung microwave oven convection Model 210,11972.0,3.6,629,flipkart,2 Days
microwave oven convection,HP microwave oven convection Model 133,3630.0,3.7,4648,amazon,Free Delivery
office chair ergonomic,Puma office chair ergonomic Model 837,13147.0,4.2,32,croma,5 Days
air fryer india,Puma air fryer India Model 186,23754.5,3.8,1856,flipkart,2 Days
microwave oven convection,Puma microwave oven convection Model 541,18499.0,3.4,2522,reliance digital,2 Days
power bank fast charging,Sony power bank fast charging Model 286,12239.0,3.7,4088,croma,2 Days
power bank fast charging,Puma power bank fast charging Model 383,45126.0,3.0,3458,amazon,2 Days
office chair ergonomic,Dell office chair ergonomic Model 133,5073.0,3.3,515,reliance digital,2 Days
power bank fast charging,HP power bank fast charging Model 103,9195.0,4.3,426,amazon,5 Days
office chair ergonomic,LG office chair ergonomic Model 731,24626.0,3.0,3496,amazon,Free Delivery
microwave oven convection,Puma microwave oven convection Model 554,7198.0,4.8,4075,amazon,5 Days
power bank fast charging,Puma power bank fast charging Model 535,42894.0,4.0,387,flipkart,Free Delivery
air fryer india,Puma air fryer India Model 114,19237.0,4.2,2847,croma,Free Delivery
office chair ergonomic,LG office chair ergonomic Model 168,81108.5,3.2,2872,flipkart,2 Days
office chair ergonomic,Nike office chair ergonomic Model 171,48035.0,4.6,4068,flipkart,Free Delivery
microwave oven convection,Puma microwave oven convection Model 226,45427.0,3.8,3127,flipkart,Free Delivery
power bank fast charging,Sony power bank fast charging Model 726,2163.0,3.5,1528,reliance digital,Free Delivery
office chair ergonomic,Boat office chair ergonomic Model 626,21070.0,3.5,2232,amazon,5 Days
microwave oven convection,HP microwave oven convection Model 277,36657.0,4.7,4480,croma,Free Delivery
air fryer india,HP air fryer India Model 527,38330.0,3.3,1963,flipkart,Free Delivery
men running shoes,Boat men running shoes Model 948,10068.0,4.5,3869,reliance digital,2 Days
power bank fast charging,LG power bank fast charging Model 896,47595.0,4.1,2583,reliance digital,Free Delivery
air fryer india,LG air fryer India Model 404,23754.5,3.4,4079,amazon,5 Days
office chair ergonomic,Dell office chair ergonomic Model 164,45070.0,4.1,2690,flipkart,2 Days
air fryer india,Nike air fryer India Model 194,31793.0,3.8,2201,amazon,5 Days
microwave oven convection,Boat microwave oven convection Model 173,47111.0,3.6,2074,reliance digital,Free Delivery
microwave oven convection,Samsung microwave oven convection Model 145,44221.0,4.5,4997,croma,5 Days
microwave oven convection,Puma microwave oven convection Model 321,28313.0,3.5,4186,reliance digital,Free Delivery
air fryer india,LG air fryer India Model 163,22657.0,3.8,3631,croma,5 Days
microwave oven convection,Philips microwave oven convection Model 889,861.0,5.0,1382,amazon,2 Days
power bank fast charging,Nike power bank fast charging Model 172,26802.0,3.0,263,croma,2 Days
power bank fast charging,Philips power bank fast charging Model 541,46064.0,4.9,3147,reliance digital,Free Delivery
air fryer india,Philips air fryer India Model 594,41057.0,3.6,3166,reliance digital,2 Days
office chair ergonomic,HP office chair ergonomic Model 891,42516.0,4.6,2855,croma,Free Delivery
office chair ergonomic,HP office chair ergonomic Model 552,46946.0,2.7,3568,flipkart,2 Days
microwave oven convection,Nike microwave oven convection Model 509,8160.0,3.8,4917,reliance digital,Free Delivery
microwave oven convection,Sony microwave oven convection Model 163,30641.0,4.0,3963,flipkart,Free Delivery
men running shoes,Samsung men running shoes Model 605,40321.0,3.9,2672,croma,5 Days
office chair ergonomic,Samsung office chair ergonomic Model 229,24626.0,2.7,439,amazon,2 Days
air fryer india,Puma air fryer India Model 553,41567.0,4.5,2251,amazon,Free Delivery
power bank fast charging,Puma power bank fast charging Model 990,27357.0,3.7,1960,croma,5 Days
office chair ergonomic,Boat office chair ergonomic Model 178,5007.0,4.5,543,amazon,2 Days
power bank fast charging,LG power bank fast charging Model 658,19178.0,4.9,4495,reliance digital,2 Days
microwave oven convection,Nike microwave oven convection Model 392,18929.0,3.7,4407,amazon,Free Delivery
air fryer india,HP air fryer India Model 426,22209.0,3.8,1544,reliance digital,Free Delivery
office chair ergonomic,Dell office chair ergonomic Model 777,11887.0,2.7,153,flipkart,2 Days
office chair ergonomic,Philips office chair ergonomic Model 798,24626.0,3.6,2272,flipkart,5 Days
air fryer india,Nike air fryer India Model 948,17183.0,2.7,130,croma,2 Days
microwave oven convection,HP microwave oven convection Model 218,1280.0,3.8,4982,flipkart,Free Delivery
microwave oven convection,Philips microwave oven convection Model 209,27815.0,3.2,4406,reliance digital,5 Days
men running shoes,Puma men running shoes Model 923,49220.0,2.8,3066,flipkart,5 Days
air fryer india,Boat air fryer India Model 706,23754.5,2.8,750,reliance digital,Free Delivery
power bank fast charging,LG power bank fast charging Model 398,4006.0,3.9,3536,reliance digital,Free Delivery
air fryer india,Philips air fryer India Model 348,14376.0,4.6,2307,croma,5 Days
men running shoes,Sony men running shoes Model 458,7058.0,3.1,516,reliance digital,2 Days
power bank fast charging,Dell power bank fast charging Model 451,26802.0,3.4,3942,croma,2 Days
microwave oven convection,Sony microwave oven convection Model 143,27040.0,3.5,3942,reliance digital,5 Days
power bank fast charging,LG power bank fast charging Model 902,36998.0,5.0,2677,reliance digital,Free Delivery
office chair ergonomic,HP office chair ergonomic Model 168,20097.0,3.5,2880,croma,2 Days
power bank fast charging,Dell power bank fast charging Model 817,8299.0,3.7,2355,flipkart,5 Days
microwave oven convection,Samsung microwave oven convection Model 436,38648.0,4.2,2095,croma,2 Days
air fryer india,LG air fryer India Model 921,16964.0,2.7,4354,reliance digital,2 Days
air fryer india,LG air fryer India Model 351,23754.5,4.1,3041,amazon,2 Days
men running shoes,Sony men running shoes Model 584,22136.0,4.1,411,croma,5 Days
microwave oven convection,Nike microwave oven convection Model 675,2014.0,3.7,1428,reliance digital,5 Days
air fryer india,Dell air fryer India Model 399,3266.0,3.2,3596,amazon,Free Delivery
office chair ergonomic,Puma office chair ergonomic Model 305,15697.0,3.7,1940,flipkart,2 Days
air fryer india,Sony air fryer India Model 459,23754.5,3.8,3674,reliance digital,5 Days
microwave oven convection,Sony microwave oven convection Model 852,4773.0,4.5,3005,croma,2 Days
microwave oven convection,Sony microwave oven convection Model 440,4334.0,2.5,2041,flipkart,5 Days
air fryer india,Nike air fryer India Model 186,21352.0,3.3,2849,croma,5 Days
men running shoes,Dell men running shoes Model 200,31794.0,4.0,354,amazon,2 Days
power bank fast charging,HP power bank fast charging Model 577,38962.0,2.9,99,croma,2 Days
power bank fast charging,Dell power bank fast charging Model 966,28133.0,4.4,2950,flipkart,Free Delivery
office chair ergonomic,Philips office chair ergonomic Model 470,37042.0,4.9,4107,flipkart,2 Days
power bank fast charging,Philips power bank fast charging Model 136,69744.0,3.4,2456,reliance digital,Free Delivery
men running shoes,Boat men running shoes Model 839,2510.0,2.5,3356,croma,2 Days
power bank fast charging,Samsung power bank fast charging Model 918,41601.0,2.9,2072,croma,2 Days
microwave oven convection,Dell microwave oven convection Model 663,5712.0,4.2,1139,amazon,5 Days
air fryer india,Nike air fryer India Model 610,39140.0,2.9,3032,amazon,Free Delivery
men running shoes,Nike men running shoes Model 799,5743.0,3.8,1695,flipkart,5 Days
office chair ergonomic,Boat office chair ergonomic Model 649,0.0,4.4,4972,reliance digital,5 Days
men running shoes,Sony men running shoes Model 547,2086.0,4.6,2882,croma,2 Days
air fryer india,Samsung air fryer India Model 355,43541.0,3.3,2088,amazon,5 Days
office chair ergonomic,Nike office chair ergonomic Model 983,2556.0,3.3,951,flipkart,Free Delivery
office chair ergonomic,Sony office chair ergonomic Model 422,40011.0,3.9,108,reliance digital,Free Delivery
office chair ergonomic,LG office chair ergonomic Model 829,48584.0,3.1,1055,reliance digital,2 Days
power bank fast charging,HP power bank fast charging Model 549,35974.0,4.0,3831,amazon,5 Days
men running shoes,Philips men running shoes Model 919,3772.0,3.7,1377,croma,2 Days
air fryer india,Sony air fryer India Model 331,12621.0,3.0,2262,flipkart,Free Delivery
power bank fast charging,LG power bank fast charging Model 220,39474.0,3.1,1988,reliance digital,Free Delivery
office chair ergonomic,Sony office chair ergonomic Model 327,24626.0,4.2,1332,amazon,5 Days
men running shoes,Samsung men running shoes Model 785,7514.0,3.1,4026,reliance digital,5 Days
men running shoes,Samsung men running shoes Model 174,47927.0,2.7,3938,amazon,Free Delivery
air fryer india,Philips air fryer India Model 978,23754.5,5.0,843,amazon,5 Days
men running shoes,Samsung men running shoes Model 658,33900.0,4.0,458,reliance digital,5 Days
men running shoes,Sony men running shoes Model 587,44061.0,3.7,2202,amazon,2 Days
microwave oven convection,HP microwave oven convection Model 299,19916.0,4.6,281,reliance digital,5 Days
office chair ergonomic,Boat office chair ergonomic Model 117,42880.0,2.6,3811,flipkart,Free Delivery
microwave oven convection,Nike microwave oven convection Model 418,3327.0,4.4,1863,flipkart,Free Delivery
microwave oven convection,Samsung microwave oven convection Model 738,48929.0,3.5,2114,croma,2 Days
microwave oven convection,Sony microwave oven convection Model 316,23503.0,4.8,760,amazon,2 Days
men running shoes,Samsung men running shoes Model 250,18528.0,4.4,4222,amazon,2 Days
microwave oven convection,Sony microwave oven convection Model 574,23503.0,2.8,2634,amazon,2 Days
power bank fast charging,HP power bank fast charging Model 312,34695.0,3.4,3977,reliance digital,Free Delivery
men running shoes,Puma men running shoes Model 761,23220.0,4.5,3713,flipkart,5 Days
air fryer india,Sony air fryer India Model 395,18860.0,2.6,2188,flipkart,2 Days
men running shoes,Sony men running shoes Model 654,37225.0,4.9,1798,croma,Free Delivery
microwave oven convection,Philips microwave oven convection Model 322,38800.0,4.2,3643,croma,Free Delivery
office chair ergonomic,Sony office chair ergonomic Model 215,81108.5,3.3,3512,reliance digital,5 Days
office chair ergonomic,Nike office chair ergonomic Model 650,20379.0,4.0,1776,croma,5 Days
air fryer india,Philips air fryer India Model 933,23754.5,4.7,4077,flipkart,Free Delivery
office chair ergonomic,Boat office chair ergonomic Model 869,45800.0,4.5,2207,reliance digital,5 Days
men running shoes,Sony men running shoes Model 120,46739.0,4.6,3913,amazon,2 Days
microwave oven convection,Boat microwave oven convection Model 324,38021.0,3.8,3188,croma,2 Days
microwave oven convection,LG microwave oven convection Model 315,3378.0,3.8,1762,reliance digital,2 Days
microwave oven convection,Sony microwave oven convection Model 895,23503.0,4.5,4979,croma,2 Days
microwave oven convection,Nike microwave oven convection Model 828,29703.0,2.6,3912,croma,2 Days
air fryer india,Samsung air fryer India Model 610,23754.5,3.9,2771,croma,Free Delivery
power bank fast charging,HP power bank fast charging Model 527,30519.0,4.9,4510,reliance digital,2 Days
power bank fast charging,Sony power bank fast charging Model 610,36000.0,3.9,3800,amazon,2 Days
air fryer india,Dell air fryer India Model 578,36341.0,4.8,883,flipkart,Free Delivery
microwave oven convection,Boat microwave oven convection Model 347,17219.0,4.9,4143,reliance digital,5 Days
men running shoes,Nike men running shoes Model 219,34253.0,3.7,841,flipkart,5 Days
microwave oven convection,Nike microwave oven convection Model 250,39513.0,3.4,4537,reliance digital,5 Days
air fryer india,Dell air fryer India Model 491,25496.0,3.4,2200,reliance digital,2 Days
men running shoes,Philips men running shoes Model 426,27021.0,3.8,2209,amazon,5 Days
office chair ergonomic,HP office chair ergonomic Model 267,46662.0,3.0,359,reliance digital,2 Days
office chair ergonomic,Dell office chair ergonomic Model 173,18061.0,4.3,4758,flipkart,Free Delivery
office chair ergonomic,Samsung office chair ergonomic Model 351,37724.0,2.6,3723,reliance digital,5 Days
power bank fast charging,Dell power bank fast charging Model 614,44089.0,3.9,200,flipkart,Free Delivery
office chair ergonomic,Nike office chair ergonomic Model 977,41365.0,3.8,1093,croma,Free Delivery
microwave oven convection,LG microwave oven convection Model 911,15783.0,3.8,2230,amazon,5 Days
microwave oven convection,HP microwave oven convection Model 190,36826.0,2.5,320,amazon,5 Days
men running shoes,Sony men running shoes Model 605,22136.0,2.9,418,croma,2 Days
power bank fast charging,Philips power bank fast charging Model 994,36273.0,3.6,1514,reliance digital,5 Days
office chair ergonomic,Samsung office chair ergonomic Model 796,7217.0,4.3,4830,reliance digital,2 Days
men running shoes,Samsung men running shoes Model 565,33380.0,2.6,2274,reliance digital,5 Days
power bank fast charging,Philips power bank fast charging Model 567,42951.0,4.2,2692,reliance digital,5 Days
office chair ergonomic,Nike office chair ergonomic Model 620,23961.0,3.7,913,reliance digital,Free Delivery
office chair ergonomic,Sony office chair ergonomic Model 822,24626.0,4.1,4670,amazon,Free Delivery
power bank fast charging,Philips power bank fast charging Model 275,49516.0,4.7,571,croma,Free Delivery
office chair ergonomic,Boat office chair ergonomic Model 912,13315.0,2.7,3479,amazon,2 Days
men running shoes,HP men running shoes Model 889,46591.0,5.0,4088,flipkart,5 Days
microwave oven convection,Philips microwave oven convection Model 811,73109.0,4.3,4360,croma,2 Days
air fryer india,Philips air fryer India Model 811,24354.0,2.7,3500,reliance digital,2 Days
microwave oven convection,Puma microwave oven convection Model 599,25806.0,4.3,2331,flipkart,Free Delivery
air fryer india,HP air fryer India Model 506,5202.0,3.6,2195,croma,2 Days
microwave oven convection,Samsung microwave oven convection Model 571,10268.0,4.7,3228,flipkart,2 Days
air fryer india,HP air fryer India Model 838,47909.0,4.6,2214,amazon,5 Days
air fryer india,Sony air fryer India Model 333,23754.5,3.3,609,croma,Free Delivery
air fryer india,Puma air fryer India Model 766,5958.0,3.4,494,flipkart,2 Days
men running shoes,Dell men running shoes Model 874,10730.0,2.5,1422,reliance digital,2 Days
men running shoes,Philips men running shoes Model 202,14611.0,2.7,4839,croma,Free Delivery
power bank fast charging,Boat power bank fast charging Model 718,32604.0,3.8,2491,croma,Free Delivery
men running shoes,Philips men running shoes Model 793,9884.0,3.1,1285,croma,Free Delivery
microwave oven convection,Nike microwave oven convection Model 519,23503.0,4.7,3824,flipkart,2 Days
office chair ergonomic,Dell office chair ergonomic Model 304,19464.0,3.7,1826,amazon,5 Days
microwave oven convection,Boat microwave oven convection Model 657,37648.0,3.6,249,croma,2 Days
office chair ergonomic,Samsung office chair ergonomic Model 705,42565.0,3.7,1017,amazon,Free Delivery
power bank fast charging,LG power bank fast charging Model 718,39901.0,3.2,2296,reliance digital,5 Days
power bank fast charging,Dell power bank fast charging Model 936,45006.0,4.1,3694,flipkart,5 Days
microwave oven convection,Boat microwave oven convection Model 652,23503.0,4.0,1801,amazon,Free Delivery
microwave oven convection,Puma microwave oven convection Model 435,13475.0,4.5,1862,amazon,Free Delivery
power bank fast charging,HP power bank fast charging Model 544,2627.0,4.7,512,amazon,Free Delivery
office chair ergonomic,Boat office chair ergonomic Model 509,7810.0,2.9,3143,croma,2 Days
air fryer india,HP air fryer India Model 624,0.0,4.3,1573,flipkart,2 Days
power bank fast charging,Nike power bank fast charging Model 863,39057.0,4.1,1310,reliance digital,5 Days
air fryer india,Samsung air fryer India Model 438,0.0,4.6,1497,flipkart,Free Delivery
microwave oven convection,Nike microwave oven convection Model 798,13302.0,3.0,4736,croma,Free Delivery
office chair ergonomic,LG office chair ergonomic Model 482,27778.0,3.7,1253,flipkart,2 Days
men running shoes,Dell men running shoes Model 980,26143.0,4.3,3563,amazon,Free Delivery
men running shoes,Samsung men running shoes Model 804,37654.0,2.9,4091,reliance digital,5 Days
power bank fast charging,LG power bank fast charging Model 629,17478.0,3.8,835,reliance digital,2 Days
power bank fast charging,Philips power bank fast charging Model 367,26802.0,3.1,587,flipkart,5 Days
air fryer india,Puma air fryer India Model 888,32658.0,3.4,3151,reliance digital,Free Delivery
power bank fast charging,Sony power bank fast charging Model 453,33355.0,3.6,1888,amazon,5 Days
air fryer india,Sony air fryer India Model 957,39483.0,3.6,3781,flipkart,2 Days
air fryer india,Dell air fryer India Model 753,6992.0,4.4,1002,flipkart,2 Days
office chair ergonomic,Sony office chair ergonomic Model 657,41830.0,3.5,660,reliance digital,2 Days
microwave oven convection,Sony microwave oven convection Model 482,7782.0,3.3,2054,croma,2 Days
office chair ergonomic,Philips office chair ergonomic Model 288,24626.0,3.6,4383,reliance digital,5 Days
office chair ergonomic,Philips office chair ergonomic Model 414,12081.0,3.2,1965,amazon,Free Delivery
men running shoes,Sony men running shoes Model 620,27675.0,2.8,2671,flipkart,2 Days
air fryer india,HP air fryer India Model 412,23754.5,4.5,1293,croma,5 Days
air fryer india,Samsung air fryer India Model 295,23754.5,3.8,2473,reliance digital,2 Days
men running shoes,LG men running shoes Model 675,8539.0,2.8,1189,reliance digital,2 Days
office chair ergonomic,Nike office chair ergonomic Model 559,24626.0,3.7,3147,reliance digital,2 Days
air fryer india,Puma air fryer India Model 882,23754.5,3.8,4009,flipkart,Free Delivery
office chair ergonomic,Nike office chair ergonomic Model 213,38033.0,3.0,2660,croma,Free Delivery
microwave oven convection,HP microwave oven convection Model 317,36440.0,3.3,3468,reliance digital,Free Delivery
office chair ergonomic,HP office chair ergonomic Model 478,24626.0,3.5,89,croma,5 Days
office chair ergonomic,Nike office chair ergonomic Model 206,7079.0,3.8,3238,amazon,Free Delivery
office chair ergonomic,LG office chair ergonomic Model 859,44020.0,3.4,4622,reliance digital,Free Delivery
power bank fast charging,HP power bank fast charging Model 880,48374.0,3.9,2179,reliance digital,2 Days
office chair ergonomic,Nike office chair ergonomic Model 716,6599.0,4.4,1617,flipkart,Free Delivery
men running shoes,Nike men running shoes Model 830,14871.0,4.6,187,amazon,2 Days
office chair ergonomic,Boat office chair ergonomic Model 688,2783.0,3.1,1997,reliance digital,5 Days
power bank fast charging,Philips power bank fast charging Model 262,20128.0,4.6,1331,reliance digital,2 Days
power bank fast charging,Boat power bank fast charging Model 942,42017.0,3.2,4463,reliance digital,Free Delivery
air fryer india,Dell air fryer India Model 679,41000.0,3.0,4008,flipkart,Free Delivery
power bank fast charging,Samsung power bank fast charging Model 221,26802.0,2.7,4394,croma,5 Days
office chair ergonomic,Philips office chair ergonomic Model 808,24626.0,5.0,3347,amazon,2 Days
air fryer india,Sony air fryer India Model 449,37450.0,2.6,4046,reliance digital,Free Delivery
air fryer india,Samsung air fryer India Model 811,8748.0,3.9,2473,amazon,2 Days
microwave oven convection,Boat microwave oven convection Model 555,40310.0,3.7,2547,croma,5 Days
men running shoes,Samsung men running shoes Model 152,22136.0,4.5,4319,flipkart,2 Days
power bank fast charging,Sony power bank fast charging Model 485,14257.0,3.3,4586,flipkart,5 Days
office chair ergonomic,Boat office chair ergonomic Model 957,30490.0,2.9,4951,flipkart,5 Days
power bank fast charging,Philips power bank fast charging Model 713,33479.0,3.5,1868,croma,5 Days
power bank fast charging,Samsung power bank fast charging Model 126,26802.0,4.7,3626,reliance digital,Free Delivery
air fryer india,Philips air fryer India Model 632,23754.5,3.1,741,amazon,2 Days
men running shoes,Philips men running shoes Model 197,16859.0,2.9,3991,amazon,5 Days
men running shoes,Boat men running shoes Model 599,38659.0,4.1,3508,flipkart,5 Days
men running shoes,HP men running shoes Model 842,36141.0,4.4,523,croma,2 Days
office chair ergonomic,Dell office chair ergonomic Model 675,39908.0,3.7,1019,amazon,2 Days
microwave oven convection,Dell microwave oven convection Model 991,2702.0,4.1,1510,amazon,Free Delivery
office chair ergonomic,Dell office chair ergonomic Model 968,27549.0,3.7,1702,amazon,2 Days
office chair ergonomic,Philips office chair ergonomic Model 629,32891.0,3.7,2641,flipkart,Free Delivery
men running shoes,LG men running shoes Model 114,22136.0,2.7,2202,reliance digital,2 Days
microwave oven convection,HP microwave oven convection Model 573,31490.0,3.1,3081,amazon,2 Days
men running shoes,LG men running shoes Model 141,4134.0,3.5,2553,reliance digital,2 Days
men running shoes,LG men running shoes Model 731,48627.0,4.0,2347,reliance digital,2 Days
microwave oven convection,Sony microwave oven convection Model 676,41297.0,4.3,2957,croma,5 Days
men running shoes,Boat men running shoes Model 946,39259.0,3.6,3308,amazon,2 Days
men running shoes,Boat men running shoes Model 401,22136.0,4.4,3883,reliance digital,Free Delivery
men running shoes,Dell men running shoes Model 200,4014.0,3.4,3811,flipkart,2 Days
power bank fast charging,Samsung power bank fast charging Model 878,9900.0,3.4,3076,croma,5 Days
air fryer india,Nike air fryer India Model 258,7313.0,4.8,4820,amazon,5 Days
men running shoes,Dell men running shoes Model 244,23673.0,4.5,3927,croma,2 Days
men running shoes,HP men running shoes Model 771,21140.0,3.7,2215,amazon,5 Days
microwave oven convection,Boat microwave oven convection Model 219,19893.0,3.5,3165,amazon,5 Days
office chair ergonomic,Nike office chair ergonomic Model 852,0.0,2.6,2272,reliance digital,2 Days
microwave oven convection,Dell microwave oven convection Model 150,29474.0,2.5,3901,croma,2 Days
microwave oven convection,LG microwave oven convection Model 304,23499.0,2.6,4843,amazon,2 Days
air fryer india,Dell air fryer India Model 406,580.0,5.0,4288,reliance digital,Free Delivery
power bank fast charging,Samsung power bank fast charging Model 292,2027.0,5.0,939,amazon,5 Days
office chair ergonomic,LG office chair ergonomic Model 239,38994.0,3.0,2868,reliance digital,5 Days
office chair ergonomic,Philips office chair ergonomic Model 666,31575.0,5.0,1871,reliance digital,2 Days
microwave oven convection,HP microwave oven convection Model 268,3182.0,3.3,278,flipkart,Free Delivery
men running shoes,Philips men running shoes Model 842,33315.0,3.7,1768,amazon,Free Delivery
office chair ergonomic,Samsung office chair ergonomic Model 950,41261.0,4.0,808,flipkart,5 Days
power bank fast charging,HP power bank fast charging Model 514,23139.0,3.5,3129,amazon,2 Days
power bank fast charging,Boat power bank fast charging Model 872,41853.0,3.9,762,amazon,2 Days
microwave oven convection,Puma microwave oven convection Model 666,12418.0,3.5,4483,reliance digital,Free Delivery
air fryer india,Nike air fryer India Model 114,509.0,3.8,3324,reliance digital,2 Days
air fryer india,Dell air fryer India Model 326,21328.0,4.5,2894,amazon,2 Days
office chair ergonomic,Puma office chair ergonomic Model 149,48111.0,4.1,96,croma,Free Delivery
microwave oven convection,Nike microwave oven convection Model 989,33750.0,3.1,4457,reliance digital,Free Delivery
microwave oven convection,Puma microwave oven convection Model 243,7911.0,4.3,3020,reliance digital,2 Days
power bank fast charging,Boat power bank fast charging Model 254,4855.0,4.8,2336,reliance digital,Free Delivery
microwave oven convection,Philips microwave oven convection Model 132,73109.0,3.8,4460,croma,Free Delivery
office chair ergonomic,Dell office chair ergonomic Model 448,44077.0,5.0,4078,flipkart,Free Delivery
office chair ergonomic,Philips office chair ergonomic Model 849,5498.0,2.9,1932,amazon,Free Delivery
office chair ergonomic,Philips office chair ergonomic Model 137,10015.0,3.7,2426,flipkart,Free Delivery
power bank fast charging,Philips power bank fast charging Model 586,26802.0,2.9,1312,flipkart,5 Days
men running shoes,Puma men running shoes Model 575,24405.0,3.2,3131,reliance digital,Free Delivery
men running shoes,LG men running shoes Model 503,13904.0,3.7,3400,croma,2 Days
air fryer india,HP air fryer India Model 491,12698.0,3.8,3540,reliance digital,Free Delivery
men running shoes,Dell men running shoes Model 997,12597.0,4.2,3096,amazon,5 Days
microwave oven convection,LG microwave oven convection Model 638,4845.0,4.5,2320,croma,5 Days
men running shoes,Dell men running shoes Model 968,22136.0,3.1,1233,reliance digital,2 Days
power bank fast charging,Dell power bank fast charging Model 238,15091.0,4.1,1955,croma,Free Delivery
office chair ergonomic,LG office chair ergonomic Model 100,7656.0,4.7,778,croma,5 Days
air fryer india,Nike air fryer India Model 886,62267.38,4.7,745,flipkart,5 Days
air fryer india,LG air fryer India Model 521,3501.0,2.7,4874,flipkart,2 Days
office chair ergonomic,Samsung office chair ergonomic Model 134,2841.0,3.7,3132,croma,5 Days
men running shoes,Philips men running shoes Model 661,4516.0,4.6,1771,flipkart,2 Days
microwave oven convection,Puma microwave oven convection Model 387,27730.0,2.7,3521,croma,5 Days
air fryer india,Philips air fryer India Model 575,1010.0,3.3,2030,flipkart,2 Days
power bank fast charging,HP power bank fast charging Model 829,21387.0,3.4,3884,reliance digital,5 Days
microwave oven convection,Sony microwave oven convection Model 479,73109.0,4.3,594,reliance digital,Free Delivery
office chair ergonomic,HP office chair ergonomic Model 981,10915.0,3.5,2068,amazon,Free Delivery
power bank fast charging,HP power bank fast charging Model 839,37507.0,3.9,574,flipkart,2 Days
air fryer india,Boat air fryer India Model 227,31390.0,2.8,1021,flipkart,Free Delivery
power bank fast charging,HP power bank fast charging Model 322,22563.0,4.2,658,croma,Free Delivery
air fryer india,Samsung air fryer India Model 435,23754.5,3.8,1347,reliance digital,2 Days
microwave oven convection,Nike microwave oven convection Model 591,23074.0,4.1,4557,flipkart,2 Days
office chair ergonomic,Puma office chair ergonomic Model 795,32346.0,3.7,15,flipkart,5 Days
microwave oven convection,HP microwave oven convection Model 801,1014.0,4.8,556,flipkart,5 Days
microwave oven convection,Dell microwave oven convection Model 797,23503.0,3.8,3318,flipkart,5 Days
office chair ergonomic,Samsung office chair ergonomic Model 182,21133.0,2.9,2149,reliance digital,5 Days
air fryer india,Puma air fryer India Model 123,40736.0,4.9,4282,amazon,Free Delivery
air fryer india,Samsung air fryer India Model 923,20041.0,4.6,1686,reliance digital,Free Delivery
office chair ergonomic,Dell office chair ergonomic Model 771,27544.0,4.4,923,flipkart,5 Days
air fryer india,Samsung air fryer India Model 992,27560.0,4.8,982,flipkart,Free Delivery
office chair ergonomic,LG office chair ergonomic Model 452,44069.0,4.5,563,reliance digital,2 Days
men running shoes,Dell men running shoes Model 605,5013.0,3.7,511,flipkart,Free Delivery
power bank fast charging,Philips power bank fast charging Model 289,13988.0,3.7,694,croma,2 Days
men running shoes,Samsung men running shoes Model 544,10486.0,2.7,2100,reliance digital,5 Days
power bank fast charging,Samsung power bank fast charging Model 407,26802.0,3.0,384,reliance digital,5 Days
microwave oven convection,Sony microwave oven convection Model 712,23503.0,3.0,2924,croma,Free Delivery
air fryer india,Puma air fryer India Model 487,24376.0,2.7,2426,croma,2 Days
office chair ergonomic,Puma office chair ergonomic Model 894,16173.0,3.7,3831,reliance digital,5 Days
men running shoes,Dell men running shoes Model 708,21749.0,4.4,3471,croma,2 Days
air fryer india,Dell air fryer India Model 411,2793.0,4.1,804,flipkart,Free Delivery
air fryer india,Samsung air fryer India Model 307,28309.0,3.8,2822,reliance digital,5 Days
microwave oven convection,LG microwave oven convection Model 544,41392.0,4.9,4441,reliance digital,Free Delivery
men running shoes,Dell men running shoes Model 229,49252.0,2.5,612,croma,Free Delivery
power bank fast charging,HP power bank fast charging Model 954,18558.0,3.1,2253,flipkart,5 Days
men running shoes,Samsung men running shoes Model 521,15845.0,3.7,1366,reliance digital,5 Days
microwave oven convection,Nike microwave oven convection Model 578,42039.0,2.9,3804,reliance digital,5 Days
air fryer india,HP air fryer India Model 965,21550.0,3.8,3219,reliance digital,5 Days
air fryer india,Boat air fryer India Model 677,31799.0,4.5,1392,flipkart,2 Days
air fryer india,HP air fryer India Model 976,12662.0,3.8,1032,flipkart,5 Days
power bank fast charging,LG power bank fast charging Model 916,36164.0,4.2,582,croma,5 Days
air fryer india,Boat air fryer India Model 950,35032.0,3.9,2261,reliance digital,2 Days
men running shoes,LG men running shoes Model 509,61582.0,2.9,3271,amazon,Free Delivery
office chair ergonomic,Nike office chair ergonomic Model 411,11726.0,4.3,3164,croma,5 Days
office chair ergonomic,Boat office chair ergonomic Model 710,8682.0,4.5,3068,flipkart,Free Delivery
air fryer india,Samsung air fryer India Model 217,23754.5,4.2,4838,flipkart,5 Days
men running shoes,Boat men running shoes Model 728,22136.0,2.6,4871,croma,Free Delivery
men running shoes,Puma men running shoes Model 718,22136.0,2.7,3002,reliance digital,Free Delivery
office chair ergonomic,Philips office chair ergonomic Model 400,24626.0,4.6,3440,flipkart,5 Days
power bank fast charging,HP power bank fast charging Model 949,26802.0,3.6,4390,reliance digital,2 Days
men running shoes,LG men running shoes Model 951,32489.0,4.7,1071,croma,2 Days
microwave oven convection,LG microwave oven convection Model 223,16266.0,2.6,841,flipkart,2 Days
microwave oven convection,Sony microwave oven convection Model 208,3190.0,3.7,3485,reliance digital,Free Delivery
power bank fast charging,HP power bank fast charging Model 782,32123.0,2.6,4498,croma,Free Delivery
office chair ergonomic,Philips office chair ergonomic Model 947,11703.0,4.5,1804,flipkart,Free Delivery
microwave oven convection,Boat microwave oven convection Model 156,22013.0,4.8,2547,croma,2 Days
microwave oven convection,Samsung microwave oven convection Model 262,0.0,3.8,329,amazon,2 Days
air fryer india,Puma air fryer India Model 830,45999.0,3.3,2092,reliance digital,Free Delivery
microwave oven convection,Boat microwave oven convection Model 107,23503.0,3.4,4732,amazon,5 Days
office chair ergonomic,Nike office chair ergonomic Model 711,39769.0,4.9,1513,reliance digital,Free Delivery
air fryer india,Puma air fryer India Model 299,13953.0,3.8,762,flipkart,Free Delivery
air fryer india,Boat air fryer India Model 191,1312.0,4.3,3015,croma,Free Delivery
air fryer india,Puma air fryer India Model 989,62267.38,4.3,176,amazon,Free Delivery
men running shoes,Philips men running shoes Model 825,22136.0,3.9,2097,croma,2 Days
power bank fast charging,Puma power bank fast charging Model 759,26802.0,4.9,4497,reliance digital,5 Days
men running shoes,Philips men running shoes Model 691,22136.0,3.6,2998,amazon,Free Delivery
men running shoes,Puma men running shoes Model 682,31925.0,4.1,504,flipkart,5 Days
power bank fast charging,Puma power bank fast charging Model 955,25138.0,4.7,1783,amazon,2 Days
air fryer india,Dell air fryer India Model 426,25678.0,4.1,3123,flipkart,Free Delivery
office chair ergonomic,Puma office chair ergonomic Model 306,81108.5,2.6,293,flipkart,5 Days
office chair ergonomic,Philips office chair ergonomic Model 358,27382.0,4.2,2911,amazon,5 Days
power bank fast charging,Dell power bank fast charging Model 384,48358.0,2.9,3901,flipkart,2 Days
microwave oven convection,Dell microwave oven convection Model 261,29727.0,4.5,729,croma,2 Days
men running shoes,HP men running shoes Model 481,22136.0,3.4,2202,croma,2 Days
men running shoes,HP men running shoes Model 580,61582.0,4.0,3916,amazon,2 Days
power bank fast charging,Nike power bank fast charging Model 349,40721.0,3.6,2624,croma,Free Delivery
office chair ergonomic,Dell office chair ergonomic Model 197,5177.0,3.6,764,croma,Free Delivery
air fryer india,Sony air fryer India Model 541,36843.0,5.0,3896,reliance digital,Free Delivery
office chair ergonomic,Samsung office chair ergonomic Model 914,39692.0,2.5,3206,reliance digital,2 Days
air fryer india,LG air fryer India Model 715,62267.38,2.9,3483,reliance digital,Free Delivery
air fryer india,Philips air fryer India Model 213,23754.5,4.4,2655,amazon,2 Days
microwave oven convection,Samsung microwave oven convection Model 185,23503.0,3.2,4994,reliance digital,2 Days
microwave oven convection,Puma microwave oven convection Model 932,43698.0,4.6,933,croma,5 Days
office chair ergonomic,Sony office chair ergonomic Model 161,45347.0,4.5,1603,amazon,5 Days
microwave oven convection,LG microwave oven convection Model 410,22679.0,3.8,2444,reliance digital,Free Delivery
air fryer india,Dell air fryer India Model 866,23754.5,4.9,1352,reliance digital,Free Delivery
office chair ergonomic,LG office chair ergonomic Model 829,48662.0,4.2,771,amazon,2 Days
power bank fast charging,Nike power bank fast charging Model 179,27819.0,4.4,4685,croma,5 Days
air fryer india,LG air fryer India Model 766,14150.0,3.9,4540,flipkart,5 Days
air fryer india,LG air fryer India Model 734,12278.0,3.7,3022,flipkart,Free Delivery
men running shoes,Boat men running shoes Model 957,45374.0,4.5,4979,reliance digital,2 Days
office chair ergonomic,Nike office chair ergonomic Model 597,4149.0,3.6,2704,reliance digital,5 Days
office chair ergonomic,Sony office chair ergonomic Model 529,26090.0,4.7,2527,flipkart,2 Days
microwave oven convection,Nike microwave oven convection Model 978,12578.0,2.7,788,flipkart,2 Days
power bank fast charging,Samsung power bank fast charging Model 302,69744.0,3.3,1230,croma,Free Delivery
microwave oven convection,HP microwave oven convection Model 563,25389.0,3.8,1359,flipkart,Free Delivery
office chair ergonomic,Boat office chair ergonomic Model 391,3892.0,2.8,1107,reliance digital,Free Delivery
men running shoes,Puma men running shoes Model 181,14503.0,3.3,259,amazon,5 Days
office chair ergonomic,Nike office chair ergonomic Model 138,33684.0,4.1,4006,croma,5 Days
men running shoes,Boat men running shoes Model 131,4525.0,4.3,60,amazon,Free Delivery
air fryer india,Philips air fryer India Model 708,39908.0,3.6,3101,croma,2 Days
microwave oven convection,HP microwave oven convection Model 837,11861.0,4.4,1200,amazon,Free Delivery
air fryer india,Philips air fryer India Model 898,1480.0,4.4,4269,croma,Free Delivery
power bank fast charging,LG power bank fast charging Model 917,28909.0,4.2,589,reliance digital,2 Days
power bank fast charging,LG power bank fast charging Model 462,35863.0,2.6,3980,amazon,2 Days
air fryer india,LG air fryer India Model 363,10393.0,3.5,3600,croma,2 Days
power bank fast charging,Samsung power bank fast charging Model 274,40982.0,2.7,1415,flipkart,Free Delivery
office chair ergonomic,Samsung office chair ergonomic Model 666,4203.0,4.0,3908,croma,5 Days
men running shoes,LG men running shoes Model 798,14557.0,4.2,4101,flipkart,Free Delivery
men running shoes,HP men running shoes Model 164,25568.0,3.8,2404,croma,2 Days
air fryer india,HP air fryer India Model 122,3007.0,3.0,798,flipkart,Free Delivery
office chair ergonomic,LG office chair ergonomic Model 249,24626.0,4.5,4364,flipkart,5 Days
power bank fast charging,Nike power bank fast charging Model 647,21053.0,3.9,3385,amazon,2 Days
power bank fast charging,Nike power bank fast charging Model 586,42301.0,4.6,1978,flipkart,Free Delivery
power bank fast charging,HP power bank fast charging Model 169,12817.0,4.8,3939,flipkart,2 Days
air fryer india,LG air fryer India Model 148,42752.0,4.7,304,amazon,2 Days
office chair ergonomic,LG office chair ergonomic Model 379,44740.0,2.5,4236,reliance digital,2 Days
microwave oven convection,Philips microwave oven convection Model 925,26739.0,4.8,461,reliance digital,2 Days
power bank fast charging,Nike power bank fast charging Model 403,40193.0,4.9,4205,amazon,Free Delivery
office chair ergonomic,HP office chair ergonomic Model 389,12474.0,5.0,1626,amazon,5 Days
office chair ergonomic,Sony office chair ergonomic Model 476,49990.0,4.9,1424,croma,2 Days
office chair ergonomic,Philips office chair ergonomic Model 550,24626.0,4.6,2088,amazon,Free Delivery
men running shoes,LG men running shoes Model 597,6967.0,3.7,1700,reliance digital,2 Days
office chair ergonomic,Puma office chair ergonomic Model 150,3938.0,3.3,270,amazon,Free Delivery
office chair ergonomic,Boat office chair ergonomic Model 756,81108.5,3.7,665,amazon,2 Days
office chair ergonomic,Philips office chair ergonomic Model 378,34748.0,3.6,3627,flipkart,2 Days
microwave oven convection,Puma microwave oven convection Model 455,12233.0,2.6,129,flipkart,2 Days
office chair ergonomic,Samsung office chair ergonomic Model 472,81108.5,3.7,3938,amazon,2 Days
microwave oven convection,LG microwave oven convection Model 764,41983.0,4.7,1505,flipkart,2 Days
men running shoes,HP men running shoes Model 632,22136.0,3.5,1442,amazon,5 Days
power bank fast charging,Sony power bank fast charging Model 327,24058.0,4.6,251,croma,5 Days
microwave oven convection,Puma microwave oven convection Model 155,13333.0,5.0,14,reliance digital,5 Days
air fryer india,LG air fryer India Model 541,21052.0,2.8,3250,amazon,2 Days
men running shoes,Philips men running shoes Model 473,22136.0,4.2,3085,reliance digital,Free Delivery
power bank fast charging,Puma power bank fast charging Model 349,28673.0,4.0,1584,amazon,2 Days
air fryer india,Boat air fryer India Model 971,12775.0,4.0,2898,reliance digital,Free Delivery
office chair ergonomic,Samsung office chair ergonomic Model 195,1336.0,4.2,3413,flipkart,Free Delivery
office chair ergonomic,Boat office chair ergonomic Model 668,1919.0,2.9,1430,croma,2 Days
microwave oven convection,Dell microwave oven convection Model 232,49064.0,4.5,1963,croma,5 Days
office chair ergonomic,Samsung office chair ergonomic Model 196,45448.0,3.1,465,reliance digital,Free Delivery
men running shoes,Nike men running shoes Model 539,22398.0,2.7,685,flipkart,2 Days
microwave oven convection,Philips microwave oven convection Model 148,73109.0,3.8,4840,reliance digital,Free Delivery
office chair ergonomic,Samsung office chair ergonomic Model 959,11870.0,3.4,3887,flipkart,5 Days
office chair ergonomic,Samsung office chair ergonomic Model 750,24312.0,4.6,1105,amazon,2 Days
men running shoes,LG men running shoes Model 770,34889.0,3.4,51,amazon,5 Days
air fryer india,HP air fryer India Model 401,37436.0,3.8,2306,croma,5 Days
office chair ergonomic,Dell office chair ergonomic Model 783,10831.0,2.8,547,croma,2 Days
power bank fast charging,Dell power bank fast charging Model 326,12582.0,4.4,3935,amazon,5 Days
microwave oven convection,Puma microwave oven convection Model 288,49325.0,4.8,1563,amazon,Free Delivery
microwave oven convection,Dell microwave oven convection Model 714,26693.0,4.9,3601,croma,Free Delivery
men running shoes,Nike men running shoes Model 858,22136.0,3.7,2110,croma,5 Days
power bank fast charging,Philips power bank fast charging Model 829,26802.0,2.6,1456,croma,Free Delivery
men running shoes,Nike men running shoes Model 627,31099.0,3.8,3192,reliance digital,2 Days
air fryer india,LG air fryer India Model 297,48610.0,3.4,1148,reliance digital,5 Days
power bank fast charging,Puma power bank fast charging Model 354,69744.0,3.9,3870,flipkart,2 Days
men running shoes,Samsung men running shoes Model 646,31537.0,4.0,2188,flipkart,Free Delivery
office chair ergonomic,Philips office chair ergonomic Model 759,40305.0,3.9,4930,croma,2 Days
microwave oven convection,Samsung microwave oven convection Model 305,49682.0,4.2,4064,reliance digital,Free Delivery
men running shoes,Boat men running shoes Model 740,18123.0,4.5,1799,reliance digital,5 Days
power bank fast charging,Philips power bank fast charging Model 373,31026.0,4.5,2355,reliance digital,2 Days
power bank fast charging,Philips power bank fast charging Model 481,3252.0,4.4,4842,amazon,Free Delivery
power bank fast charging,HP power bank fast charging Model 232,6725.0,3.9,800,flipkart,Free Delivery
men running shoes,Puma men running shoes Model 151,22136.0,2.9,741,croma,Free Delivery
microwave oven convection,LG microwave oven convection Model 323,23503.0,3.8,1494,flipkart,Free Delivery
air fryer india,Dell air fryer India Model 476,19141.0,4.1,4829,amazon,Free Delivery
office chair ergonomic,Puma office chair ergonomic Model 823,0.0,3.4,937,amazon,Free Delivery
microwave oven convection,Boat microwave oven convection Model 294,14590.0,4.1,877,flipkart,5 Days
air fryer india,Dell air fryer India Model 696,23754.5,3.3,1208,flipkart,Free Delivery
office chair ergonomic,Nike office chair ergonomic Model 378,8156.0,4.8,1246,croma,5 Days
men running shoes,Samsung men running shoes Model 613,13410.0,2.9,1987,reliance digital,2 Days
microwave oven convection,Samsung microwave oven convection Model 714,23503.0,3.8,4602,flipkart,Free Delivery
men running shoes,Boat men running shoes Model 506,27212.0,3.1,797,croma,2 Days
men running shoes,Dell men running shoes Model 106,30345.0,4.7,1355,amazon,Free Delivery
air fryer india,HP air fryer India Model 726,40524.0,4.7,95,flipkart,Free Delivery
microwave oven convection,Nike microwave oven convection Model 140,2510.0,4.5,4517,croma,Free Delivery
men running shoes,Puma men running shoes Model 934,42736.0,3.8,500,amazon,5 Days
air fryer india,Boat air fryer India Model 433,30954.0,4.2,746,amazon,5 Days
power bank fast charging,Dell power bank fast charging Model 185,13896.0,3.9,963,reliance digital,5 Days
microwave oven convection,HP microwave oven convection Model 639,4261.0,2.7,2230,flipkart,5 Days
air fryer india,Nike air fryer India Model 536,8598.0,3.3,1641,croma,5 Days
men running shoes,Puma men running shoes Model 476,48783.0,2.7,3072,flipkart,Free Delivery
men running shoes,Sony men running shoes Model 393,8312.0,4.8,441,croma,Free Delivery
microwave oven convection,HP microwave oven convection Model 455,1099.0,2.6,2547,reliance digital,2 Days
men running shoes,Philips men running shoes Model 904,28926.0,3.2,4894,amazon,2 Days
office chair ergonomic,Puma office chair ergonomic Model 559,81108.5,4.1,1363,croma,Free Delivery
air fryer india,Boat air fryer India Model 881,44221.0,3.8,3337,flipkart,2 Days
power bank fast charging,Boat power bank fast charging Model 685,13683.0,4.5,2173,croma,2 Days
office chair ergonomic,Puma office chair ergonomic Model 296,12559.0,4.4,2806,reliance digital,Free Delivery
microwave oven convection,Puma microwave oven convection Model 195,12872.0,4.4,629,amazon,5 Days
microwave oven convection,Boat microwave oven convection Model 919,27029.0,4.6,4765,croma,5 Days
air fryer india,LG air fryer India Model 497,1734.0,4.9,1240,amazon,Free Delivery
men running shoes,Sony men running shoes Model 630,25956.0,3.7,3445,amazon,5 Days
microwave oven convection,Boat microwave oven convection Model 727,16473.0,3.8,4296,croma,Free Delivery
air fryer india,Dell air fryer India Model 238,8235.0,3.0,351,croma,5 Days
microwave oven convection,Philips microwave oven convection Model 652,26565.0,2.6,3497,amazon,2 Days
microwave oven convection,Samsung microwave oven convection Model 126,29631.0,3.6,531,amazon,2 Days
men running shoes,Philips men running shoes Model 411,25279.0,3.4,2261,amazon,5 Days
air fryer india,HP air fryer India Model 755,11309.0,3.6,4502,flipkart,2 Days
men running shoes,Samsung men running shoes Model 188,22136.0,3.6,4555,croma,5 Days
air fryer india,Dell air fryer India Model 243,18440.0,2.6,3171,amazon,Free Delivery
air fryer india,LG air fryer India Model 520,23754.5,3.3,1279,croma,2 Days
air fryer india,Samsung air fryer India Model 896,23754.5,3.2,2853,amazon,2 Days
office chair ergonomic,Boat office chair ergonomic Model 163,49391.0,4.0,1681,reliance digital,Free Delivery
men running shoes,Dell men running shoes Model 873,36201.0,3.7,600,flipkart,5 Days
power bank fast charging,LG power bank fast charging Model 346,17711.0,3.6,608,croma,2 Days
power bank fast charging,Samsung power bank fast charging Model 316,29321.0,3.8,2779,amazon,5 Days
microwave oven convection,Philips microwave oven convection Model 381,0.0,4.4,4638,croma,5 Days
microwave oven convection,LG microwave oven convection Model 152,5102.0,2.8,2118,reliance digital,5 Days
microwave oven convection,HP microwave oven convection Model 770,1253.0,3.6,1177,flipkart,5 Days
microwave oven convection,Puma microwave oven convection Model 996,42455.0,2.7,533,croma,2 Days
power bank fast charging,Boat power bank fast charging Model 927,5855.0,4.7,3908,croma,2 Days
men running shoes,LG men running shoes Model 260,7350.0,3.8,2107,amazon,Free Delivery
power bank fast charging,Nike power bank fast charging Model 112,26802.0,4.9,1869,reliance digital,Free Delivery
men running shoes,Samsung men running shoes Model 170,20645.0,3.7,679,reliance digital,Free Delivery
air fryer india,Puma air fryer India Model 311,38802.0,4.0,1316,amazon,5 Days
microwave oven convection,Dell microwave oven convection Model 924,1432.0,4.8,2003,croma,2 Days
office chair ergonomic,Sony office chair ergonomic Model 493,25335.0,3.5,252,croma,5 Days
air fryer india,Dell air fryer India Model 603,18674.0,3.8,4850,amazon,Free Delivery
microwave oven convection,LG microwave oven convection Model 741,12854.0,4.0,1502,croma,5 Days
office chair ergonomic,Puma office chair ergonomic Model 946,27326.0,4.4,3197,amazon,5 Days
office chair ergonomic,Sony office chair ergonomic Model 491,29394.0,3.0,485,flipkart,5 Days
air fryer india,LG air fryer India Model 268,18575.0,2.8,1910,croma,5 Days
power bank fast charging,Dell power bank fast charging Model 484,26802.0,3.0,1454,croma,2 Days
air fryer india,Dell air fryer India Model 521,28686.0,5.0,640,flipkart,Free Delivery
air fryer india,Samsung air fryer India Model 897,32149.0,3.9,1417,flipkart,Free Delivery
air fryer india,Samsung air fryer India Model 509,33415.0,3.7,418,croma,2 Days
office chair ergonomic,Puma office chair ergonomic Model 834,26972.0,4.4,3119,reliance digital,Free Delivery
office chair ergonomic,Sony office chair ergonomic Model 630,24626.0,4.9,3572,reliance digital,Free Delivery
air fryer india,Nike air fryer India Model 162,48988.0,4.1,4559,flipkart,5 Days
men running shoes,Nike men running shoes Model 454,22136.0,3.7,2249,reliance digital,Free Delivery
microwave oven convection,HP microwave oven convection Model 594,2169.0,3.8,3203,amazon,Free Delivery
power bank fast charging,HP power bank fast charging Model 834,26802.0,4.8,2734,reliance digital,Free Delivery
men running shoes,Boat men running shoes Model 987,22136.0,4.4,1199,amazon,Free Delivery
air fryer india,Puma air fryer India Model 209,62267.38,3.6,3271,amazon,Free Delivery
men running shoes,Boat men running shoes Model 581,22136.0,2.9,3362,amazon,2 Days
power bank fast charging,HP power bank fast charging Model 605,24658.0,4.1,2491,reliance digital,2 Days
air fryer india,Boat air fryer India Model 535,33365.0,3.6,1179,amazon,5 Days
men running shoes,Samsung men running shoes Model 931,22549.0,2.9,2761,flipkart,5 Days
power bank fast charging,HP power bank fast charging Model 250,38959.0,4.6,579,reliance digital,2 Days
microwave oven convection,Samsung microwave oven convection Model 788,28251.0,3.3,4604,amazon,Free Delivery
men running shoes,Boat men running shoes Model 420,26404.0,3.9,718,croma,Free Delivery
air fryer india,Dell air fryer India Model 323,34760.0,4.2,2520,croma,2 Days
microwave oven convection,Samsung microwave oven convection Model 354,16888.0,2.9,1267,reliance digital,5 Days
microwave oven convection,Philips microwave oven convection Model 565,28852.0,3.8,4195,flipkart,Free Delivery
power bank fast charging,Samsung power bank fast charging Model 596,26397.0,3.3,1033,reliance digital,Free Delivery
microwave oven convection,Nike microwave oven convection Model 845,46529.0,4.7,1118,flipkart,5 Days
air fryer india,Puma air fryer India Model 818,4964.0,4.1,732,flipkart,5 Days
air fryer india,Nike air fryer India Model 470,33735.0,2.7,1710,amazon,2 Days
men running shoes,LG men running shoes Model 990,22136.0,4.0,1413,croma,5 Days
men running shoes,Nike men running shoes Model 785,24799.0,3.4,246,flipkart,5 Days
office chair ergonomic,Philips office chair ergonomic Model 755,9463.0,3.7,3340,flipkart,Free Delivery
office chair ergonomic,Dell office chair ergonomic Model 884,7331.0,4.1,2179,reliance digital,Free Delivery
office chair ergonomic,Boat office chair ergonomic Model 172,28498.0,3.7,4784,reliance digital,Free Delivery
power bank fast charging,Sony power bank fast charging Model 154,33036.0,3.9,3288,reliance digital,Free Delivery
men running shoes,Boat men running shoes Model 762,18772.0,3.4,347,reliance digital,Free Delivery
power bank fast charging,Nike power bank fast charging Model 813,49195.0,4.1,2711,croma,Free Delivery
microwave oven convection,LG microwave oven convection Model 306,8035.0,4.7,4121,reliance digital,5 Days
power bank fast charging,Dell power bank fast charging Model 291,1087.0,2.6,1882,croma,5 Days
power bank fast charging,LG power bank fast charging Model 347,16861.0,4.4,1826,croma,2 Days
power bank fast charging,LG power bank fast charging Model 649,26039.0,4.1,248,flipkart,2 Days
office chair ergonomic,Nike office chair ergonomic Model 210,34006.0,4.6,2854,flipkart,Free Delivery
men running shoes,HP men running shoes Model 454,30364.0,3.7,660,amazon,5 Days
men running shoes,LG men running shoes Model 174,22136.0,3.7,4029,amazon,5 Days
air fryer india,Nike air fryer India Model 543,23754.5,3.8,4051,croma,5 Days
power bank fast charging,LG power bank fast charging Model 344,25192.0,3.9,1871,flipkart,Free Delivery
office chair ergonomic,Samsung office chair ergonomic Model 656,41403.0,2.8,135,amazon,Free Delivery
power bank fast charging,LG power bank fast charging Model 620,7596.0,2.5,3981,flipkart,2 Days
microwave oven convection,Nike microwave oven convection Model 724,43854.0,3.5,3729,croma,5 Days
men running shoes,Nike men running shoes Model 955,12436.0,2.8,4004,amazon,2 Days
power bank fast charging,Nike power bank fast charging Model 543,19052.0,4.2,3428,flipkart,5 Days
microwave oven convection,Philips microwave oven convection Model 269,47068.0,3.9,1802,reliance digital,Free Delivery
power bank fast charging,Dell power bank fast charging Model 653,46043.0,4.2,1541,flipkart,Free Delivery
air fryer india,Nike air fryer India Model 396,23754.5,2.6,2473,reliance digital,5 Days
office chair ergonomic,Nike office chair ergonomic Model 771,29337.0,3.6,1541,flipkart,Free Delivery
power bank fast charging,HP power bank fast charging Model 730,15938.0,3.3,3328,amazon,Free Delivery
microwave oven convection,LG microwave oven convection Model 878,23503.0,2.8,2854,amazon,5 Days
air fryer india,LG air fryer India Model 168,23754.5,2.7,2233,flipkart,Free Delivery
men running shoes,Philips men running shoes Model 376,22136.0,4.4,2555,flipkart,5 Days
office chair ergonomic,HP office chair ergonomic Model 674,41684.0,3.7,3074,croma,Free Delivery
air fryer india,Sony air fryer India Model 906,41305.0,3.9,3574,reliance digital,Free Delivery
office chair ergonomic,Samsung office chair ergonomic Model 398,31075.0,4.7,1146,amazon,Free Delivery
men running shoes,Dell men running shoes Model 652,30140.0,2.9,807,reliance digital,5 Days
power bank fast charging,Sony power bank fast charging Model 334,9499.0,4.9,4207,croma,Free Delivery
men running shoes,Philips men running shoes Model 277,31389.0,4.3,4321,croma,5 Days
office chair ergonomic,Philips office chair ergonomic Model 658,4438.0,3.7,40,amazon,5 Days
air fryer india,Dell air fryer India Model 580,17961.0,3.1,4995,flipkart,2 Days
office chair ergonomic,Dell office chair ergonomic Model 249,9264.0,3.3,609,reliance digital,Free Delivery
microwave oven convection,LG microwave oven convection Model 223,46052.0,4.5,2531,croma,Free Delivery
air fryer india,LG air fryer India Model 237,3117.0,3.7,748,croma,Free Delivery
air fryer india,LG air fryer India Model 520,28421.0,4.6,2786,reliance digital,5 Days
air fryer india,Dell air fryer India Model 376,48528.0,2.6,3673,flipkart,Free Delivery
microwave oven convection,Puma microwave oven convection Model 544,48582.0,3.1,3036,flipkart,5 Days
office chair ergonomic,HP office chair ergonomic Model 112,31474.0,3.0,4517,croma,Free Delivery
air fryer india,Nike air fryer India Model 635,23979.0,3.8,384,amazon,2 Days
office chair ergonomic,Philips office chair ergonomic Model 883,24626.0,3.4,3442,amazon,2 Days
office chair ergonomic,Boat office chair ergonomic Model 505,17335.0,4.9,2038,croma,Free Delivery
office chair ergonomic,Nike office chair ergonomic Model 457,6006.0,3.4,1498,flipkart,Free Delivery
air fryer india,Philips air fryer India Model 669,13652.0,2.7,2243,amazon,2 Days
men running shoes,HP men running shoes Model 974,13155.0,3.6,2057,flipkart,2 Days
microwave oven convection,Sony microwave oven convection Model 861,14160.0,5.0,1594,reliance digital,Free Delivery
office chair ergonomic,Boat office chair ergonomic Model 534,49386.0,4.1,916,croma,Free Delivery
power bank fast charging,Boat power bank fast charging Model 257,48691.0,4.8,539,croma,Free Delivery
office chair ergonomic,Sony office chair ergonomic Model 116,39770.0,4.2,617,reliance digital,2 Days
air fryer india,Sony air fryer India Model 725,22083.0,2.5,3667,flipkart,5 Days
men running shoes,LG men running shoes Model 265,31009.0,3.1,506,reliance digital,2 Days
microwave oven convection,Philips microwave oven convection Model 221,14840.0,4.3,3858,flipkart,Free Delivery
men running shoes,LG men running shoes Model 272,5766.0,3.2,973,reliance digital,5 Days
microwave oven convection,Puma microwave oven convection Model 738,41951.0,4.0,1460,flipkart,Free Delivery
office chair ergonomic,HP office chair ergonomic Model 205,81108.5,2.6,874,reliance digital,Free Delivery
office chair ergonomic,Samsung office chair ergonomic Model 229,20104.0,2.7,439,amazon,2 Days
office chair ergonomic,Philips office chair ergonomic Model 798,24626.0,3.6,1257,flipkart,5 Days
power bank fast charging,Nike power bank fast charging Model 172,25092.0,3.0,263,croma,2 Days
microwave oven convection,Boat microwave oven convection Model 156,73109.0,4.8,4501,croma,2 Days
air fryer india,Dell air fryer India Model 363,23754.5,4.0,641,flipkart,2 Days
air fryer india,Philips air fryer India Model 269,23754.5,3.6,2473,flipkart,5 Days
air fryer india,Dell air fryer India Model 243,62267.38,2.6,3171,amazon,Free Delivery
microwave oven convection,Boat microwave oven convection Model 458,31490.0,3.1,1093,amazon,5 Days
power bank fast charging,Dell power bank fast charging Model 484,40635.0,3.0,1454,croma,2 Days
office chair ergonomic,Philips office chair ergonomic Model 808,28743.0,5.0,3347,amazon,2 Days
air fryer india,HP air fryer India Model 947,26570.0,4.9,2473,croma,2 Days
men running shoes,Samsung men running shoes Model 785,22136.0,3.1,4026,reliance digital,5 Days
power bank fast charging,Philips power bank fast charging Model 136,11469.0,3.4,2456,reliance digital,Free Delivery
microwave oven convection,Sony microwave oven convection Model 852,47730.0,4.5,3005,croma,2 Days
power bank fast charging,Boat power bank fast charging Model 295,69744.0,3.9,2355,flipkart,Free Delivery
air fryer india,Nike air fryer India Model 162,62267.38,4.1,4559,flipkart,5 Days
men running shoes,HP men running shoes Model 129,0.0,4.5,3287,flipkart,5 Days
office chair ergonomic,HP office chair ergonomic Model 603,24626.0,3.7,3241,croma,2 Days
power bank fast charging,Boat power bank fast charging Model 237,26802.0,4.1,4794,reliance digital,Free Delivery
office chair ergonomic,Sony office chair ergonomic Model 116,81108.5,4.2,617,reliance digital,2 Days
air fryer india,Philips air fryer India Model 213,0.0,4.4,2655,amazon,2 Days
office chair ergonomic,Samsung office chair ergonomic Model 472,9857.0,3.7,3938,amazon,2 Days
power bank fast charging,Sony power bank fast charging Model 327,26802.0,4.6,251,croma,5 Days
office chair ergonomic,Philips office chair ergonomic Model 733,2022.0,3.7,4021,flipkart,2 Days
men running shoes,Sony men running shoes Model 584,22136.0,4.1,2202,croma,5 Days
office chair ergonomic,Puma office chair ergonomic Model 306,23833.0,2.6,293,flipkart,5 Days
microwave oven convection,Dell microwave oven convection Model 367,73109.0,3.6,434,amazon,Free Delivery
microwave oven convection,Puma microwave oven convection Model 195,73109.0,4.4,629,amazon,5 Days
office chair ergonomic,Philips office chair ergonomic Model 414,12081.0,3.2,2272,amazon,Free Delivery
power bank fast charging,Philips power bank fast charging Model 642,26802.0,4.6,2579,reliance digital,2 Days
men running shoes,Nike men running shoes Model 359,22136.0,3.9,4643,amazon,Free Delivery
office chair ergonomic,Philips office chair ergonomic Model 666,24626.0,5.0,1871,reliance digital,2 Days
office chair ergonomic,LG office chair ergonomic Model 829,48662.0,4.2,2272,amazon,2 Days
air fryer india,LG air fryer India Model 363,10393.0,3.5,2473,croma,2 Days
microwave oven convection,Philips microwave oven convection Model 322,23503.0,4.2,3643,croma,Free Delivery
